Unnamed: 0	id_anonimo	Resumo para a Prova Teórica 2 (PT2)	Unnamed: 29	Resumo para a Prova Teórica 1 (PT1)	Unnamed: 27	Boas vindas!!!	Unnamed: 3	Plano de ensino (unificado) - BCC701	Unnamed: 5	Cronograma detalhado	Unnamed: 7	Diário de classe	Unnamed: 9	Página da disciplina	Unnamed: 11	Agenda do Professor	Unnamed: 13	Atendimentos: Extraclase, Monitoria e Tutoria	Unnamed: 15	opCoders Judge (Corretor automático de exercícios práticos)	Unnamed: 17	Cálculo de notas para Exame Especial	Unnamed: 19	Escolha para o EXAME ESPECIAL	Unnamed: 21	Conteúdo teórico (livro texto)	Unnamed: 25	Apresentação da disciplina	Unnamed: 35	[1] Plano de ensino (13 min)	Unnamed: 37	[2] Critérios de avaliação (13 min) 	Unnamed: 39	[3] Ferramentas e recursos (17 min)	Unnamed: 41	[4] Dicas para um bom desempenho da disciplina (14 min)	Unnamed: 43	[Cap. 1] Introdução	Unnamed: 45	[1] Algoritmos (25 min)	Unnamed: 47	[2] Programas de computador (30 min)	Unnamed: 49	[QM-1] Questionário teórico do Capítulo 1 (prazo: 18/Mai às 23:59)	Unnamed: 51	[Cap. 2] Variáveis e expressões	Unnamed: 53	[1] Variáveis (30 min)	Unnamed: 55	[2] Expressões: Parte 1 - Operadores aritméticos (16 min)	Unnamed: 57	[3] Expressões: Parte 2 - Precedência e associatividade (12 min)	Unnamed: 59	[4] Expressões: Parte 3 - Exercício (com contra-exemplo) (6 min)	Unnamed: 61	[5] Expressões: Parte 4 - Funções elementares (20 min)	Unnamed: 63	[6] Expressões: Parte 5 - Valores constantes (4 min)	Unnamed: 65	[7] Expressões: Parte 6 - Exemplos de funções e constantes (15 min)	Unnamed: 67	[8] Expressões: Parte 7 - Exercício prático (10 min)	Unnamed: 69	[QM-2] Questionário teórico do Capítulo 2 (prazo: 25/Mai às 23:59)	Unnamed: 71	[Cap. 3] Entrada e saída	Unnamed: 73	[1] Introdução (3 min)	Unnamed: 75	[2] Entrada (23 min)	Unnamed: 77	[3] Saída (6 min)	Unnamed: 79	[4] Strings (37 min)	Unnamed: 81	[5] Exercícios práticos (27 min)	Unnamed: 83	[QM-3] Questionário teórico do Capítulo 3 (prazo: 28/Mai às 23:59)	Unnamed: 85	[AP-1.1] Ambiente de programação	Unnamed: 87	[AP-1.2] Conhecendo o corretor automático	Unnamed: 89	[AP-2_3.1] Variáveis, expressões, entrada e saída (aula)	Unnamed: 91	[AP-2_3.2] Variáveis, expressões, entrada e saída (semana)	Unnamed: 93	[Cap. 4] Estruturas de Decisão	Unnamed: 95	[1] Introdução e operadores relacionais (10 min)	Unnamed: 97	[2] Comando if (21 min)	Unnamed: 99	[3] A cláusula else (19 min)	Unnamed: 101	[QM-4] Questionário teórico do Capítulo 4 - até clausula else (prazo: 02/Jun às 23:59)	Unnamed: 103	[4] Operadores lógicos (20 min)	Unnamed: 105	[QM-5] Questionário teórico do Capítulo 4 - até decisões aninhadas (prazo: 02/Jun às 23:59)	Unnamed: 107	[5] Decisões aninhadas (26 min)	Unnamed: 109	[AP-4.1] Estruturas de Decisão Simples (aula)	Unnamed: 111	[AP-4.2] Estruturas de Decisão Simples (semana)	Unnamed: 113	[AP-4.3] Estruturas de Decisão Aninhadas (aula)	Unnamed: 115	[AP-4.4] Estruturas de Decisão Aninhadas (semana)	Unnamed: 117	[Cap. 5.1] Estrutura de Repetição: WHILE	Unnamed: 119	[1] Introdução (6 min)	Unnamed: 121	[2] Comando while (8 min)	Unnamed: 123	[3] Exercício 1 (20 min)	Unnamed: 125	[4] Exercício 2 (23 min)	Unnamed: 127	[5] Exercício 3 (26 min)	Unnamed: 129	[6] Exercício 4 (24 min)	Unnamed: 131	[7] Exercício 5 (15 min)	Unnamed: 133	[QM-6] Questionário teórico da Seção 5.1 (prazo: 08/Jun às 23:59)	Unnamed: 135	[AP-5.1] Estrutura de Repetição: WHILE (aula)	Unnamed: 137	[AP-5.2] Estrutura de Repetição: WHILE (semana)	Unnamed: 139	[Cap. 5.2] Estrutura de Repetição: FOR	Unnamed: 141	[1] Introdução (7 min)	Unnamed: 143	[2] Comando FOR (24 min)	Unnamed: 145	[3] Exercício 1 (18 min)	Unnamed: 147	[4] Exercício 2 (13 min)	Unnamed: 149	[5] Comparando WHILE e FOR (13 min)	Unnamed: 151	[6] Exercício 3 (22 min)	Unnamed: 153	[QM-7] Questionário teórico da Seção 5.2 (prazo: 15/Jun às 23:59)	Unnamed: 155	[AP-5.3] Estrutura de Repetição: FOR (aula)	Unnamed: 157	[AP-5.4] Estrutura de Repetição: FOR (semana)	Unnamed: 159	[Cap. 5.3] Estruturas de Repetição Aninhadas	Unnamed: 163	[1] Laços aninhados (10 min)	Unnamed: 165	[2] Exercício 1 (14 min)	Unnamed: 167	[3] Exercício 2 (16 min)	Unnamed: 169	[4] Exercício 3 (14 min)	Unnamed: 171	[5] Exercício 4 (20 min)	Unnamed: 173	[QM-8] Questionário teórico da Seção 5.3 (prazo: 22/jun às 23:59)	Unnamed: 175	[AP-5.5] Estruturas de Repetição Aninhadas (aula)	Unnamed: 179	[AP-5.6] Estruturas de Repetição Aninhadas (semana)	Unnamed: 181	[AP-S1] Simulado da Prova Teórica Unificada 1	Unnamed: 183	Prova Teórica Unificada 1 (PT1)	Unnamed: 185	Link para aulas online	Unnamed: 187	[Cap. 6] Implementação de Funções	Unnamed: 191	[2] Definição de funções (25 min)	Unnamed: 195	[3] Chamada de funções (29 min)	Unnamed: 197	[4] Escopo de variáveis (14 min)	Unnamed: 199	[6] Função sem retorno (10 min)	Unnamed: 203	[7] Retorno de vários valores (29 min)	Unnamed: 205	[QM-9] Questionário teórico do Capítulo 6 (prazo: 13/Jul às 23:59)	Unnamed: 207	[AP-6.1] Implementação de Funções (aula)	Unnamed: 209	[AP-6.2] Implementação de Funções (semana)	Unnamed: 211	[AP-6.3] Implementação de Funções (aula)	Unnamed: 213	[AP-6.4] Implementação de Funções (semana)	Unnamed: 215	Biblioteca padrão para Vetores e Matrizes	Unnamed: 217	[Cap. 7.1] Estruturas Homogêneas: VETOR	Unnamed: 219	[1] Conceito (14 min)	Unnamed: 221	[2.1] Sintaxe (2 min)	Unnamed: 223	[2.2] Criar vetores por atribuição (11 min)	Unnamed: 225	[2.3] Ler e modificar elementos (10 min)	Unnamed: 227	[2.4] Inserir elementos (4 min)	Unnamed: 229	[2.5] Remover elementos (5 min)	Unnamed: 231	[2.6] Descobrir a dimensão (5 min)	Unnamed: 233	[2.7] Percorrer elementos (15 min)	Unnamed: 235	[3] Exercício 1 (12 min)	Unnamed: 237	[4] Exercício 2 (32 min)	Unnamed: 239	[5] Exercício 3 (28 min)	Unnamed: 241	[6] Funções úteis (28 min)	Unnamed: 243	[7] Exercício 4 (27 min)	Unnamed: 245	[QM-10] Questionário teórico do Capítulo 7: VETOR (prazo: 03/Ago às 23:59)	Unnamed: 247	[AP-7.1] Estrutura Homogênea - VETOR (aula)	Unnamed: 249	[AP-7.2] Estrutura Homogênea - VETOR (semana)	Unnamed: 251	[AP-7.3] Estrutura Homogênea - VETOR (aula)	Unnamed: 253	[AP-7.4] Estrutura Homogênea - VETOR (semana)	Unnamed: 255	[Cap. 7.2] Estruturas Homogêneas: MATRIZ	Unnamed: 257	[1] Conceito (5 min)	Unnamed: 259	[2] Sintaxe e operações (25 min)	Unnamed: 261	[3] Exercício 1 (28 min)	Unnamed: 263	[4] Funções úteis (21 min)	Unnamed: 265	[5] Exercício 2 (34 min)	Unnamed: 267	[QM-11] Questionário teórico do Capítulo 7: MATRIZ (prazo: 10/Ago às 23:59)	Unnamed: 269	[AP-7.5] Estrutura Homogênea - MATRIZ (aula)	Unnamed: 271	[AP-7.6] Estrutura Homogênea - MATRIZ (semana)	Unnamed: 273	[AP-7.7] Estrutura Homogênea - MATRIZ (aula)	Unnamed: 275	[AP-7.8] Estrutura Homogênea - MATRIZ (semana)	Unnamed: 277	[AP-S2] Simulado da Prova Teórica Unificada 2	Unnamed: 279	Prova Teórica Unificada 2 (PT2)	Unnamed: 281	Procedimentos para aplicação da avaliação	Unnamed: 283	PT2 - Gabarito e Critérios de Correção	Unnamed: 285	[Cap. 8] Estruturas Heterogêneas: REGISTRO	Unnamed: 287	[1] Definição e sintaxe básica (23 min)	Unnamed: 289	[2] Vetores e matrizes de registros (11 min)	Unnamed: 291	[3] Registros como argumento ou retorno de função (8 min)	Unnamed: 293	[4] Exercício 1 (20 min)	Unnamed: 295	[QM-12] Questionário teórico do Capítulo 8: REGISTRO (prazo: 29/08 às 23:59)	Unnamed: 297	[AP-8] Estruturas Heterogêneas - REGISTRO	Unnamed: 299	Exames Especiais (EE)	Unnamed: 303
0	40f48c12ccc1e99f2dcf5c161862398a	Não concluído		Não concluído		Não concluído		Não concluído		Não concluído		Não concluído		Não concluído		Não concluído		Não concluído		Não concluído		Não concluído		Não concluído		Não concluído		Não concluído		Não concluído		Não concluído		Não concluído		Não concluído		Não concluído		Não concluído		Não concluído		Não concluído		Não concluído		Não concluído		Não concluído		Não concluído		Não concluído		Não concluído		Não concluído		Não concluído		Não concluído		Não concluído		Não concluído		Não concluído		Não concluído		Não concluído		Não concluído		Não concluído		Não concluído		Não concluído		Não concluído		Não concluído		Não concluído		Não concluído		Não concluído		Não concluído		Não concluído		Não concluído		Não concluído		Não concluído		Não concluído		Não concluído		Não concluído		Não concluído		Não concluído		Não concluído		Não concluído		Não concluído		Não concluído		Não concluído		Não concluído		Não concluído		Não concluído		Não concluído		Não concluído		Não concluído		Não concluído		Não concluído		Não concluído		Não concluído		Não concluído		Não concluído		Não concluído		Não concluído		Não concluído		Não concluído		Não concluído		Não concluído		Não concluído		Não concluído		Não concluído		Não concluído		Não concluído		Não concluído		Não concluído		Não concluído		Não concluído		Não concluído		Não concluído		Não concluído		Não concluído		Não concluído		Não concluído		Não concluído		Não concluído		Não concluído		Não concluído		Não concluído		Não concluído		Não concluído		Não concluído		Não concluído		Não concluído		Não concluído		Não concluído		Não concluído		Não concluído		Não concluído		Não concluído		Não concluído		Não concluído		Não concluído		Não concluído		Não concluído		Não concluído		Não concluído		Não concluído	2025-08-05 19:39:04	Não concluído		Não concluído		Não concluído		Não concluído		Não concluído		Não concluído		Não concluído		Não concluído		Não concluído		Não concluído		Não concluído		Não concluído		Não concluído		Não concluído		Não concluído		Não concluído		Não concluído		Não concluído		Não concluído		Não concluído		Não concluído		Não concluído		Não concluído		Não concluído		Não concluído	
2	644c4ab8304ed6fa67912dc53cd6c22e	Não concluído		Não concluído		Não concluído		Não concluído		Não concluído		Não concluído		Não concluído		Não concluído		Não concluído		Não concluído		Não concluído		Não concluído		Não concluído		Não concluído		Não concluído		Não concluído		Não concluído		Não concluído		Não concluído		Não concluído		Não concluído		Não concluído		Não concluído		Não concluído		Não concluído		Não concluído		Não concluído		Não concluído		Não concluído		Não concluído		Não concluído		Não concluído		Não concluído		Não concluído		Não concluído		Não concluído		Não concluído		Não concluído		Não concluído		Não concluído		Não concluído		Não concluído		Não concluído		Não concluído		Não concluído		Não concluído		Não concluído		Não concluído		Não concluído		Não concluído		Não concluído		Não concluído		Não concluído		Não concluído		Não concluído		Não concluído		Não concluído		Não concluído		Não concluído		Não concluído		Não concluído		Não concluído		Não concluído		Não concluído		Não concluído		Não concluído		Não concluído		Não concluído		Não concluído		Não concluído		Não concluído		Não concluído		Não concluído		Não concluído		Não concluído		Não concluído		Não concluído		Não concluído		Não concluído		Não concluído		Não concluído		Não concluído		Não concluído		Não concluído		Não concluído		Concluído	2025-06-24 19:26:55	Não concluído		Não concluído		Não concluído		Não concluído		Não concluído		Não concluído		Não concluído		Não concluído		Não concluído		Não concluído		Não concluído		Não concluído		Não concluído		Não concluído		Não concluído		Não concluído		Não concluído		Não concluído		Não concluído		Não concluído		Não concluído		Não concluído		Não concluído		Não concluído		Não concluído		Não concluído		Não concluído		Não concluído		Não concluído		Não concluído		Não concluído		Não concluído		Não concluído		Não concluído		Não concluído		Não concluído		Não concluído		Não concluído		Não concluído		Não concluído		Não concluído		Não concluído		Não concluído		Não concluído		Não concluído		Não concluído		Não concluído		Não concluído		Não concluído		Não concluído		Não concluído		Não concluído		Não concluído		Não concluído		Não concluído		Não concluído	
3	67d66fdcb3aa137cc0cc15a62f6869c6	Não concluído		Não concluído		Não concluído		Não concluído		Concluído	2025-06-21 18:37:47	Não concluído		Não concluído		Não concluído		Não concluído		Não concluído		Não concluído		Não concluído		Não concluído		Não concluído		Não concluído		Não concluído		Não concluído		Não concluído		Não concluído		Não concluído		Não concluído		Concluído	2025-05-18 23:47:33	Não concluído		Não concluído		Não concluído		Não concluído		Não concluído		Não concluído		Não concluído		Não concluído		Não concluído		Concluído	2025-05-25 10:18:49	Não concluído		Não concluído		Não concluído		Não concluído		Não concluído		Não concluído		Concluído	2025-05-25 10:25:26	Não concluído		Não concluído		Não concluído		Não concluído		Não concluído		Não concluído		Não concluído		Não concluído		Não concluído	2025-06-02 21:48:05	Não concluído		Não concluído		Não concluído		Não concluído		Não concluído		Não concluído		Não concluído		Não concluído		Não concluído		Não concluído		Não concluído		Não concluído		Não concluído		Não concluído		Não concluído		Concluído	2025-06-08 23:56:11	Não concluído		Não concluído		Não concluído		Não concluído		Não concluído		Não concluído		Não concluído		Não concluído		Não concluído		Não concluído		Não concluído		Não concluído		Não concluído		Não concluído		Não concluído		Não concluído		Não concluído		Não concluído		Não concluído		Não concluído		Não concluído		Não concluído		Não concluído		Não concluído		Não concluído		Não concluído		Não concluído		Não concluído		Não concluído		Não concluído		Não concluído		Não concluído		Não concluído		Não concluído		Não concluído		Não concluído		Não concluído		Não concluído		Não concluído		Não concluído		Não concluído		Não concluído		Não concluído		Não concluído		Não concluído		Não concluído		Não concluído		Não concluído		Não concluído		Não concluído		Não concluído		Não concluído		Não concluído		Não concluído		Não concluído		Não concluído		Não concluído		Não concluído		Não concluído		Não concluído		Não concluído		Não concluído		Não concluído		Não concluído		Não concluído		Não concluído		Não concluído		Não concluído		Não concluído		Não concluído		Não concluído		Não concluído		Não concluído		Não concluído		Não concluído		Não concluído		Não concluído		Não concluído	
4	a3b17ff48c7151e1b51e25c97eead580	Não concluído		Não concluído		Não concluído		Não concluído		Não concluído		Não concluído		Não concluído		Não concluído		Não concluído		Não concluído		Não concluído		Não concluído		Não concluído		Não concluído		Não concluído		Não concluído		Não concluído		Não concluído		Não concluído		Não concluído		Não concluído		Não concluído		Não concluído		Não concluído		Não concluído		Não concluído		Não concluído		Não concluído		Não concluído		Não concluído		Não concluído		Não concluído		Não concluído		Não concluído		Não concluído		Não concluído		Não concluído		Não concluído		Não concluído		Não concluído		Não concluído		Não concluído		Não concluído		Não concluído		Não concluído		Não concluído		Não concluído		Não concluído		Não concluído		Não concluído		Não concluído		Não concluído		Não concluído		Não concluído		Não concluído		Não concluído		Não concluído		Não concluído		Não concluído		Não concluído		Não concluído		Não concluído		Não concluído		Não concluído		Não concluído		Não concluído		Não concluído		Não concluído		Não concluído		Não concluído		Não concluído		Não concluído		Não concluído		Não concluído		Não concluído		Não concluído		Não concluído		Não concluído		Não concluído		Não concluído		Não concluído		Não concluído		Não concluído		Não concluído		Não concluído		Não concluído		Não concluído		Não concluído		Não concluído		Não concluído		Não concluído		Não concluído		Não concluído		Não concluído		Não concluído		Não concluído		Não concluído		Não concluído		Não concluído		Não concluído		Não concluído		Não concluído		Não concluído		Não concluído		Não concluído		Não concluído		Não concluído		Não concluído		Não concluído		Não concluído		Não concluído		Não concluído		Não concluído		Não concluído		Não concluído		Não concluído		Não concluído		Não concluído		Não concluído		Não concluído		Não concluído		Não concluído		Não concluído		Não concluído		Não concluído		Não concluído		Não concluído		Não concluído		Não concluído		Não concluído		Não concluído		Não concluído		Não concluído		Não concluído		Não concluído		Não concluído		Não concluído		Não concluído		Não concluído		Não concluído		Não concluído		Não concluído	
5	705386b1905a0ce07019ff5e17d090d0	Não concluído		Não concluído		Não concluído		Não concluído		Não concluído		Não concluído		Não concluído		Não concluído		Não concluído	2025-08-28 21:06:02	Não concluído		Não concluído		Não concluído		Não concluído		Não concluído		Não concluído		Não concluído		Não concluído		Não concluído		Não concluído		Não concluído		Não concluído		Não concluído		Não concluído		Não concluído		Não concluído		Não concluído		Não concluído		Não concluído		Não concluído		Não concluído		Não concluído		Não concluído		Não concluído		Não concluído		Não concluído		Não concluído		Não concluído		Não concluído		Não concluído		Não concluído		Não concluído		Não concluído		Não concluído		Não concluído		Não concluído		Não concluído		Não concluído		Não concluído		Não concluído		Não concluído		Não concluído		Não concluído		Não concluído		Não concluído		Não concluído		Não concluído		Não concluído		Não concluído		Não concluído		Não concluído		Não concluído		Não concluído		Não concluído		Não concluído		Não concluído		Não concluído		Não concluído		Não concluído		Não concluído		Não concluído		Não concluído		Não concluído		Não concluído		Não concluído		Não concluído		Não concluído		Não concluído		Não concluído		Não concluído		Não concluído		Não concluído		Não concluído		Não concluído		Não concluído	2025-06-17 20:00:29	Não concluído		Não concluído		Não concluído		Não concluído		Não concluído		Não concluído		Não concluído		Não concluído		Não concluído		Não concluído		Não concluído		Não concluído		Não concluído		Não concluído		Não concluído		Não concluído		Não concluído		Não concluído		Não concluído		Não concluído		Não concluído		Não concluído		Não concluído		Não concluído		Não concluído		Não concluído		Não concluído		Não concluído		Não concluído		Não concluído		Não concluído		Não concluído		Não concluído		Não concluído		Não concluído		Não concluído		Não concluído		Não concluído		Não concluído		Não concluído		Não concluído		Não concluído		Não concluído		Não concluído		Não concluído		Não concluído		Não concluído		Não concluído		Não concluído		Não concluído		Não concluído		Não concluído		Não concluído		Não concluído		Não concluído		Não concluído		Não concluído		Não concluído	
6	58ac05489b57b8582de3558a9d9c78be	Não concluído		Não concluído		Não concluído		Não concluído		Não concluído		Não concluído		Não concluído		Não concluído		Não concluído		Não concluído		Não concluído		Não concluído		Não concluído		Não concluído		Não concluído		Não concluído		Não concluído		Não concluído		Não concluído		Não concluído		Não concluído		Não concluído		Não concluído		Não concluído		Não concluído		Não concluído		Não concluído		Não concluído		Não concluído		Não concluído		Não concluído		Não concluído		Não concluído		Não concluído		Não concluído		Não concluído		Não concluído		Não concluído		Não concluído		Não concluído		Não concluído		Não concluído		Não concluído		Não concluído		Não concluído		Não concluído		Não concluído		Não concluído		Não concluído		Não concluído		Não concluído		Não concluído		Não concluído		Não concluído		Não concluído		Não concluído		Não concluído		Não concluído		Não concluído		Não concluído		Não concluído		Não concluído		Não concluído		Não concluído		Não concluído		Não concluído		Não concluído		Não concluído		Não concluído		Não concluído		Não concluído		Não concluído		Não concluído		Não concluído		Não concluído		Não concluído		Não concluído		Não concluído		Não concluído		Não concluído		Não concluído		Não concluído		Não concluído		Não concluído		Não concluído		Não concluído		Não concluído		Não concluído		Não concluído		Não concluído		Não concluído		Não concluído		Não concluído		Não concluído		Não concluído		Não concluído		Não concluído		Não concluído		Não concluído		Não concluído		Não concluído		Não concluído		Não concluído		Não concluído		Não concluído		Não concluído		Não concluído		Não concluído		Não concluído		Não concluído		Não concluído		Não concluído		Não concluído		Não concluído		Não concluído		Não concluído		Não concluído		Não concluído		Não concluído		Não concluído		Não concluído		Não concluído		Não concluído		Não concluído		Não concluído		Não concluído		Não concluído		Não concluído		Não concluído		Não concluído		Não concluído		Não concluído		Não concluído		Não concluído		Não concluído		Não concluído		Não concluído		Não concluído		Não concluído		Não concluído		Não concluído		Não concluído	
7	3e391cf3a8f00cd109b8177a31a31df7	Não concluído		Não concluído		Não concluído		Não concluído		Não concluído		Não concluído		Não concluído		Não concluído		Não concluído		Não concluído		Não concluído		Não concluído		Não concluído		Não concluído		Não concluído		Não concluído		Não concluído		Não concluído		Não concluído		Não concluído		Não concluído		Não concluído		Não concluído		Não concluído		Não concluído		Não concluído		Não concluído		Não concluído		Não concluído		Não concluído		Não concluído		Não concluído		Não concluído		Não concluído		Não concluído		Não concluído		Não concluído		Não concluído		Não concluído		Não concluído		Não concluído		Não concluído		Não concluído		Não concluído		Não concluído		Não concluído		Não concluído		Não concluído		Não concluído		Não concluído		Não concluído		Não concluído		Não concluído		Não concluído		Não concluído		Não concluído		Não concluído		Não concluído		Não concluído		Não concluído		Não concluído		Não concluído		Não concluído		Não concluído		Não concluído		Não concluído		Não concluído		Não concluído		Não concluído		Não concluído		Não concluído		Não concluído		Não concluído		Não concluído		Não concluído		Não concluído		Não concluído		Não concluído		Não concluído		Não concluído		Não concluído		Não concluído		Não concluído		Não concluído		Não concluído		Não concluído		Não concluído		Não concluído		Não concluído		Não concluído		Não concluído		Não concluído		Não concluído		Não concluído		Não concluído		Não concluído		Não concluído		Não concluído		Não concluído		Não concluído		Não concluído		Não concluído		Não concluído		Não concluído		Não concluído		Não concluído		Não concluído		Não concluído		Não concluído		Não concluído		Não concluído		Não concluído		Não concluído		Não concluído		Não concluído		Não concluído		Não concluído		Não concluído		Não concluído		Não concluído		Não concluído		Não concluído		Não concluído		Não concluído		Não concluído		Não concluído		Não concluído		Não concluído		Não concluído		Não concluído		Não concluído		Não concluído		Não concluído		Não concluído		Não concluído		Não concluído		Não concluído		Não concluído		Não concluído		Não concluído		Não concluído		Não concluído	
8	ddba49b1de6c3583714d3417e395e8a1	Concluído	2025-05-15 12:54:15	Concluído	2025-05-15 12:54:08	Concluído	2025-06-21 16:25:38	Concluído	2025-05-15 12:50:39	Concluído	2025-05-15 12:50:40	Concluído	2025-05-15 12:50:42	Concluído	2025-05-15 12:51:33	Concluído	2025-05-15 12:51:46	Concluído	2025-05-15 12:51:52	Concluído	2025-05-15 12:52:02	Não concluído		Não concluído		Concluído	2025-05-15 12:52:32	Concluído	2025-05-15 12:56:25	Concluído	2025-05-15 12:57:14	Concluído	2025-05-15 12:57:24	Concluído	2025-05-15 12:57:26	Concluído	2025-05-15 12:57:43	Concluído	2025-05-15 13:24:24	Concluído	2025-05-15 13:34:13	Concluído	2025-05-15 13:34:35	Concluído	2025-05-15 13:41:29	Concluído	2025-05-15 13:46:27	Concluído	2025-05-15 13:46:46	Concluído	2025-05-15 13:46:48	Concluído	2025-05-15 13:46:51	Concluído	2025-05-15 13:50:38	Concluído	2025-05-15 13:50:49	Concluído	2025-05-15 13:50:59	Concluído	2025-05-15 13:51:30	Concluído	2025-05-15 13:52:11	Concluído	2025-05-25 12:09:18	Concluído	2025-05-25 12:09:56	Concluído	2025-05-25 12:09:22	Concluído	2025-05-25 12:09:22	Concluído	2025-05-25 12:09:23	Concluído	2025-05-25 12:09:24	Concluído	2025-05-25 12:10:05	Concluído	2025-05-28 09:58:50	Concluído	2025-05-15 13:52:38	Concluído	2025-05-25 12:09:59	Concluído	2025-05-25 12:10:00	Concluído	2025-05-25 12:10:01	Concluído	2025-05-30 23:53:07	Concluído	2025-05-30 23:53:08	Concluído	2025-05-30 23:53:08	Concluído	2025-05-30 23:53:10	Concluído	2025-05-31 00:03:11	Concluído	2025-05-30 23:53:13	Concluído	2025-05-31 00:03:12	Concluído	2025-05-30 23:53:15	Concluído	2025-05-31 00:03:12	Concluído	2025-05-31 00:03:13	Concluído	2025-05-31 00:03:14	Concluído	2025-05-31 00:03:14	Concluído	2025-06-06 23:05:54	Concluído	2025-06-06 23:05:55	Concluído	2025-06-06 23:05:56	Concluído	2025-06-06 23:05:58	Concluído	2025-06-06 23:05:58	Concluído	2025-06-06 23:05:59	Concluído	2025-06-06 23:06:00	Concluído	2025-06-06 23:06:01	Concluído	2025-06-06 23:17:55	Concluído	2025-06-06 23:06:02	Concluído	2025-06-06 23:06:03	Concluído	2025-06-06 23:06:04	Concluído	2025-06-06 23:06:05	Concluído	2025-06-06 23:06:05	Concluído	2025-06-06 23:06:06	Concluído	2025-06-06 23:06:06	Concluído	2025-06-06 23:06:07	Concluído	2025-06-06 23:06:08	Concluído	2025-06-14 21:58:57	Concluído	2025-06-14 21:59:00	Concluído	2025-06-14 21:59:01	Concluído	2025-06-20 14:28:54	Concluído	2025-06-20 14:28:55	Concluído	2025-06-20 14:28:56	Concluído	2025-06-20 14:28:56	Concluído	2025-06-20 14:28:57	Concluído	2025-06-20 14:28:57	Concluído	2025-06-20 14:50:25	Concluído	2025-06-20 19:58:28	Concluído	2025-06-20 19:58:57	Concluído	2025-06-20 19:58:59	Concluído	2025-06-28 08:23:30	Não concluído		Concluído	2025-07-06 11:52:22	Concluído	2025-07-06 11:52:23	Concluído	2025-07-06 11:52:24	Concluído	2025-07-06 11:52:25	Concluído	2025-07-06 11:52:27	Concluído	2025-07-06 11:52:28	Concluído	2025-07-13 20:35:27	Concluído	2025-07-13 20:35:28	Concluído	2025-07-13 20:35:30	Concluído	2025-07-13 20:35:30	Concluído	2025-07-13 20:35:31	Concluído	2025-08-10 21:10:10	Concluído	2025-08-10 21:10:11	Concluído	2025-08-10 21:10:11	Concluído	2025-08-10 21:10:12	Concluído	2025-08-10 21:10:13	Concluído	2025-08-10 21:10:15	Concluído	2025-08-10 21:10:14	Concluído	2025-08-10 21:10:15	Concluído	2025-08-10 21:10:16	Concluído	2025-08-10 21:10:19	Concluído	2025-08-10 21:10:17	Concluído	2025-08-10 21:10:17	Concluído	2025-08-10 21:10:23	Concluído	2025-08-10 21:10:22	Concluído	2025-08-10 21:10:23	Concluído	2025-08-10 21:10:21	Concluído	2025-08-10 21:10:25	Concluído	2025-08-10 21:10:26	Concluído	2025-08-10 21:10:27	Concluído	2025-08-10 21:10:27	Concluído	2025-08-10 21:10:29	Concluído	2025-08-10 21:10:30	Concluído	2025-08-10 21:10:30	Concluído	2025-08-10 21:10:31	Concluído	2025-08-10 21:10:31	Concluído	2025-08-10 21:10:32	Concluído	2025-08-10 21:10:36	Concluído	2025-08-10 21:10:37	Concluído	2025-08-10 21:10:37	Concluído	2025-08-10 21:10:38	Concluído	2025-08-10 21:10:38	Não concluído		Não concluído		Não concluído		Não concluído		Concluído	2025-08-24 13:47:05	Concluído	2025-08-24 13:47:05	Concluído	2025-08-24 13:47:06	Concluído	2025-08-24 13:47:07	Concluído	2025-08-24 13:47:07	Concluído	2025-08-24 13:47:08	Não concluído		Não concluído	
9	352016a1587ab196bf089bf717527769	Não concluído		Concluído	2025-05-29 10:08:12	Concluído	2025-05-26 07:44:37	Concluído	2025-05-26 07:45:58	Não concluído		Não concluído	2025-05-26 07:46:15	Concluído	2025-05-26 07:46:16	Não concluído		Concluído	2025-07-16 01:39:01	Concluído	2025-07-16 01:38:59	Não concluído		Não concluído		Concluído	2025-07-16 01:39:14	Concluído	2025-05-26 08:00:12	Concluído	2025-05-26 08:00:14	Concluído	2025-05-26 08:00:15	Concluído	2025-05-26 08:00:11	Concluído	2025-05-26 08:00:10	Concluído	2025-05-26 08:00:02	Concluído	2025-05-26 08:00:07	Concluído	2025-05-26 08:00:06	Concluído	2025-05-26 08:00:05	Concluído	2025-05-26 08:00:20	Concluído	2025-05-15 10:08:52	Concluído	2025-05-15 10:08:50	Concluído	2025-05-15 10:08:54	Concluído	2025-05-15 10:08:55	Concluído	2025-05-15 10:08:59	Concluído	2025-05-15 10:09:01	Concluído	2025-05-15 10:09:02	Concluído	2025-05-26 08:00:23	Não concluído		Concluído	2025-05-26 07:59:45	Concluído	2025-05-26 07:59:43	Concluído	2025-05-26 07:59:42	Concluído	2025-05-26 07:59:41	Concluído	2025-05-26 07:59:40	Concluído	2025-05-26 07:59:38	Concluído	2025-05-26 07:59:37	Concluído	2025-05-26 07:47:56	Concluído	2025-05-26 07:47:54	Concluído	2025-05-26 07:47:53	Concluído	2025-05-26 07:47:52	Concluído	2025-05-29 10:31:07	Não concluído		Não concluído		Não concluído		Concluído	2025-05-29 10:31:12	Não concluído		Concluído	2025-06-02 18:06:24	Não concluído		Não concluído		Não concluído		Não concluído		Não concluído		Não concluído	2025-06-27 14:25:58	Concluído	2025-06-27 14:25:56	Concluído	2025-06-27 16:29:42	Concluído	2025-06-27 23:29:33	Concluído	2025-06-28 00:21:42	Não concluído		Não concluído		Não concluído		Concluído	2025-06-08 13:21:23	Não concluído		Não concluído		Não concluído		Concluído	2025-06-28 02:08:52	Concluído	2025-06-28 03:55:12	Concluído	2025-06-28 04:25:29	Não concluído		Não concluído		Não concluído		Concluído	2025-07-16 01:39:58	Não concluído		Não concluído		Não concluído		Não concluído		Não concluído		Não concluído		Não concluído		Não concluído		Não concluído		Não concluído		Não concluído		Não concluído		Não concluído		Não concluído		Não concluído		Não concluído		Não concluído		Não concluído		Não concluído		Não concluído		Concluído	2025-07-12 00:33:00	Não concluído		Não concluído		Não concluído		Não concluído		Não concluído		Não concluído		Concluído	2025-07-15 21:52:26	Concluído	2025-07-15 21:54:30	Concluído	2025-07-15 22:14:11	Concluído	2025-07-15 22:25:42	Concluído	2025-07-15 22:30:52	Concluído	2025-07-15 22:36:15	Concluído	2025-07-16 00:22:41	Concluído	2025-07-16 00:44:25	Não concluído		Não concluído		Não concluído		Concluído	2025-07-16 01:38:46	Não concluído		Concluído	2025-07-16 01:40:35	Não concluído	2025-07-16 01:41:09	Não concluído		Não concluído		Não concluído		Não concluído		Concluído	2025-08-05 22:36:18	Concluído	2025-08-05 23:03:35	Não concluído		Não concluído		Não concluído		Não concluído		Não concluído		Não concluído		Não concluído		Não concluído		Não concluído		Não concluído		Não concluído		Não concluído		Não concluído		Não concluído		Não concluído		Não concluído		Não concluído		Não concluído		Não concluído		Não concluído	
10	8461969545d08695ecbf15ef96fb1eb4	Não concluído		Não concluído		Não concluído		Não concluído		Não concluído		Não concluído		Não concluído		Não concluído		Não concluído		Não concluído		Não concluído		Não concluído		Não concluído		Não concluído		Não concluído		Não concluído		Concluído	2025-05-25 19:54:17	Não concluído		Não concluído		Não concluído		Não concluído		Não concluído		Não concluído		Não concluído		Não concluído		Não concluído		Não concluído		Não concluído		Não concluído		Não concluído		Não concluído		Não concluído		Não concluído		Não concluído		Não concluído		Não concluído		Não concluído		Não concluído		Não concluído		Não concluído		Não concluído		Não concluído		Não concluído		Não concluído		Não concluído		Não concluído		Não concluído		Não concluído		Não concluído		Não concluído		Não concluído		Não concluído		Não concluído		Não concluído		Não concluído		Não concluído		Não concluído		Não concluído		Não concluído		Não concluído		Não concluído		Não concluído		Não concluído		Não concluído		Não concluído		Não concluído		Não concluído		Não concluído		Não concluído		Não concluído		Não concluído		Não concluído		Não concluído		Não concluído		Não concluído		Não concluído		Não concluído		Não concluído		Não concluído		Não concluído		Não concluído		Não concluído		Não concluído		Não concluído		Não concluído		Concluído	2025-06-30 14:17:51	Não concluído		Não concluído		Não concluído		Não concluído		Não concluído		Não concluído		Não concluído		Não concluído		Não concluído		Não concluído		Não concluído		Não concluído		Não concluído		Não concluído		Não concluído		Não concluído		Não concluído		Não concluído		Não concluído		Não concluído		Não concluído		Não concluído		Não concluído		Não concluído		Não concluído		Não concluído		Não concluído		Não concluído		Não concluído		Não concluído		Não concluído		Não concluído		Não concluído		Não concluído		Não concluído		Não concluído		Não concluído		Não concluído		Não concluído		Não concluído		Não concluído		Não concluído		Não concluído		Não concluído		Não concluído		Não concluído		Não concluído		Não concluído		Não concluído		Não concluído		Não concluído		Não concluído		Não concluído		Não concluído		Não concluído		Não concluído	
11	fba277ccbe85f93d5968a06ef45c94a2	Não concluído		Não concluído		Não concluído		Não concluído		Não concluído		Não concluído		Não concluído		Não concluído		Não concluído		Não concluído		Não concluído		Não concluído		Não concluído		Não concluído		Não concluído		Não concluído		Não concluído		Não concluído		Não concluído		Não concluído		Não concluído		Não concluído		Não concluído		Não concluído		Não concluído		Não concluído		Não concluído		Não concluído		Não concluído		Não concluído		Não concluído		Não concluído		Não concluído		Não concluído		Não concluído		Não concluído		Não concluído		Não concluído		Não concluído		Não concluído		Não concluído		Não concluído		Não concluído		Não concluído		Não concluído		Não concluído		Não concluído		Não concluído		Não concluído		Não concluído		Não concluído		Não concluído		Não concluído		Não concluído		Não concluído		Não concluído		Não concluído		Não concluído		Não concluído		Não concluído		Não concluído		Não concluído		Não concluído		Não concluído		Não concluído		Não concluído		Não concluído		Não concluído		Não concluído		Não concluído		Não concluído		Não concluído		Não concluído		Não concluído		Não concluído		Não concluído		Não concluído		Não concluído		Não concluído		Não concluído		Não concluído		Não concluído		Não concluído		Não concluído		Não concluído		Não concluído		Não concluído		Não concluído		Não concluído		Não concluído		Não concluído		Não concluído		Não concluído		Não concluído		Não concluído		Não concluído		Não concluído		Não concluído		Não concluído		Não concluído		Não concluído		Não concluído		Não concluído		Não concluído		Não concluído		Não concluído		Não concluído		Não concluído		Não concluído		Não concluído		Não concluído		Não concluído		Não concluído		Não concluído		Não concluído		Não concluído		Não concluído		Não concluído		Não concluído		Não concluído		Não concluído		Não concluído		Não concluído		Não concluído		Não concluído		Não concluído		Não concluído		Não concluído		Não concluído		Não concluído		Não concluído		Não concluído		Não concluído		Não concluído		Não concluído		Não concluído		Não concluído		Não concluído		Não concluído		Não concluído		Não concluído		Não concluído	
12	d2f45320b02bf27cc3c169ea1324c2d4	Não concluído		Não concluído		Não concluído		Não concluído		Não concluído		Não concluído		Não concluído		Não concluído		Não concluído		Não concluído		Não concluído		Não concluído		Não concluído		Concluído	2025-05-29 21:10:33	Concluído	2025-05-29 21:10:34	Concluído	2025-05-29 21:10:35	Concluído	2025-05-29 21:10:36	Concluído	2025-05-29 21:10:37	Concluído	2025-05-29 21:10:40	Concluído	2025-05-29 21:10:41	Concluído	2025-05-29 21:10:42	Concluído	2025-05-29 21:10:43	Não concluído		Não concluído		Não concluído		Não concluído		Não concluído		Não concluído		Não concluído		Não concluído		Não concluído		Não concluído		Não concluído		Não concluído		Não concluído		Não concluído		Não concluído		Não concluído		Não concluído		Não concluído		Não concluído		Não concluído		Não concluído		Não concluído		Não concluído		Não concluído		Não concluído		Não concluído		Não concluído		Não concluído		Não concluído		Não concluído		Não concluído		Não concluído		Não concluído		Concluído	2025-06-15 20:16:44	Concluído	2025-06-15 20:15:53	Concluído	2025-06-15 20:15:52	Concluído	2025-06-15 20:15:54	Concluído	2025-06-15 20:15:55	Concluído	2025-06-15 20:15:56	Concluído	2025-06-15 20:15:57	Concluído	2025-06-15 20:15:58	Concluído	2025-06-15 20:15:58	Concluído	2025-06-15 20:16:01	Concluído	2025-06-15 20:16:02	Concluído	2025-06-15 20:16:04	Concluído	2025-06-15 20:16:06	Concluído	2025-06-15 20:16:06	Concluído	2025-06-15 20:16:07	Concluído	2025-06-15 20:16:08	Concluído	2025-06-15 20:16:08	Concluído	2025-06-15 20:16:09	Concluído	2025-06-15 20:16:10	Concluído	2025-06-15 20:16:15	Concluído	2025-06-15 20:16:16	Não concluído		Não concluído		Não concluído		Não concluído		Não concluído		Não concluído		Não concluído		Não concluído		Não concluído		Não concluído	2025-06-24 19:31:01	Não concluído		Não concluído		Não concluído		Não concluído		Não concluído		Não concluído		Não concluído		Não concluído		Não concluído		Não concluído		Não concluído		Não concluído		Não concluído		Não concluído	2025-08-05 19:36:40	Não concluído	2025-08-07 20:02:16	Não concluído		Não concluído		Não concluído		Não concluído		Não concluído		Não concluído		Não concluído		Não concluído		Não concluído		Não concluído		Não concluído		Não concluído		Não concluído		Não concluído		Não concluído		Não concluído		Não concluído		Não concluído		Concluído	2025-08-05 19:59:46	Concluído	2025-08-17 16:30:41	Concluído	2025-08-17 16:30:41	Concluído	2025-08-17 16:30:40	Concluído	2025-08-17 16:30:39	Concluído	2025-08-17 16:30:38	Concluído	2025-08-17 16:30:37	Não concluído		Não concluído		Não concluído		Não concluído		Não concluído		Não concluído		Não concluído		Não concluído		Não concluído		Não concluído		Não concluído		Não concluído		Não concluído		Não concluído		Não concluído		Não concluído	
13	088fc47b200027c3f207cb6837b9c97a	Não concluído		Não concluído		Não concluído		Não concluído		Não concluído		Não concluído		Não concluído		Não concluído		Não concluído		Não concluído		Não concluído		Não concluído		Não concluído		Não concluído		Não concluído		Não concluído		Não concluído		Não concluído		Não concluído		Não concluído		Não concluído		Não concluído		Não concluído		Não concluído		Não concluído		Não concluído		Não concluído		Não concluído		Não concluído		Não concluído		Não concluído		Não concluído		Não concluído		Não concluído		Não concluído		Não concluído		Não concluído		Não concluído		Não concluído		Não concluído		Não concluído		Não concluído		Não concluído		Não concluído		Não concluído		Não concluído		Não concluído		Não concluído		Não concluído		Não concluído		Não concluído		Não concluído		Não concluído		Não concluído		Não concluído		Não concluído		Não concluído		Não concluído		Não concluído		Não concluído		Não concluído		Não concluído		Não concluído		Não concluído		Não concluído		Não concluído		Não concluído		Não concluído		Não concluído		Não concluído		Não concluído		Não concluído		Não concluído		Não concluído		Não concluído		Não concluído		Não concluído		Não concluído		Não concluído		Não concluído		Não concluído		Não concluído		Não concluído		Não concluído		Não concluído		Não concluído		Não concluído		Não concluído		Não concluído		Não concluído		Não concluído		Não concluído		Não concluído		Não concluído		Não concluído		Não concluído		Não concluído		Não concluído		Não concluído		Concluído	2025-08-30 00:01:28	Não concluído		Não concluído		Não concluído		Não concluído		Não concluído		Não concluído		Não concluído		Não concluído		Não concluído		Não concluído		Não concluído		Não concluído		Não concluído		Não concluído		Não concluído		Não concluído		Não concluído		Não concluído		Não concluído		Não concluído		Não concluído		Não concluído		Não concluído		Não concluído		Não concluído		Não concluído		Não concluído		Não concluído		Não concluído		Não concluído		Não concluído		Não concluído		Não concluído		Não concluído		Não concluído		Não concluído		Não concluído		Não concluído		Não concluído		Não concluído		Não concluído		Não concluído	
14	85720248ca9658b198a13f3e1d1abb58	Concluído	2025-05-20 18:58:28	Concluído	2025-05-20 18:58:27	Concluído	2025-05-20 18:58:40	Concluído	2025-05-18 13:25:17	Não concluído		Não concluído		Não concluído		Não concluído		Não concluído		Concluído	2025-05-18 13:25:08	Não concluído		Não concluído		Concluído	2025-05-23 15:25:00	Concluído	2025-05-15 15:44:36	Não concluído		Não concluído		Não concluído		Não concluído		Concluído	2025-05-18 12:45:57	Concluído	2025-05-18 12:45:57	Concluído	2025-05-18 12:46:07	Concluído	2025-05-18 12:46:07	Concluído	2025-06-01 21:25:12	Concluído	2025-05-15 15:44:32	Concluído	2025-05-20 17:50:48	Concluído	2025-05-20 18:25:16	Concluído	2025-05-20 18:53:15	Concluído	2025-06-01 17:08:53	Concluído	2025-05-20 18:58:07	Concluído	2025-06-01 18:45:54	Concluído	2025-06-01 18:46:04	Concluído	2025-05-24 23:12:57	Concluído	2025-06-06 16:01:04	Não concluído		Não concluído		Não concluído		Não concluído		Não concluído		Concluído	2025-05-28 12:55:31	Concluído	2025-06-01 18:21:19	Concluído	2025-06-01 18:21:27	Concluído	2025-06-01 18:21:39	Concluído	2025-06-01 18:21:39	Concluído	2025-06-15 18:53:54	Não concluído		Não concluído		Não concluído		Concluído	2025-06-01 17:06:12	Não concluído		Concluído	2025-06-05 11:53:37	Não concluído		Não concluído		Não concluído		Não concluído		Não concluído		Concluído	2025-06-07 19:53:29	Não concluído		Não concluído		Não concluído		Não concluído		Não concluído		Não concluído		Não concluído		Concluído	2025-06-07 19:53:22	Não concluído		Não concluído		Concluído	2025-07-01 11:15:19	Não concluído		Não concluído		Não concluído		Não concluído		Não concluído		Não concluído		Concluído	2025-06-15 19:46:57	Não concluído		Não concluído		Concluído	2025-07-01 11:15:27	Não concluído		Não concluído		Não concluído		Não concluído		Não concluído		Concluído	2025-07-01 11:17:49	Concluído	2025-07-01 11:17:53	Concluído	2025-07-01 11:17:53	Concluído	2025-06-28 08:06:04	Concluído	2025-06-29 19:59:57	Concluído	2025-06-28 08:06:02	Não concluído		Não concluído		Não concluído		Não concluído		Não concluído		Não concluído		Concluído	2025-08-07 12:15:16	Não concluído		Não concluído		Não concluído		Não concluído		Não concluído		Não concluído		Não concluído		Não concluído		Não concluído		Não concluído		Não concluído		Não concluído		Não concluído		Não concluído		Não concluído		Não concluído		Não concluído		Não concluído		Não concluído		Concluído	2025-08-12 07:58:08	Não concluído		Não concluído		Não concluído		Não concluído		Não concluído		Concluído	2025-08-07 12:13:53	Concluído	2025-08-07 12:13:54	Não concluído		Não concluído		Não concluído		Não concluído	2025-08-12 07:57:37	Não concluído		Não concluído		Não concluído		Não concluído		Não concluído		Não concluído		Não concluído		Não concluído		Não concluído		Não concluído		Não concluído		Não concluído		Não concluído		Concluído	2025-08-31 10:19:21	Não concluído		Não concluído	
15	624c3ca4a7937e5ff4cd45a949eca19a	Não concluído		Não concluído		Não concluído		Não concluído		Não concluído		Não concluído		Não concluído		Não concluído		Não concluído		Não concluído		Não concluído		Não concluído		Não concluído		Não concluído		Não concluído		Não concluído		Não concluído		Não concluído		Não concluído		Não concluído		Não concluído		Não concluído		Não concluído		Não concluído		Não concluído		Não concluído		Não concluído		Não concluído		Não concluído		Não concluído		Não concluído		Não concluído		Não concluído		Não concluído		Não concluído		Não concluído		Não concluído		Não concluído		Não concluído		Não concluído		Não concluído		Não concluído		Não concluído		Não concluído		Não concluído		Não concluído		Não concluído		Não concluído		Não concluído		Não concluído		Não concluído		Não concluído		Não concluído		Não concluído		Não concluído		Não concluído		Não concluído		Não concluído		Não concluído		Não concluído		Não concluído		Não concluído		Não concluído		Não concluído		Não concluído		Não concluído		Não concluído		Não concluído		Não concluído		Não concluído		Não concluído		Não concluído		Não concluído		Não concluído		Não concluído		Não concluído		Não concluído		Não concluído		Não concluído		Não concluído		Não concluído		Não concluído		Não concluído		Não concluído		Não concluído		Não concluído		Não concluído		Não concluído		Não concluído		Não concluído		Não concluído		Não concluído		Não concluído		Não concluído		Não concluído		Não concluído		Não concluído		Não concluído		Não concluído		Concluído	2025-08-07 15:21:15	Não concluído		Não concluído		Não concluído		Não concluído		Não concluído		Não concluído		Não concluído		Não concluído		Não concluído		Não concluído		Não concluído		Não concluído		Não concluído		Não concluído		Não concluído		Não concluído		Não concluído		Não concluído		Não concluído		Não concluído		Não concluído		Não concluído		Não concluído		Não concluído		Não concluído		Não concluído		Não concluído		Não concluído		Não concluído		Não concluído		Não concluído		Não concluído		Não concluído		Não concluído		Não concluído		Não concluído		Não concluído		Não concluído		Não concluído		Não concluído		Não concluído		Não concluído	
16	dbb9b6992f25915c4daf12ea845c24ae	Não concluído		Não concluído		Concluído	2025-05-13 17:35:38	Não concluído		Não concluído		Não concluído		Não concluído		Não concluído		Não concluído		Não concluído		Não concluído		Não concluído		Não concluído		Concluído	2025-05-16 10:59:30	Concluído	2025-05-16 10:59:30	Concluído	2025-05-16 10:59:30	Concluído	2025-05-16 10:59:29	Concluído	2025-05-16 10:59:29	Concluído	2025-05-16 10:59:31	Concluído	2025-05-16 10:59:27	Concluído	2025-05-16 10:59:26	Concluído	2025-05-16 10:59:22	Concluído	2025-05-16 10:59:34	Concluído	2025-05-16 10:59:35	Concluído	2025-05-16 10:59:36	Concluído	2025-05-16 10:59:36	Concluído	2025-05-16 10:59:36	Concluído	2025-05-16 10:59:38	Concluído	2025-05-16 10:59:38	Concluído	2025-05-16 10:59:39	Concluído	2025-05-16 10:59:39	Concluído	2025-05-16 11:05:12	Concluído	2025-05-16 11:05:14	Concluído	2025-05-16 11:05:14	Concluído	2025-05-16 11:05:15	Concluído	2025-05-16 11:05:16	Concluído	2025-05-16 11:05:17	Concluído	2025-05-16 11:05:20	Concluído	2025-05-16 11:11:08	Concluído	2025-05-23 15:20:15	Concluído	2025-05-23 15:20:18	Concluído	2025-05-23 15:20:17	Concluído	2025-05-23 15:20:18	Concluído	2025-05-31 15:37:03	Concluído	2025-05-31 15:37:04	Concluído	2025-05-31 15:37:05	Concluído	2025-05-31 15:37:05	Concluído	2025-05-31 15:43:09	Concluído	2025-05-31 15:43:11	Concluído	2025-05-31 15:54:24	Concluído	2025-05-31 15:54:24	Concluído	2025-05-31 15:54:26	Concluído	2025-05-31 15:54:26	Concluído	2025-06-22 19:27:50	Concluído	2025-05-31 15:54:28	Concluído	2025-05-31 15:54:33	Concluído	2025-05-31 15:54:34	Concluído	2025-05-31 15:54:36	Concluído	2025-05-31 15:54:34	Concluído	2025-05-31 15:54:35	Concluído	2025-05-31 15:54:37	Concluído	2025-05-31 15:54:38	Concluído	2025-05-31 16:05:56	Concluído	2025-05-31 16:05:58	Concluído	2025-05-31 16:05:57	Concluído	2025-05-31 16:05:59	Concluído	2025-05-31 16:06:00	Concluído	2025-05-31 16:06:02	Concluído	2025-05-31 16:06:01	Concluído	2025-05-31 16:06:03	Concluído	2025-05-31 16:06:04	Concluído	2025-05-31 16:06:05	Concluído	2025-05-31 16:06:06	Concluído	2025-05-31 18:22:09	Concluído	2025-06-12 16:07:15	Concluído	2025-06-12 16:07:15	Concluído	2025-06-12 16:07:18	Concluído	2025-06-12 16:07:26	Concluído	2025-06-12 16:07:25	Concluído	2025-06-12 16:07:24	Concluído	2025-06-12 16:07:23	Concluído	2025-06-12 16:07:21	Não concluído		Não concluído		Não concluído		Não concluído		Não concluído		Não concluído		Concluído	2025-07-29 19:05:13	Concluído	2025-07-29 19:05:14	Concluído	2025-07-29 19:05:12	Concluído	2025-07-29 19:05:11	Concluído	2025-07-29 19:05:10	Concluído	2025-07-29 19:05:09	Concluído	2025-07-29 19:05:04	Concluído	2025-07-29 19:05:05	Concluído	2025-07-29 19:05:06	Concluído	2025-07-29 19:05:07	Concluído	2025-07-29 19:05:08	Não concluído		Não concluído		Não concluído		Não concluído		Não concluído		Não concluído		Não concluído		Não concluído		Não concluído		Não concluído		Não concluído		Não concluído		Não concluído		Não concluído		Não concluído		Não concluído		Não concluído		Não concluído		Não concluído		Não concluído		Não concluído		Não concluído		Não concluído		Não concluído		Não concluído		Não concluído		Não concluído		Não concluído		Não concluído		Não concluído		Não concluído		Não concluído		Não concluído		Não concluído		Não concluído		Não concluído		Não concluído		Não concluído		Não concluído		Não concluído		Concluído	2025-08-27 17:09:05	Não concluído		Não concluído	
17	5bd9156e90c005388817f6d6d4618800	Não concluído		Não concluído		Não concluído		Não concluído		Não concluído		Não concluído		Não concluído		Não concluído		Não concluído		Não concluído		Não concluído		Não concluído		Não concluído		Não concluído		Não concluído		Não concluído		Não concluído		Não concluído		Não concluído		Não concluído		Não concluído		Não concluído		Não concluído		Não concluído		Não concluído		Não concluído		Não concluído		Não concluído		Não concluído		Não concluído		Não concluído		Não concluído		Não concluído		Não concluído		Não concluído		Não concluído		Não concluído		Não concluído		Não concluído		Não concluído		Não concluído		Não concluído		Não concluído		Não concluído		Não concluído		Não concluído		Não concluído		Não concluído		Não concluído		Não concluído		Não concluído		Não concluído		Não concluído		Não concluído		Não concluído		Não concluído		Não concluído		Não concluído		Não concluído		Não concluído		Não concluído		Não concluído		Não concluído		Não concluído		Não concluído		Não concluído		Não concluído		Não concluído		Não concluído		Não concluído		Não concluído		Não concluído		Não concluído		Não concluído		Não concluído		Não concluído		Não concluído		Não concluído		Não concluído		Não concluído		Não concluído		Não concluído		Não concluído		Não concluído		Não concluído		Não concluído		Não concluído		Não concluído		Não concluído		Não concluído		Não concluído		Não concluído		Não concluído		Não concluído		Não concluído		Não concluído		Não concluído		Não concluído		Não concluído		Não concluído		Não concluído		Não concluído		Não concluído		Não concluído		Não concluído		Não concluído		Não concluído		Não concluído		Não concluído		Não concluído		Não concluído		Não concluído		Não concluído		Não concluído		Não concluído		Não concluído		Não concluído		Não concluído		Não concluído		Não concluído		Não concluído		Não concluído		Não concluído		Não concluído		Não concluído		Não concluído		Não concluído		Não concluído		Não concluído		Não concluído		Não concluído		Não concluído		Não concluído		Não concluído		Não concluído		Não concluído		Não concluído		Não concluído		Não concluído		Não concluído		Não concluído		Não concluído	
18	b9ea3136ff5786adc84c3da26fd5996c	Não concluído		Não concluído	2025-05-25 20:37:27	Não concluído		Não concluído		Não concluído		Não concluído	2025-07-14 18:39:40	Não concluído		Não concluído		Não concluído		Não concluído		Não concluído		Não concluído		Não concluído		Não concluído		Não concluído		Não concluído		Não concluído		Não concluído		Não concluído		Não concluído		Não concluído		Concluído	2025-05-18 11:17:33	Não concluído		Não concluído		Não concluído		Não concluído		Não concluído		Não concluído		Não concluído		Não concluído		Não concluído		Concluído	2025-05-25 19:30:45	Não concluído	2025-05-25 11:29:05	Não concluído		Não concluído		Não concluído		Não concluído		Não concluído		Concluído	2025-05-25 11:28:15	Não concluído		Não concluído		Não concluído		Concluído	2025-08-21 16:25:34	Não concluído		Não concluído		Não concluído		Não concluído		Não concluído		Não concluído		Não concluído		Não concluído		Não concluído		Não concluído		Não concluído		Não concluído		Não concluído		Não concluído		Não concluído		Não concluído		Não concluído		Não concluído		Não concluído		Concluído	2025-06-27 16:15:49	Não concluído		Não concluído		Não concluído		Não concluído		Não concluído		Não concluído		Não concluído		Não concluído		Não concluído		Não concluído		Não concluído		Não concluído		Não concluído		Não concluído		Não concluído		Não concluído		Não concluído		Não concluído		Não concluído		Não concluído	2025-06-24 19:32:38	Não concluído		Não concluído		Não concluído		Não concluído		Não concluído		Concluído	2025-08-21 17:09:54	Concluído	2025-08-21 17:09:55	Concluído	2025-08-21 13:00:41	Concluído	2025-08-21 17:09:57	Concluído	2025-08-21 17:09:59	Concluído	2025-08-21 17:09:59	Concluído	2025-08-21 17:10:00	Não concluído		Não concluído		Não concluído		Não concluído		Não concluído		Concluído	2025-08-22 10:40:26	Concluído	2025-08-22 10:28:00	Concluído	2025-08-22 10:28:01	Concluído	2025-08-22 10:28:03	Concluído	2025-08-22 10:40:27	Concluído	2025-08-22 10:44:00	Concluído	2025-08-22 10:46:45	Concluído	2025-08-22 10:49:43	Concluído	2025-08-22 11:13:23	Concluído	2025-08-22 11:25:03	Concluído	2025-08-22 11:45:16	Concluído	2025-08-22 12:56:55	Concluído	2025-08-22 13:29:03	Concluído	2025-08-22 14:26:19	Não concluído		Não concluído		Não concluído		Não concluído		Não concluído		Concluído	2025-08-22 14:32:13	Concluído	2025-08-22 14:37:57	Concluído	2025-08-22 15:18:46	Não concluído		Concluído	2025-08-22 17:34:13	Não concluído		Não concluído		Não concluído		Não concluído		Não concluído		Não concluído		Não concluído		Não concluído		Não concluído		Não concluído		Não concluído		Não concluído		Não concluído		Não concluído		Não concluído		Não concluído		Não concluído		Não concluído	
19	3ac46891a32783c6fe1cda250f8d91b9	Não concluído		Não concluído		Não concluído		Não concluído		Não concluído		Não concluído		Não concluído		Não concluído		Não concluído		Não concluído		Não concluído		Não concluído		Não concluído		Não concluído		Não concluído		Não concluído		Não concluído		Não concluído		Não concluído		Não concluído		Não concluído		Não concluído		Não concluído		Não concluído		Não concluído		Não concluído		Não concluído		Não concluído		Não concluído		Não concluído		Não concluído		Não concluído		Não concluído		Não concluído		Não concluído		Não concluído		Não concluído		Não concluído		Não concluído		Não concluído		Não concluído		Não concluído		Não concluído		Não concluído		Não concluído		Não concluído		Não concluído		Não concluído		Não concluído		Não concluído		Não concluído		Não concluído		Não concluído		Não concluído		Não concluído		Não concluído		Não concluído		Não concluído		Não concluído		Não concluído		Não concluído		Não concluído		Não concluído		Não concluído		Não concluído		Não concluído		Não concluído		Não concluído		Não concluído		Não concluído		Não concluído		Não concluído		Não concluído		Não concluído		Não concluído		Não concluído		Não concluído		Não concluído		Não concluído		Não concluído		Não concluído		Não concluído		Não concluído		Não concluído		Não concluído		Não concluído		Não concluído		Não concluído		Não concluído		Não concluído		Não concluído		Não concluído		Não concluído		Não concluído		Não concluído		Não concluído		Não concluído		Não concluído		Não concluído		Não concluído		Não concluído		Não concluído		Não concluído		Não concluído		Não concluído		Não concluído		Não concluído		Não concluído		Não concluído		Não concluído		Não concluído		Não concluído		Não concluído		Não concluído		Não concluído		Não concluído		Não concluído		Não concluído		Não concluído		Não concluído		Não concluído		Não concluído		Não concluído		Não concluído		Não concluído		Não concluído		Não concluído		Não concluído		Não concluído		Não concluído		Não concluído		Não concluído		Não concluído		Não concluído		Não concluído		Não concluído		Não concluído		Não concluído		Não concluído		Não concluído		Não concluído		Não concluído	
20	61d2a9d78bc5a162334ce9d18825020d	Não concluído		Não concluído		Não concluído		Não concluído		Não concluído		Não concluído		Não concluído		Não concluído		Não concluído		Não concluído		Não concluído		Não concluído		Não concluído		Não concluído		Não concluído		Não concluído		Não concluído		Não concluído		Não concluído		Não concluído		Não concluído		Não concluído		Não concluído		Não concluído		Não concluído		Não concluído		Não concluído		Não concluído		Não concluído		Não concluído		Não concluído		Não concluído		Não concluído		Não concluído		Não concluído		Não concluído		Não concluído		Não concluído		Não concluído		Não concluído		Não concluído		Não concluído		Não concluído		Não concluído		Não concluído		Não concluído		Não concluído		Não concluído		Não concluído		Não concluído		Não concluído		Não concluído		Não concluído		Não concluído		Não concluído		Não concluído		Não concluído		Não concluído		Não concluído		Não concluído		Não concluído		Não concluído		Não concluído		Não concluído		Não concluído		Não concluído		Não concluído		Não concluído		Não concluído		Não concluído		Não concluído		Não concluído		Não concluído		Não concluído		Não concluído		Não concluído		Não concluído		Não concluído		Não concluído		Não concluído		Não concluído		Não concluído		Não concluído		Não concluído		Não concluído		Não concluído		Não concluído		Não concluído		Não concluído		Não concluído		Não concluído		Não concluído		Não concluído		Não concluído		Não concluído		Não concluído		Não concluído		Não concluído		Não concluído		Não concluído		Não concluído		Não concluído		Não concluído		Não concluído		Não concluído		Não concluído		Não concluído		Não concluído		Não concluído		Não concluído		Não concluído		Não concluído		Não concluído		Não concluído		Não concluído		Não concluído		Não concluído		Não concluído		Não concluído		Não concluído		Não concluído		Não concluído		Não concluído		Não concluído		Não concluído		Não concluído		Não concluído		Não concluído		Não concluído		Não concluído		Não concluído		Não concluído		Não concluído		Não concluído		Não concluído		Não concluído		Não concluído		Não concluído		Não concluído		Não concluído		Não concluído		Não concluído	
21	780679b411c4773dbded369033103da5	Não concluído		Não concluído		Não concluído		Não concluído		Não concluído		Não concluído		Não concluído		Não concluído		Não concluído		Não concluído		Não concluído		Não concluído		Não concluído		Não concluído		Não concluído		Não concluído		Não concluído		Não concluído		Não concluído		Não concluído		Não concluído		Não concluído		Não concluído		Não concluído		Não concluído		Não concluído		Não concluído		Não concluído		Não concluído		Não concluído		Não concluído		Não concluído		Não concluído		Não concluído		Não concluído		Não concluído		Não concluído		Não concluído		Não concluído		Não concluído		Não concluído		Não concluído		Não concluído		Não concluído		Não concluído		Não concluído		Não concluído		Não concluído		Não concluído		Não concluído		Não concluído		Não concluído		Não concluído		Não concluído		Não concluído		Não concluído		Não concluído		Não concluído		Não concluído		Não concluído		Não concluído		Não concluído		Não concluído		Não concluído		Não concluído		Não concluído		Não concluído		Não concluído		Não concluído		Não concluído		Não concluído		Não concluído		Não concluído		Não concluído		Não concluído		Não concluído		Não concluído		Não concluído		Não concluído		Não concluído		Não concluído		Não concluído		Não concluído		Não concluído		Não concluído		Não concluído		Não concluído		Não concluído		Não concluído		Não concluído		Não concluído		Não concluído		Não concluído		Não concluído		Não concluído		Não concluído		Não concluído		Não concluído		Não concluído		Não concluído		Não concluído		Não concluído		Não concluído		Não concluído		Não concluído		Não concluído		Não concluído		Não concluído		Não concluído		Não concluído		Não concluído		Não concluído		Não concluído		Não concluído		Não concluído		Não concluído		Não concluído		Não concluído		Não concluído		Não concluído		Não concluído		Não concluído		Não concluído		Não concluído		Não concluído		Não concluído		Não concluído		Não concluído		Não concluído		Não concluído		Não concluído		Não concluído		Não concluído		Não concluído		Não concluído		Não concluído		Não concluído		Não concluído		Não concluído		Não concluído		Não concluído		Não concluído	
22	bedf6b94a32e7b626c0dbb330758fcaf	Não concluído		Não concluído		Não concluído		Não concluído		Não concluído		Não concluído		Não concluído		Não concluído		Não concluído		Não concluído		Não concluído		Não concluído		Não concluído		Não concluído		Não concluído		Não concluído		Não concluído		Não concluído		Não concluído		Não concluído		Não concluído		Não concluído		Não concluído		Não concluído		Não concluído		Não concluído		Não concluído		Não concluído		Não concluído		Não concluído		Não concluído		Não concluído		Não concluído		Não concluído		Não concluído		Não concluído		Não concluído		Não concluído		Não concluído		Não concluído		Não concluído		Não concluído		Não concluído		Não concluído		Não concluído		Não concluído		Não concluído		Não concluído		Não concluído		Não concluído		Não concluído		Não concluído		Não concluído		Não concluído		Não concluído		Não concluído		Não concluído		Não concluído		Não concluído		Não concluído		Não concluído		Não concluído		Não concluído		Não concluído		Não concluído		Não concluído		Não concluído		Não concluído		Não concluído		Não concluído		Não concluído		Não concluído		Não concluído		Não concluído		Não concluído		Não concluído		Não concluído		Não concluído		Não concluído		Não concluído		Não concluído		Não concluído		Não concluído		Não concluído		Não concluído		Não concluído		Não concluído		Não concluído		Não concluído		Não concluído		Não concluído		Não concluído		Não concluído		Não concluído		Não concluído		Não concluído		Não concluído		Não concluído		Não concluído		Não concluído		Não concluído		Não concluído		Não concluído		Não concluído		Não concluído		Não concluído		Não concluído		Não concluído		Não concluído		Não concluído		Não concluído		Não concluído		Não concluído		Não concluído		Não concluído		Não concluído		Não concluído		Não concluído		Não concluído		Não concluído		Não concluído		Não concluído		Não concluído		Não concluído		Não concluído		Não concluído		Não concluído		Não concluído		Não concluído		Não concluído		Não concluído		Não concluído		Não concluído		Não concluído		Não concluído		Não concluído		Não concluído		Não concluído		Não concluído		Não concluído		Não concluído		Não concluído	
23	ce6a8a78f3b133fb835972c2797afa4d	Não concluído		Não concluído		Concluído	2025-05-22 21:13:59	Não concluído		Não concluído		Não concluído		Não concluído		Não concluído		Não concluído		Não concluído		Não concluído		Não concluído		Não concluído		Não concluído		Não concluído		Não concluído		Não concluído		Não concluído		Não concluído		Não concluído		Não concluído		Não concluído		Não concluído		Não concluído		Não concluído		Não concluído		Não concluído		Não concluído		Não concluído		Não concluído		Não concluído		Não concluído		Não concluído		Não concluído		Não concluído		Não concluído		Não concluído		Não concluído		Não concluído		Não concluído		Não concluído		Não concluído		Não concluído		Não concluído		Não concluído		Não concluído		Não concluído		Não concluído		Não concluído		Não concluído		Não concluído		Não concluído		Não concluído		Não concluído		Não concluído		Não concluído		Não concluído		Não concluído		Não concluído		Não concluído		Não concluído		Não concluído		Não concluído		Não concluído		Não concluído		Não concluído		Não concluído		Não concluído		Não concluído		Não concluído		Não concluído		Não concluído		Não concluído		Não concluído		Não concluído		Não concluído		Não concluído		Não concluído		Não concluído		Não concluído		Não concluído		Não concluído		Não concluído		Não concluído		Não concluído		Não concluído		Não concluído		Não concluído		Não concluído		Não concluído		Não concluído		Não concluído		Não concluído		Não concluído		Não concluído		Não concluído		Não concluído		Não concluído		Não concluído		Não concluído		Não concluído		Não concluído		Não concluído		Não concluído		Não concluído		Não concluído		Não concluído		Não concluído		Não concluído		Não concluído		Não concluído		Não concluído		Não concluído		Não concluído		Não concluído		Não concluído		Não concluído		Não concluído		Não concluído		Não concluído		Não concluído		Não concluído		Não concluído		Não concluído		Não concluído		Não concluído		Não concluído		Não concluído		Não concluído		Não concluído		Não concluído		Não concluído		Não concluído		Não concluído		Não concluído		Não concluído		Não concluído		Não concluído		Não concluído		Não concluído		Não concluído		Não concluído	
24	fecbd900ee856c9c37172814100711f0	Não concluído		Não concluído		Não concluído		Não concluído		Não concluído		Não concluído		Não concluído		Não concluído		Não concluído		Não concluído		Não concluído		Não concluído		Não concluído		Não concluído		Não concluído		Não concluído		Não concluído		Não concluído		Não concluído		Não concluído		Não concluído		Não concluído		Não concluído		Não concluído		Não concluído		Não concluído		Não concluído		Não concluído		Não concluído		Não concluído		Não concluído		Não concluído		Não concluído		Não concluído		Não concluído		Não concluído		Não concluído		Não concluído		Não concluído		Não concluído		Não concluído		Não concluído		Não concluído		Não concluído		Não concluído		Não concluído		Não concluído		Não concluído		Não concluído		Não concluído		Não concluído		Não concluído		Não concluído		Não concluído		Não concluído		Não concluído		Não concluído		Não concluído		Não concluído		Não concluído		Não concluído		Não concluído		Não concluído		Não concluído		Não concluído		Não concluído		Não concluído		Não concluído		Não concluído		Não concluído		Não concluído		Não concluído		Não concluído		Não concluído		Não concluído		Não concluído		Não concluído		Não concluído		Não concluído		Não concluído		Não concluído		Não concluído		Não concluído		Não concluído		Não concluído		Não concluído		Não concluído		Não concluído		Não concluído		Não concluído		Não concluído		Não concluído		Não concluído		Não concluído		Não concluído		Não concluído		Não concluído		Não concluído		Não concluído		Não concluído		Não concluído		Não concluído		Não concluído		Não concluído		Não concluído		Não concluído		Não concluído		Não concluído		Não concluído		Não concluído		Não concluído		Não concluído		Não concluído		Não concluído		Não concluído		Não concluído		Não concluído		Não concluído		Não concluído		Não concluído		Não concluído		Não concluído		Não concluído		Não concluído		Não concluído		Não concluído		Não concluído		Não concluído		Não concluído		Não concluído		Não concluído		Não concluído		Não concluído		Não concluído		Não concluído		Não concluído		Não concluído		Não concluído		Não concluído		Não concluído		Não concluído		Não concluído	
25	397ad61431e9c5fc29092481c89b51c5	Não concluído		Não concluído		Não concluído		Não concluído		Não concluído		Não concluído		Não concluído		Não concluído		Não concluído		Não concluído		Não concluído		Não concluído		Não concluído		Concluído	2025-05-27 23:23:26	Concluído	2025-05-27 23:23:28	Concluído	2025-05-27 23:23:29	Concluído	2025-05-27 23:23:30	Concluído	2025-05-27 23:23:31	Concluído	2025-05-27 23:23:35	Concluído	2025-05-27 23:23:36	Concluído	2025-05-27 23:23:37	Concluído	2025-05-27 23:23:38	Não concluído		Não concluído		Não concluído		Não concluído		Não concluído		Não concluído		Não concluído		Não concluído		Não concluído		Concluído	2025-05-27 23:23:49	Não concluído		Não concluído		Não concluído		Não concluído		Não concluído		Não concluído		Concluído	2025-05-27 23:24:13	Não concluído		Não concluído		Não concluído		Não concluído		Não concluído		Não concluído		Não concluído		Não concluído		Não concluído		Não concluído		Não concluído		Não concluído		Não concluído		Não concluído		Não concluído		Não concluído		Não concluído		Não concluído		Não concluído		Não concluído		Não concluído		Não concluído		Não concluído		Não concluído		Não concluído		Não concluído		Não concluído		Não concluído		Não concluído		Não concluído		Não concluído		Não concluído		Não concluído		Não concluído		Não concluído		Não concluído		Não concluído		Não concluído		Não concluído		Não concluído		Não concluído		Não concluído		Não concluído		Não concluído		Não concluído		Não concluído		Não concluído		Não concluído		Não concluído		Não concluído		Não concluído		Não concluído		Não concluído		Não concluído		Não concluído		Não concluído		Não concluído		Não concluído		Não concluído		Não concluído		Não concluído		Não concluído	2025-07-17 21:36:33	Não concluído		Não concluído		Não concluído		Não concluído		Não concluído		Não concluído		Não concluído		Não concluído		Não concluído		Não concluído		Não concluído		Não concluído		Não concluído		Não concluído		Não concluído		Não concluído		Não concluído		Não concluído		Não concluído		Não concluído		Não concluído		Não concluído		Não concluído		Não concluído		Não concluído		Não concluído		Não concluído		Não concluído		Não concluído		Não concluído		Não concluído		Não concluído		Não concluído		Não concluído		Não concluído		Não concluído		Não concluído		Não concluído		Não concluído		Não concluído		Não concluído	
28	c7da6e41c1009721055152b91d1407c2	Não concluído		Não concluído		Não concluído		Não concluído		Não concluído		Não concluído		Não concluído		Não concluído		Não concluído		Não concluído		Não concluído		Não concluído		Não concluído		Não concluído		Não concluído		Não concluído		Não concluído		Não concluído		Não concluído		Não concluído		Não concluído		Não concluído		Não concluído		Não concluído		Não concluído		Não concluído		Não concluído		Não concluído		Não concluído		Não concluído		Não concluído		Não concluído		Não concluído		Não concluído		Não concluído		Não concluído		Não concluído		Não concluído		Não concluído		Não concluído		Não concluído		Não concluído		Não concluído		Não concluído		Não concluído		Não concluído		Não concluído		Não concluído		Não concluído		Não concluído		Não concluído		Não concluído		Não concluído		Não concluído		Não concluído		Não concluído		Não concluído		Não concluído		Não concluído		Não concluído		Não concluído		Não concluído		Não concluído		Não concluído		Não concluído		Não concluído		Não concluído		Não concluído		Não concluído		Não concluído		Não concluído		Não concluído		Não concluído		Não concluído		Não concluído		Não concluído		Não concluído		Não concluído		Não concluído		Não concluído		Não concluído		Não concluído		Não concluído		Não concluído		Não concluído		Não concluído		Não concluído		Não concluído		Não concluído		Não concluído		Não concluído		Não concluído		Não concluído		Não concluído		Não concluído		Não concluído		Não concluído		Não concluído		Não concluído		Não concluído		Não concluído		Não concluído		Não concluído		Não concluído		Não concluído		Não concluído		Não concluído		Não concluído		Não concluído		Não concluído		Não concluído		Não concluído		Não concluído		Não concluído		Não concluído		Não concluído		Não concluído		Não concluído		Não concluído		Não concluído		Não concluído		Não concluído		Não concluído		Não concluído		Não concluído		Não concluído		Não concluído		Não concluído		Não concluído		Não concluído		Não concluído		Não concluído		Não concluído		Não concluído		Não concluído		Não concluído		Não concluído		Não concluído		Não concluído		Não concluído		Não concluído		Não concluído	
30	485d700bda502af93ab0ce957b876ccf	Não concluído		Não concluído		Não concluído		Não concluído		Não concluído		Não concluído		Não concluído		Não concluído		Não concluído		Não concluído		Não concluído		Não concluído		Não concluído		Não concluído		Não concluído		Não concluído		Não concluído		Não concluído		Não concluído		Não concluído		Não concluído		Não concluído		Não concluído		Não concluído		Não concluído		Não concluído		Não concluído		Não concluído		Não concluído		Não concluído		Não concluído		Não concluído		Não concluído		Não concluído		Não concluído		Não concluído		Não concluído		Não concluído		Não concluído		Não concluído		Não concluído		Não concluído		Não concluído		Não concluído		Não concluído		Não concluído		Não concluído		Não concluído		Não concluído		Não concluído		Não concluído		Não concluído		Não concluído		Não concluído		Não concluído		Não concluído		Não concluído		Não concluído		Não concluído		Não concluído		Não concluído		Não concluído		Não concluído		Não concluído		Não concluído		Não concluído		Não concluído		Não concluído		Não concluído		Não concluído		Não concluído		Não concluído		Não concluído		Não concluído		Não concluído		Não concluído		Não concluído		Não concluído		Não concluído		Não concluído		Não concluído		Não concluído		Não concluído		Não concluído		Não concluído		Não concluído		Não concluído		Não concluído		Não concluído		Não concluído		Não concluído		Não concluído		Não concluído		Não concluído		Não concluído		Não concluído		Não concluído		Não concluído		Não concluído		Não concluído		Não concluído		Não concluído		Não concluído		Não concluído		Não concluído		Não concluído		Não concluído		Não concluído		Não concluído		Não concluído		Não concluído		Não concluído		Não concluído		Não concluído		Não concluído		Não concluído		Não concluído		Não concluído		Não concluído		Não concluído		Não concluído		Não concluído		Não concluído		Não concluído		Não concluído		Não concluído		Não concluído		Não concluído		Não concluído		Não concluído		Não concluído		Não concluído		Não concluído		Não concluído		Não concluído		Não concluído		Não concluído		Não concluído		Não concluído		Não concluído		Não concluído		Não concluído	
31	c0db920fb3d7c5f4f8942b8bc8bf50c9	Não concluído		Não concluído		Não concluído		Não concluído		Não concluído		Não concluído		Não concluído		Não concluído		Não concluído		Não concluído		Não concluído		Não concluído		Não concluído		Não concluído		Não concluído		Não concluído		Não concluído		Não concluído		Não concluído		Não concluído		Não concluído		Não concluído		Não concluído		Não concluído		Não concluído		Não concluído		Não concluído		Não concluído		Não concluído		Não concluído		Não concluído		Não concluído		Não concluído		Não concluído		Não concluído		Não concluído		Não concluído		Não concluído		Não concluído		Não concluído		Não concluído		Não concluído		Não concluído		Não concluído		Não concluído		Não concluído		Não concluído		Não concluído		Não concluído		Não concluído		Não concluído		Não concluído		Não concluído		Não concluído		Não concluído		Não concluído		Não concluído		Não concluído		Não concluído		Não concluído		Não concluído		Não concluído		Não concluído		Não concluído		Não concluído		Não concluído		Não concluído		Não concluído		Não concluído		Não concluído		Não concluído		Não concluído		Não concluído		Não concluído		Não concluído		Não concluído		Não concluído		Não concluído		Não concluído		Não concluído		Não concluído		Não concluído		Não concluído		Não concluído		Não concluído		Não concluído		Não concluído		Não concluído		Não concluído		Não concluído		Não concluído		Não concluído		Não concluído		Não concluído		Não concluído		Não concluído		Não concluído		Não concluído		Não concluído		Não concluído		Não concluído		Não concluído		Não concluído		Não concluído		Não concluído		Não concluído		Não concluído		Não concluído		Não concluído		Não concluído		Não concluído		Não concluído		Não concluído		Não concluído		Não concluído		Não concluído		Não concluído		Não concluído		Não concluído		Não concluído		Não concluído		Não concluído		Não concluído		Não concluído		Não concluído		Não concluído		Não concluído		Não concluído		Não concluído		Não concluído		Não concluído		Não concluído		Não concluído		Não concluído		Não concluído		Não concluído		Não concluído		Não concluído		Não concluído		Não concluído		Não concluído		Não concluído	
32	59c5d0b23d221befef101f0cfe794f9e	Não concluído		Não concluído		Não concluído		Não concluído		Não concluído		Não concluído		Não concluído		Não concluído		Não concluído		Não concluído		Não concluído		Não concluído		Não concluído		Não concluído		Não concluído		Não concluído		Não concluído		Não concluído		Não concluído		Não concluído		Não concluído		Não concluído		Não concluído		Não concluído		Não concluído		Não concluído		Não concluído		Não concluído		Não concluído		Não concluído		Não concluído		Não concluído		Não concluído		Não concluído		Não concluído		Não concluído		Não concluído		Não concluído		Não concluído		Não concluído		Não concluído		Não concluído		Não concluído		Não concluído		Não concluído		Não concluído		Não concluído		Não concluído		Não concluído		Não concluído		Não concluído		Não concluído		Não concluído		Não concluído		Não concluído		Não concluído		Não concluído		Não concluído		Não concluído		Não concluído		Não concluído		Não concluído		Não concluído		Não concluído		Não concluído		Não concluído		Não concluído		Não concluído		Não concluído		Não concluído		Não concluído		Não concluído		Não concluído		Não concluído		Não concluído		Não concluído		Não concluído		Não concluído		Não concluído		Não concluído		Não concluído		Não concluído		Não concluído		Não concluído		Não concluído		Não concluído		Não concluído		Não concluído		Não concluído		Não concluído		Não concluído		Não concluído		Não concluído		Não concluído		Não concluído		Não concluído		Não concluído		Não concluído		Não concluído		Não concluído		Não concluído		Não concluído		Não concluído		Não concluído		Não concluído		Não concluído		Não concluído		Não concluído		Não concluído		Não concluído		Não concluído		Não concluído		Não concluído		Não concluído		Não concluído		Não concluído		Não concluído		Não concluído		Não concluído		Não concluído		Não concluído		Não concluído		Não concluído		Não concluído		Não concluído		Não concluído		Não concluído		Não concluído		Não concluído		Não concluído		Não concluído		Não concluído		Não concluído		Não concluído		Não concluído		Não concluído		Não concluído		Não concluído		Não concluído		Não concluído		Não concluído		Não concluído	
33	5b946594208119aa0ffa124f75a150c3	Não concluído		Não concluído		Não concluído		Não concluído		Não concluído		Não concluído		Não concluído		Não concluído		Não concluído		Não concluído		Não concluído		Não concluído		Não concluído		Não concluído		Não concluído		Não concluído		Não concluído		Não concluído		Não concluído		Não concluído		Não concluído		Não concluído		Não concluído		Não concluído		Não concluído		Não concluído		Não concluído		Não concluído		Não concluído		Não concluído		Não concluído		Não concluído		Não concluído		Não concluído		Não concluído		Não concluído		Não concluído		Não concluído		Não concluído		Não concluído		Não concluído		Não concluído		Não concluído		Não concluído		Não concluído		Não concluído		Não concluído		Não concluído		Não concluído		Não concluído		Não concluído		Não concluído		Não concluído		Não concluído		Não concluído		Não concluído		Não concluído		Não concluído		Não concluído		Não concluído		Não concluído		Não concluído		Não concluído		Não concluído		Não concluído		Não concluído		Não concluído		Não concluído		Não concluído		Não concluído		Não concluído		Não concluído		Não concluído		Não concluído		Não concluído		Não concluído		Não concluído		Não concluído		Não concluído		Não concluído		Não concluído		Não concluído		Não concluído		Não concluído		Não concluído		Não concluído		Não concluído		Não concluído		Não concluído		Não concluído		Não concluído		Não concluído		Não concluído		Não concluído		Não concluído		Não concluído		Não concluído		Não concluído		Não concluído		Não concluído		Não concluído		Não concluído		Não concluído		Não concluído		Não concluído		Não concluído		Não concluído		Não concluído		Não concluído		Não concluído		Não concluído		Não concluído		Não concluído		Não concluído		Não concluído		Não concluído		Não concluído		Não concluído		Não concluído		Não concluído		Não concluído		Não concluído		Não concluído		Não concluído		Não concluído		Não concluído		Não concluído		Não concluído		Não concluído		Não concluído		Não concluído		Não concluído		Não concluído		Não concluído		Não concluído		Não concluído		Não concluído		Não concluído		Não concluído		Não concluído		Não concluído		Não concluído	
34	4e49020f3df71f6cf9dfa8a82a3fe541	Não concluído		Não concluído		Não concluído		Não concluído		Não concluído		Não concluído		Não concluído		Não concluído		Não concluído		Não concluído		Não concluído		Não concluído		Não concluído		Não concluído		Não concluído		Não concluído		Não concluído		Não concluído		Não concluído		Não concluído		Não concluído		Não concluído		Não concluído		Não concluído		Não concluído		Não concluído		Não concluído		Não concluído		Não concluído		Não concluído		Não concluído		Não concluído		Não concluído		Não concluído		Não concluído		Não concluído		Não concluído		Não concluído		Não concluído		Não concluído		Não concluído		Não concluído		Não concluído		Não concluído		Não concluído		Não concluído		Não concluído		Não concluído		Não concluído		Não concluído		Não concluído		Não concluído		Não concluído		Não concluído		Não concluído		Não concluído		Não concluído		Não concluído		Não concluído		Não concluído		Não concluído		Não concluído		Não concluído		Não concluído		Não concluído		Não concluído		Não concluído		Não concluído		Não concluído		Não concluído		Não concluído		Não concluído		Não concluído		Não concluído		Não concluído		Não concluído		Não concluído		Não concluído		Não concluído		Não concluído		Não concluído		Não concluído		Não concluído		Não concluído		Não concluído		Não concluído		Não concluído		Não concluído		Não concluído		Não concluído		Não concluído		Não concluído		Não concluído		Não concluído		Não concluído		Não concluído		Não concluído		Não concluído		Não concluído		Não concluído		Não concluído		Não concluído		Não concluído		Não concluído		Não concluído		Não concluído		Não concluído		Não concluído		Não concluído		Não concluído		Não concluído		Não concluído		Não concluído		Não concluído		Não concluído		Não concluído		Não concluído		Não concluído		Não concluído		Não concluído		Não concluído		Não concluído		Não concluído		Não concluído		Não concluído		Não concluído		Não concluído		Não concluído		Não concluído		Não concluído		Não concluído		Não concluído		Não concluído		Não concluído		Não concluído		Não concluído		Não concluído		Não concluído		Não concluído		Não concluído		Não concluído		Não concluído	
35	51f01a6976f3b7621cc35354f537664d	Não concluído		Não concluído		Não concluído		Não concluído		Não concluído		Não concluído		Não concluído		Não concluído		Não concluído		Não concluído		Não concluído		Não concluído		Não concluído		Concluído	2025-05-25 17:25:10	Concluído	2025-05-25 17:25:10	Concluído	2025-05-25 17:25:11	Concluído	2025-05-25 17:25:13	Concluído	2025-05-25 17:25:15	Concluído	2025-05-25 17:25:16	Concluído	2025-05-25 17:25:17	Concluído	2025-05-25 17:25:19	Concluído	2025-05-25 17:25:07	Não concluído		Não concluído		Não concluído		Não concluído		Não concluído		Não concluído		Não concluído		Não concluído		Não concluído		Concluído	2025-05-25 17:52:34	Não concluído		Não concluído		Não concluído		Não concluído		Não concluído		Não concluído		Não concluído		Não concluído		Não concluído		Não concluído		Não concluído		Não concluído		Não concluído		Não concluído		Não concluído		Concluído	2025-05-31 14:47:19	Não concluído		Não concluído		Não concluído		Não concluído		Não concluído		Não concluído		Não concluído		Não concluído		Não concluído		Não concluído		Não concluído		Não concluído		Não concluído		Não concluído		Não concluído		Não concluído		Não concluído		Não concluído		Não concluído		Não concluído		Não concluído		Não concluído		Não concluído		Não concluído		Não concluído		Não concluído		Não concluído		Não concluído		Não concluído		Não concluído		Não concluído		Não concluído		Não concluído		Não concluído		Não concluído		Não concluído		Não concluído		Não concluído		Não concluído		Não concluído		Não concluído		Concluído	2025-08-18 19:32:11	Concluído	2025-08-18 20:06:01	Concluído	2025-08-19 14:29:53	Concluído	2025-08-20 21:33:51	Concluído	2025-08-21 15:04:27	Não concluído		Não concluído		Não concluído		Não concluído		Não concluído		Concluído	2025-08-12 19:32:55	Concluído	2025-08-12 19:41:38	Concluído	2025-08-22 10:35:39	Concluído	2025-08-22 10:37:59	Concluído	2025-08-22 10:51:36	Concluído	2025-08-22 14:34:45	Concluído	2025-08-22 14:37:06	Concluído	2025-08-22 14:39:32	Concluído	2025-08-22 14:43:24	Concluído	2025-08-22 15:16:41	Concluído	2025-08-22 15:32:09	Concluído	2025-08-22 16:30:56	Concluído	2025-08-22 18:39:40	Concluído	2025-08-22 20:23:21	Concluído	2025-08-22 22:30:17	Não concluído		Não concluído		Não concluído		Não concluído		Não concluído		Não concluído		Concluído	2025-08-22 22:35:32	Concluído	2025-08-22 23:00:12	Não concluído		Não concluído		Não concluído		Não concluído		Não concluído		Não concluído		Não concluído		Não concluído		Não concluído		Não concluído		Não concluído		Não concluído		Não concluído		Não concluído		Não concluído		Não concluído		Não concluído		Não concluído		Não concluído		Não concluído	
36	dfcdb868dfce1362b2b90c9d95bb0659	Não concluído		Não concluído	2025-06-28 08:33:11	Não concluído		Não concluído		Não concluído		Não concluído		Não concluído		Não concluído	2025-06-25 15:57:11	Não concluído		Não concluído		Não concluído		Não concluído		Não concluído		Não concluído		Não concluído		Não concluído		Não concluído		Não concluído		Não concluído		Não concluído		Não concluído		Não concluído	2025-05-15 17:03:16	Não concluído		Não concluído		Não concluído		Não concluído		Não concluído		Não concluído		Não concluído		Não concluído		Não concluído		Não concluído		Não concluído		Não concluído		Não concluído		Não concluído		Não concluído		Não concluído		Não concluído		Não concluído		Não concluído		Não concluído		Não concluído		Não concluído		Não concluído		Não concluído		Não concluído		Não concluído		Não concluído		Não concluído		Não concluído		Não concluído		Não concluído		Não concluído		Não concluído		Não concluído		Não concluído		Não concluído		Não concluído		Não concluído		Não concluído		Não concluído		Não concluído		Não concluído		Não concluído		Não concluído		Não concluído		Não concluído		Não concluído		Não concluído		Não concluído		Não concluído		Não concluído		Não concluído		Não concluído		Não concluído		Não concluído		Não concluído		Não concluído		Não concluído		Não concluído		Não concluído		Não concluído		Não concluído		Não concluído		Não concluído		Não concluído		Não concluído		Não concluído		Não concluído		Não concluído		Não concluído		Não concluído		Não concluído		Não concluído		Não concluído		Não concluído		Não concluído		Não concluído		Não concluído		Não concluído		Não concluído		Não concluído		Não concluído		Não concluído		Não concluído		Não concluído		Não concluído		Não concluído		Não concluído		Não concluído		Não concluído		Não concluído		Não concluído		Não concluído		Não concluído		Não concluído		Não concluído		Não concluído		Não concluído		Não concluído		Não concluído		Não concluído		Não concluído		Não concluído		Não concluído		Não concluído		Não concluído		Não concluído		Não concluído		Não concluído		Não concluído		Não concluído		Não concluído		Não concluído		Não concluído		Não concluído		Não concluído		Não concluído		Não concluído		Não concluído		Não concluído	
37	4e2295a4d5ac297f776c7ebd69f5d6c6	Não concluído		Não concluído		Não concluído		Não concluído		Não concluído		Não concluído		Não concluído		Não concluído		Não concluído		Não concluído		Não concluído		Não concluído		Não concluído		Não concluído		Não concluído		Não concluído		Não concluído		Não concluído		Não concluído		Não concluído		Não concluído		Não concluído		Não concluído		Não concluído		Não concluído		Não concluído		Não concluído		Não concluído		Não concluído		Não concluído		Não concluído		Não concluído		Não concluído		Não concluído		Não concluído		Não concluído		Não concluído		Não concluído		Não concluído		Não concluído		Não concluído		Não concluído		Não concluído		Não concluído		Não concluído		Não concluído		Não concluído		Não concluído		Não concluído		Não concluído		Não concluído		Não concluído		Não concluído		Não concluído		Não concluído		Não concluído		Não concluído		Não concluído		Não concluído		Não concluído		Não concluído		Não concluído		Não concluído		Não concluído		Não concluído		Não concluído		Não concluído		Não concluído		Não concluído		Não concluído		Não concluído		Não concluído		Não concluído		Não concluído		Não concluído		Não concluído		Não concluído		Não concluído		Não concluído		Não concluído		Não concluído		Não concluído		Não concluído		Não concluído		Não concluído		Não concluído		Não concluído		Não concluído		Não concluído		Não concluído		Não concluído		Não concluído		Não concluído		Não concluído		Não concluído		Não concluído		Não concluído		Não concluído		Não concluído		Não concluído		Não concluído		Não concluído		Não concluído		Não concluído		Não concluído		Não concluído		Não concluído		Não concluído		Não concluído		Não concluído		Não concluído		Não concluído		Não concluído		Não concluído		Não concluído		Não concluído		Não concluído		Não concluído		Não concluído		Não concluído		Não concluído		Não concluído		Não concluído		Não concluído		Não concluído		Não concluído		Não concluído		Não concluído		Não concluído		Não concluído		Não concluído		Não concluído		Não concluído		Não concluído		Não concluído		Não concluído		Não concluído		Não concluído		Não concluído		Não concluído		Não concluído		Não concluído	
38	1fb0cfaf1cff529fd70174b43a788871	Não concluído		Não concluído		Não concluído	2025-05-18 13:06:17	Não concluído		Não concluído		Não concluído		Não concluído		Não concluído		Não concluído		Não concluído		Não concluído		Não concluído		Não concluído		Não concluído		Não concluído		Não concluído		Não concluído		Não concluído		Não concluído		Não concluído		Não concluído		Não concluído		Não concluído		Não concluído		Não concluído		Não concluído		Não concluído		Não concluído		Não concluído		Não concluído		Não concluído		Não concluído		Não concluído		Não concluído		Não concluído		Não concluído		Não concluído		Não concluído		Não concluído		Não concluído		Não concluído		Não concluído		Não concluído		Não concluído		Não concluído		Não concluído		Não concluído		Não concluído		Não concluído		Não concluído		Não concluído		Não concluído		Não concluído		Não concluído		Não concluído		Não concluído		Não concluído		Não concluído		Não concluído		Não concluído		Não concluído		Não concluído		Não concluído		Não concluído		Não concluído		Não concluído		Não concluído		Não concluído		Não concluído		Não concluído		Não concluído		Não concluído		Não concluído		Não concluído		Não concluído		Não concluído		Não concluído		Não concluído		Não concluído		Não concluído		Não concluído		Não concluído		Não concluído		Não concluído		Não concluído		Não concluído		Não concluído		Não concluído		Não concluído		Não concluído		Não concluído		Não concluído		Não concluído		Não concluído		Não concluído		Não concluído		Não concluído		Não concluído		Não concluído		Não concluído		Não concluído		Não concluído		Não concluído		Não concluído		Não concluído		Não concluído		Não concluído		Não concluído		Não concluído		Não concluído		Não concluído		Não concluído		Não concluído		Não concluído		Não concluído		Não concluído		Não concluído		Não concluído		Não concluído		Não concluído		Não concluído		Não concluído		Não concluído		Não concluído		Não concluído		Não concluído		Não concluído		Não concluído		Não concluído		Não concluído		Não concluído		Não concluído		Não concluído		Não concluído		Não concluído		Não concluído		Não concluído		Não concluído		Não concluído		Não concluído		Não concluído		Não concluído	
39	1f5f003f8fb68db6a64f93e631198622	Não concluído		Não concluído		Não concluído		Não concluído		Não concluído		Não concluído		Não concluído		Não concluído		Não concluído		Não concluído		Não concluído		Não concluído		Não concluído		Não concluído		Não concluído		Não concluído		Não concluído		Não concluído		Não concluído		Não concluído		Não concluído		Não concluído		Não concluído		Não concluído		Não concluído		Não concluído		Não concluído		Não concluído		Não concluído		Não concluído		Não concluído		Não concluído		Não concluído		Não concluído		Não concluído		Não concluído		Não concluído		Não concluído		Não concluído		Não concluído		Não concluído		Não concluído		Não concluído		Não concluído		Não concluído		Não concluído		Não concluído		Não concluído		Não concluído		Não concluído		Não concluído		Não concluído		Não concluído		Não concluído		Não concluído		Não concluído		Não concluído		Não concluído		Não concluído		Não concluído		Não concluído		Não concluído		Não concluído		Não concluído		Não concluído		Não concluído		Não concluído		Não concluído		Não concluído		Não concluído		Não concluído		Não concluído		Não concluído		Não concluído		Não concluído		Não concluído		Não concluído		Não concluído		Não concluído		Não concluído		Não concluído		Não concluído		Não concluído		Não concluído		Não concluído		Não concluído		Não concluído		Não concluído		Não concluído		Não concluído		Não concluído		Não concluído		Não concluído		Não concluído		Não concluído		Não concluído		Não concluído		Não concluído		Não concluído		Não concluído		Não concluído		Não concluído		Não concluído		Não concluído		Não concluído		Não concluído		Não concluído		Não concluído		Não concluído		Não concluído		Não concluído		Não concluído		Não concluído		Não concluído		Não concluído		Não concluído		Não concluído		Não concluído		Não concluído		Não concluído		Não concluído		Não concluído		Não concluído		Não concluído		Não concluído		Não concluído		Não concluído		Não concluído		Não concluído		Não concluído		Não concluído		Não concluído		Não concluído		Não concluído		Não concluído		Não concluído		Não concluído		Não concluído		Não concluído		Não concluído		Não concluído		Não concluído	
40	84a9d8e03e91e17929edb15a764894d0	Concluído	2025-09-05 12:27:51	Concluído	2025-09-05 12:27:51	Concluído	2025-09-05 12:27:12	Concluído	2025-09-05 12:27:29	Concluído	2025-09-05 12:27:30	Concluído	2025-09-05 12:27:30	Concluído	2025-09-05 12:27:31	Concluído	2025-09-05 12:27:32	Concluído	2025-09-05 12:27:32	Concluído	2025-05-21 10:14:28	Concluído	2025-09-05 12:27:33	Concluído	2025-09-05 12:27:34	Concluído	2025-09-05 12:27:50	Não concluído		Não concluído		Não concluído		Não concluído		Não concluído		Não concluído		Não concluído		Não concluído		Não concluído		Não concluído		Não concluído		Não concluído		Não concluído		Não concluído		Não concluído		Não concluído		Não concluído		Não concluído		Não concluído		Não concluído		Não concluído		Não concluído		Não concluído		Não concluído		Não concluído		Não concluído		Não concluído		Não concluído		Não concluído		Não concluído		Não concluído		Não concluído		Não concluído		Não concluído		Não concluído		Não concluído		Não concluído		Não concluído		Não concluído		Não concluído		Não concluído		Não concluído		Não concluído		Não concluído		Não concluído		Não concluído		Não concluído		Não concluído		Não concluído		Não concluído		Não concluído		Não concluído		Não concluído		Não concluído		Não concluído		Não concluído		Não concluído		Não concluído		Não concluído		Não concluído		Não concluído		Não concluído		Não concluído		Não concluído		Não concluído		Não concluído		Não concluído		Não concluído		Não concluído		Não concluído		Não concluído		Não concluído		Não concluído		Não concluído	2025-06-24 19:28:50	Não concluído		Não concluído		Não concluído		Não concluído		Não concluído		Não concluído		Não concluído		Não concluído		Não concluído		Não concluído		Não concluído		Não concluído		Não concluído		Não concluído		Não concluído		Não concluído		Não concluído		Não concluído		Não concluído		Não concluído		Não concluído		Não concluído		Não concluído		Não concluído		Não concluído		Não concluído		Não concluído		Não concluído		Não concluído		Não concluído		Não concluído		Não concluído		Não concluído		Não concluído		Não concluído		Não concluído		Não concluído		Não concluído		Não concluído		Não concluído		Não concluído		Não concluído		Não concluído		Não concluído		Não concluído		Não concluído		Não concluído		Não concluído		Não concluído		Não concluído		Não concluído		Não concluído		Não concluído		Não concluído		Não concluído	
42	8f1c2a10b2defe4a67ea6641629712c8	Concluído	2025-07-03 17:19:48	Concluído	2025-07-03 17:19:47	Concluído	2025-08-14 17:44:43	Concluído	2025-07-03 17:19:41	Concluído	2025-07-03 17:19:40	Concluído	2025-07-03 17:19:39	Concluído	2025-07-03 17:19:38	Concluído	2025-07-03 17:19:37	Concluído	2025-07-03 17:19:36	Concluído	2025-07-03 17:19:35	Não concluído		Não concluído		Concluído	2025-07-03 17:19:46	Concluído	2025-07-03 17:20:01	Concluído	2025-07-03 17:20:02	Concluído	2025-07-03 17:20:03	Concluído	2025-07-03 17:20:05	Concluído	2025-07-03 17:20:06	Concluído	2025-07-03 17:20:07	Concluído	2025-07-03 17:20:08	Concluído	2025-07-03 17:20:09	Concluído	2025-05-21 09:04:20	Concluído	2025-07-03 17:20:21	Concluído	2025-07-03 17:20:20	Concluído	2025-07-03 17:20:18	Concluído	2025-07-03 17:20:17	Concluído	2025-07-03 17:20:16	Concluído	2025-07-03 17:20:15	Concluído	2025-07-03 17:20:14	Concluído	2025-07-03 17:20:13	Concluído	2025-07-03 17:20:12	Concluído	2025-05-21 09:04:17	Concluído	2025-07-03 17:20:36	Concluído	2025-07-03 17:20:35	Concluído	2025-07-03 17:20:34	Concluído	2025-07-03 17:20:33	Concluído	2025-07-03 17:20:32	Concluído	2025-07-03 17:20:31	Concluído	2025-05-24 19:28:48	Concluído	2025-07-03 17:20:29	Concluído	2025-07-03 17:20:28	Concluído	2025-07-03 17:20:27	Concluído	2025-07-03 17:20:26	Concluído	2025-07-03 17:20:44	Concluído	2025-07-03 17:20:44	Concluído	2025-07-03 17:20:47	Concluído	2025-07-03 17:20:48	Concluído	2025-05-28 12:49:45	Concluído	2025-07-03 17:20:49	Concluído	2025-05-28 12:49:54	Concluído	2025-07-03 17:20:50	Concluído	2025-07-03 17:21:01	Concluído	2025-07-03 17:21:00	Concluído	2025-07-03 17:20:58	Concluído	2025-07-03 17:20:55	Concluído	2025-07-03 17:21:09	Concluído	2025-07-03 17:21:11	Concluído	2025-07-03 17:21:19	Concluído	2025-07-03 17:21:18	Concluído	2025-07-03 17:21:17	Concluído	2025-07-03 17:21:16	Concluído	2025-07-03 17:21:15	Concluído	2025-07-03 17:21:14	Concluído	2025-05-28 12:58:23	Concluído	2025-07-03 17:21:33	Concluído	2025-07-03 17:21:31	Concluído	2025-07-03 17:21:30	Concluído	2025-07-03 17:21:28	Concluído	2025-07-03 17:21:27	Concluído	2025-07-03 17:21:26	Concluído	2025-07-03 17:21:25	Concluído	2025-07-03 17:21:24	Concluído	2025-07-03 17:21:23	Concluído	2025-05-28 12:58:37	Concluído	2025-07-03 17:21:56	Concluído	2025-07-03 17:21:54	Concluído	2025-07-03 17:21:52	Concluído	2025-07-03 17:21:49	Concluído	2025-07-03 17:21:48	Concluído	2025-07-03 17:21:51	Concluído	2025-07-03 17:21:46	Concluído	2025-07-03 17:21:45	Concluído	2025-07-03 17:21:42	Concluído	2025-07-03 17:21:39	Concluído	2025-07-03 17:22:03	Concluído	2025-07-03 17:22:02	Concluído	2025-07-03 17:22:01	Concluído	2025-07-03 17:22:00	Concluído	2025-07-03 17:22:35	Concluído	2025-07-03 17:22:32	Concluído	2025-07-03 17:22:31	Concluído	2025-07-03 17:22:30	Concluído	2025-07-03 17:22:28	Concluído	2025-07-03 17:22:26	Concluído	2025-07-03 17:19:26	Concluído	2025-07-03 17:22:25	Concluído	2025-07-03 17:22:24	Concluído	2025-07-03 17:22:22	Concluído	2025-07-03 17:22:21	Concluído	2025-07-30 16:20:30	Concluído	2025-07-30 16:20:31	Concluído	2025-07-30 16:20:32	Concluído	2025-07-30 16:20:33	Concluído	2025-07-30 16:20:34	Concluído	2025-07-30 16:20:36	Concluído	2025-07-30 16:20:37	Concluído	2025-07-30 16:20:38	Concluído	2025-07-30 16:20:40	Concluído	2025-07-30 16:20:41	Concluído	2025-07-30 16:20:47	Concluído	2025-07-30 16:20:46	Concluído	2025-07-30 16:20:45	Concluído	2025-07-30 16:20:44	Concluído	2025-07-30 16:20:43	Concluído	2025-07-30 16:20:54	Concluído	2025-07-30 16:20:53	Concluído	2025-07-30 16:20:52	Concluído	2025-07-30 16:20:51	Concluído	2025-07-30 16:20:50	Concluído	2025-08-07 15:41:31	Concluído	2025-08-07 15:41:32	Concluído	2025-08-07 15:41:33	Concluído	2025-08-07 15:41:35	Concluído	2025-08-14 17:44:27	Concluído	2025-08-14 17:44:49	Concluído	2025-08-14 17:44:51	Concluído	2025-08-14 17:45:04	Concluído	2025-08-14 17:45:02	Concluído	2025-08-14 17:45:01	Concluído	2025-08-14 17:45:00	Não concluído		Não concluído		Não concluído		Não concluído		Não concluído		Não concluído		Não concluído		Não concluído		Não concluído		Não concluído		Não concluído		Não concluído	
44	58217825ea286ade1a22ec88a8ba61f7	Concluído	2025-05-28 14:06:15	Concluído	2025-05-28 14:06:15	Concluído	2025-07-13 22:24:08	Concluído	2025-05-28 14:06:09	Concluído	2025-05-28 14:06:09	Concluído	2025-05-28 14:06:09	Concluído	2025-05-28 14:06:10	Concluído	2025-05-28 14:06:10	Concluído	2025-05-28 14:06:11	Concluído	2025-05-28 14:06:11	Não concluído		Não concluído		Concluído	2025-05-28 14:06:14	Concluído	2025-05-24 11:06:17	Concluído	2025-05-24 11:06:15	Concluído	2025-05-24 11:06:17	Concluído	2025-05-24 11:06:18	Concluído	2025-05-24 11:06:18	Concluído	2025-05-24 11:06:19	Concluído	2025-05-24 11:06:21	Concluído	2025-05-24 11:06:20	Concluído	2025-05-24 11:06:36	Concluído	2025-05-24 11:06:37	Concluído	2025-05-24 11:06:38	Concluído	2025-05-24 11:06:39	Concluído	2025-05-24 11:06:39	Concluído	2025-05-24 11:06:40	Concluído	2025-05-24 11:06:40	Concluído	2025-05-24 11:06:41	Concluído	2025-05-24 11:06:41	Concluído	2025-05-24 11:06:41	Concluído	2025-05-24 11:11:30	Concluído	2025-05-24 11:11:34	Concluído	2025-05-24 11:11:34	Concluído	2025-05-24 11:11:33	Concluído	2025-05-24 11:11:33	Concluído	2025-05-24 11:11:32	Concluído	2025-05-24 11:11:32	Concluído	2025-05-28 14:06:23	Concluído	2025-05-28 14:06:24	Concluído	2025-05-28 14:06:25	Concluído	2025-05-28 14:06:25	Concluído	2025-05-28 14:06:26	Concluído	2025-05-28 14:06:33	Concluído	2025-05-28 14:06:34	Concluído	2025-05-28 14:06:34	Concluído	2025-05-28 14:06:36	Concluído	2025-06-01 23:22:19	Concluído	2025-06-01 23:22:21	Concluído	2025-06-01 23:29:57	Concluído	2025-06-01 23:29:59	Concluído	2025-06-03 22:47:03	Concluído	2025-06-03 22:47:04	Concluído	2025-06-03 22:47:05	Concluído	2025-06-03 22:47:06	Concluído	2025-06-03 22:47:14	Concluído	2025-06-03 22:47:16	Concluído	2025-06-03 22:47:16	Concluído	2025-06-03 22:47:17	Concluído	2025-06-03 22:47:17	Concluído	2025-06-03 22:47:18	Concluído	2025-06-03 22:47:32	Concluído	2025-06-03 22:47:19	Concluído	2025-06-12 20:09:30	Concluído	2025-06-05 22:31:49	Concluído	2025-06-05 22:31:49	Concluído	2025-06-05 22:31:50	Concluído	2025-06-05 22:31:50	Concluído	2025-06-05 22:31:51	Concluído	2025-06-05 22:31:52	Concluído	2025-06-05 22:31:52	Concluído	2025-06-05 22:31:53	Concluído	2025-06-05 22:31:53	Concluído	2025-06-14 19:06:26	Concluído	2025-06-12 22:30:22	Concluído	2025-06-12 22:30:24	Concluído	2025-06-12 22:30:25	Concluído	2025-06-12 22:30:26	Concluído	2025-06-12 22:30:26	Concluído	2025-06-12 22:30:27	Concluído	2025-06-12 22:30:27	Concluído	2025-06-12 22:30:28	Concluído	2025-06-22 17:42:46	Concluído	2025-06-22 17:37:02	Concluído	2025-06-22 17:37:03	Concluído	2025-06-22 17:37:24	Concluído	2025-06-22 17:37:25	Concluído	2025-06-27 21:34:41	Concluído	2025-08-21 17:59:52	Concluído	2025-07-03 22:58:57	Concluído	2025-07-03 22:58:58	Concluído	2025-07-03 22:58:58	Concluído	2025-07-03 22:58:59	Concluído	2025-07-03 22:59:00	Concluído	2025-07-13 22:23:57	Concluído	2025-07-03 22:59:02	Concluído	2025-07-03 22:59:02	Concluído	2025-07-03 22:59:02	Concluído	2025-07-03 22:59:03	Concluído	2025-08-02 22:47:31	Concluído	2025-08-02 22:47:32	Concluído	2025-08-02 22:47:32	Concluído	2025-08-02 22:47:33	Concluído	2025-08-02 22:47:33	Concluído	2025-08-02 22:47:34	Concluído	2025-08-02 22:47:34	Concluído	2025-08-02 22:47:35	Concluído	2025-08-02 22:47:36	Concluído	2025-08-02 22:47:37	Concluído	2025-08-02 22:47:36	Concluído	2025-08-02 22:47:37	Concluído	2025-08-02 22:47:38	Concluído	2025-08-02 22:47:39	Concluído	2025-08-02 22:47:39	Concluído	2025-08-02 22:47:40	Concluído	2025-08-02 22:47:43	Concluído	2025-08-02 22:47:44	Concluído	2025-08-02 22:47:45	Concluído	2025-08-02 22:47:47	Concluído	2025-08-02 22:47:52	Concluído	2025-08-02 22:47:51	Concluído	2025-08-02 22:47:51	Concluído	2025-08-02 22:47:50	Concluído	2025-08-02 22:47:49	Concluído	2025-08-02 22:47:49	Concluído	2025-08-14 22:31:02	Concluído	2025-08-14 22:31:06	Concluído	2025-08-14 22:31:09	Concluído	2025-08-14 22:31:12	Concluído	2025-08-14 22:31:13	Concluído	2025-08-14 22:31:14	Concluído	2025-08-14 22:31:15	Concluído	2025-08-14 22:31:19	Não concluído		Não concluído		Não concluído		Não concluído		Não concluído		Não concluído		Não concluído		Não concluído		Não concluído	
46	546625a5abf64adf96370d275e4de3b2	Não concluído		Não concluído		Não concluído		Não concluído		Não concluído		Não concluído		Não concluído		Não concluído		Não concluído		Não concluído		Não concluído		Não concluído		Não concluído		Não concluído		Não concluído		Não concluído		Não concluído		Não concluído		Não concluído		Não concluído		Não concluído		Não concluído		Não concluído		Não concluído		Não concluído		Não concluído		Não concluído		Não concluído		Não concluído		Não concluído		Não concluído		Não concluído		Não concluído		Não concluído		Não concluído		Não concluído		Não concluído		Não concluído		Não concluído		Não concluído		Não concluído		Não concluído		Não concluído		Não concluído		Não concluído		Não concluído		Não concluído		Não concluído		Não concluído		Não concluído		Não concluído		Não concluído		Não concluído		Não concluído		Não concluído		Não concluído		Não concluído		Não concluído		Não concluído		Não concluído		Não concluído		Não concluído		Não concluído		Não concluído		Não concluído		Não concluído		Não concluído		Não concluído		Não concluído		Não concluído		Não concluído		Não concluído		Não concluído		Não concluído		Não concluído		Não concluído		Não concluído		Não concluído		Não concluído		Não concluído		Não concluído		Não concluído		Não concluído		Não concluído		Não concluído		Não concluído		Não concluído		Não concluído		Não concluído		Não concluído		Não concluído		Não concluído		Não concluído		Não concluído		Não concluído		Não concluído		Não concluído		Não concluído		Não concluído		Não concluído		Não concluído		Não concluído		Não concluído		Não concluído		Não concluído		Não concluído		Não concluído		Não concluído		Não concluído		Não concluído		Não concluído		Não concluído		Não concluído		Não concluído		Não concluído		Não concluído		Não concluído		Não concluído		Não concluído		Não concluído		Não concluído		Não concluído		Não concluído		Não concluído		Não concluído		Não concluído		Não concluído		Não concluído		Não concluído		Não concluído		Não concluído		Não concluído		Não concluído		Não concluído		Não concluído		Não concluído		Não concluído		Não concluído		Não concluído		Não concluído		Não concluído		Não concluído	
47	c84426778d83da8184b66899d5056414	Não concluído		Não concluído		Não concluído		Não concluído		Não concluído		Não concluído		Não concluído		Não concluído		Não concluído		Não concluído		Não concluído		Não concluído		Não concluído		Não concluído		Não concluído		Não concluído		Não concluído		Não concluído		Não concluído		Não concluído		Não concluído		Não concluído		Não concluído		Não concluído		Não concluído		Não concluído		Não concluído		Não concluído		Não concluído		Não concluído		Não concluído		Não concluído		Não concluído		Não concluído		Não concluído		Não concluído		Não concluído		Não concluído		Não concluído		Não concluído		Não concluído		Não concluído		Não concluído		Não concluído		Não concluído		Não concluído		Não concluído		Não concluído		Não concluído		Não concluído		Não concluído		Não concluído		Não concluído		Não concluído		Não concluído		Não concluído		Não concluído		Não concluído		Não concluído		Não concluído		Não concluído		Não concluído		Não concluído		Não concluído		Não concluído		Não concluído		Não concluído		Não concluído		Não concluído		Não concluído		Não concluído		Não concluído		Não concluído		Não concluído		Não concluído		Não concluído		Não concluído		Não concluído		Não concluído		Não concluído		Não concluído		Não concluído		Não concluído		Não concluído		Não concluído		Não concluído		Não concluído		Não concluído		Não concluído		Não concluído		Não concluído		Não concluído		Não concluído		Não concluído		Não concluído		Não concluído		Não concluído		Não concluído		Não concluído		Não concluído		Não concluído		Não concluído		Não concluído		Não concluído		Não concluído		Não concluído		Não concluído		Não concluído		Não concluído		Não concluído		Não concluído		Não concluído		Não concluído		Não concluído		Não concluído		Não concluído		Não concluído		Não concluído		Não concluído		Não concluído		Não concluído		Não concluído		Não concluído		Não concluído		Não concluído		Não concluído		Não concluído		Não concluído		Não concluído		Não concluído		Não concluído		Não concluído		Não concluído		Não concluído		Não concluído		Não concluído		Não concluído		Não concluído		Não concluído		Não concluído		Não concluído		Não concluído	
49	2f5f2f608def5ab753c2d6c94f69c40a	Concluído	2025-06-02 00:36:51	Concluído	2025-06-02 00:36:50	Não concluído		Concluído	2025-05-23 17:59:06	Concluído	2025-05-23 17:59:08	Concluído	2025-06-02 00:36:34	Concluído	2025-06-02 00:36:36	Concluído	2025-06-02 00:36:37	Concluído	2025-06-02 00:36:39	Concluído	2025-06-02 00:36:40	Não concluído		Não concluído		Concluído	2025-06-02 00:36:47	Concluído	2025-06-02 00:36:58	Concluído	2025-06-02 00:37:00	Concluído	2025-06-02 00:37:01	Concluído	2025-06-02 00:37:02	Concluído	2025-06-02 00:37:03	Concluído	2025-05-23 18:01:08	Concluído	2025-05-23 18:01:07	Concluído	2025-05-23 18:01:06	Concluído	2025-05-23 18:01:03	Não concluído		Não concluído		Não concluído		Não concluído		Não concluído		Não concluído		Não concluído		Não concluído		Não concluído		Concluído	2025-06-02 00:35:11	Concluído	2025-06-12 15:06:25	Não concluído		Não concluído		Não concluído		Não concluído		Não concluído		Concluído	2025-06-02 00:35:15	Não concluído		Não concluído		Não concluído		Não concluído		Não concluído		Não concluído		Não concluído		Não concluído		Não concluído		Não concluído		Não concluído		Não concluído		Não concluído		Não concluído		Não concluído		Não concluído		Concluído	2025-06-06 09:14:42	Concluído	2025-06-06 09:14:43	Concluído	2025-06-06 09:14:43	Concluído	2025-06-06 09:15:34	Concluído	2025-06-06 09:15:35	Concluído	2025-06-06 09:15:35	Concluído	2025-06-06 09:15:36	Concluído	2025-06-06 09:15:36	Concluído	2025-06-06 09:15:37	Concluído	2025-06-12 09:13:46	Concluído	2025-06-12 09:13:47	Concluído	2025-06-12 09:13:51	Concluído	2025-06-12 09:13:51	Concluído	2025-06-12 09:13:52	Concluído	2025-06-12 09:13:52	Concluído	2025-06-12 09:13:53	Concluído	2025-06-12 09:13:54	Concluído	2025-06-12 09:13:53	Concluído	2025-06-12 09:13:54	Concluído	2025-06-23 19:28:15	Concluído	2025-06-12 09:14:12	Concluído	2025-06-23 19:28:17	Concluído	2025-06-23 19:28:18	Concluído	2025-06-23 19:28:19	Concluído	2025-06-23 19:28:20	Concluído	2025-06-23 19:28:22	Concluído	2025-06-23 19:28:22	Concluído	2025-06-23 19:28:25	Concluído	2025-08-21 11:57:03	Concluído	2025-06-23 19:28:29	Concluído	2025-06-23 20:08:57	Concluído	2025-08-21 11:57:08	Concluído	2025-08-21 11:58:42	Concluído	2025-08-21 11:57:15	Concluído	2025-08-21 11:57:17	Concluído	2025-08-21 11:57:18	Concluído	2025-08-21 11:57:19	Concluído	2025-08-21 11:57:22	Concluído	2025-08-21 11:57:23	Concluído	2025-08-21 11:57:31	Concluído	2025-08-21 11:57:33	Concluído	2025-08-21 11:57:35	Concluído	2025-08-21 11:57:36	Concluído	2025-08-21 11:57:38	Concluído	2025-08-21 11:57:39	Concluído	2025-08-21 11:57:41	Concluído	2025-08-21 11:57:42	Concluído	2025-08-21 11:57:43	Concluído	2025-08-21 11:57:44	Concluído	2025-08-21 11:57:47	Concluído	2025-08-21 11:57:48	Concluído	2025-08-21 11:57:49	Concluído	2025-08-21 11:57:50	Concluído	2025-08-21 11:57:52	Concluído	2025-08-21 11:57:53	Concluído	2025-08-21 11:57:54	Concluído	2025-08-21 11:57:55	Concluído	2025-08-21 11:57:57	Concluído	2025-08-21 11:57:58	Concluído	2025-08-21 11:58:11	Concluído	2025-08-21 11:58:14	Concluído	2025-08-21 11:58:16	Concluído	2025-08-21 11:58:17	Concluído	2025-08-21 11:58:18	Concluído	2025-08-21 11:58:32	Concluído	2025-08-21 11:58:31	Concluído	2025-08-21 11:58:30	Concluído	2025-08-21 11:58:29	Concluído	2025-08-21 11:58:28	Concluído	2025-08-21 11:58:27	Concluído	2025-08-21 11:58:25	Não concluído		Não concluído		Não concluído		Não concluído		Não concluído		Não concluído		Não concluído		Não concluído		Não concluído		Não concluído		Não concluído		Não concluído		Não concluído		Não concluído		Não concluído		Não concluído	
50	6cb62ea594dbbab4c471e302c7e02271	Não concluído		Não concluído		Não concluído		Não concluído		Não concluído		Não concluído		Não concluído		Não concluído		Não concluído		Não concluído		Não concluído		Não concluído		Não concluído		Não concluído		Não concluído		Não concluído		Não concluído		Não concluído		Não concluído		Não concluído		Não concluído		Concluído	2025-05-19 20:24:56	Não concluído		Não concluído		Não concluído		Não concluído		Não concluído		Não concluído		Não concluído		Não concluído		Não concluído		Concluído	2025-05-24 21:04:12	Não concluído		Não concluído		Não concluído		Não concluído		Não concluído		Não concluído		Concluído	2025-05-24 21:04:25	Não concluído		Não concluído		Não concluído		Não concluído		Não concluído		Não concluído		Não concluído		Não concluído		Não concluído		Não concluído		Não concluído		Não concluído		Não concluído		Não concluído		Não concluído		Não concluído		Não concluído		Não concluído		Não concluído		Não concluído		Não concluído		Não concluído		Não concluído		Não concluído		Não concluído		Não concluído		Não concluído		Não concluído		Não concluído		Não concluído		Não concluído		Não concluído		Não concluído		Não concluído		Não concluído		Não concluído		Não concluído		Não concluído		Não concluído		Não concluído		Não concluído		Não concluído		Não concluído		Não concluído		Não concluído		Não concluído		Não concluído		Não concluído		Não concluído		Não concluído		Não concluído		Não concluído		Não concluído		Não concluído		Não concluído		Não concluído		Não concluído		Não concluído		Não concluído		Não concluído		Não concluído		Não concluído		Não concluído		Não concluído		Não concluído		Não concluído		Não concluído		Não concluído		Não concluído		Não concluído		Não concluído		Não concluído		Não concluído		Não concluído		Não concluído		Não concluído		Não concluído		Não concluído		Não concluído		Não concluído		Não concluído		Não concluído		Não concluído		Não concluído		Não concluído		Não concluído		Não concluído		Não concluído		Não concluído		Não concluído		Não concluído		Não concluído		Não concluído		Não concluído		Não concluído		Não concluído		Não concluído		Não concluído		Não concluído		Não concluído		Não concluído		Não concluído		Não concluído	
51	8b0dbbc6f528d206c45d681d8aa54dbf	Não concluído		Não concluído		Não concluído		Não concluído		Não concluído		Não concluído		Não concluído		Não concluído		Não concluído		Não concluído		Não concluído		Não concluído		Não concluído		Não concluído		Não concluído		Não concluído		Não concluído		Não concluído		Não concluído		Não concluído		Não concluído		Não concluído		Não concluído		Não concluído		Não concluído		Não concluído		Não concluído		Não concluído		Não concluído		Não concluído		Não concluído		Não concluído		Não concluído		Não concluído		Não concluído		Não concluído		Não concluído		Não concluído		Não concluído		Não concluído		Não concluído		Não concluído		Não concluído		Não concluído		Não concluído		Não concluído		Não concluído		Não concluído		Não concluído		Não concluído		Não concluído		Não concluído		Não concluído		Não concluído		Não concluído		Não concluído		Não concluído		Não concluído		Não concluído		Não concluído		Não concluído		Não concluído		Não concluído		Não concluído		Não concluído		Não concluído		Não concluído		Não concluído		Não concluído		Não concluído		Não concluído		Não concluído		Não concluído		Não concluído		Não concluído		Não concluído		Não concluído		Não concluído		Não concluído		Não concluído		Não concluído		Não concluído		Não concluído		Não concluído		Não concluído		Não concluído		Não concluído		Não concluído		Não concluído		Não concluído		Não concluído		Não concluído		Não concluído		Não concluído		Não concluído		Não concluído		Não concluído		Não concluído		Não concluído		Não concluído		Não concluído		Não concluído		Não concluído		Não concluído		Não concluído		Não concluído		Não concluído		Não concluído		Não concluído		Não concluído		Não concluído		Não concluído		Não concluído		Não concluído		Não concluído		Não concluído		Não concluído		Não concluído		Não concluído		Não concluído		Não concluído		Não concluído		Não concluído		Não concluído		Não concluído		Não concluído		Não concluído		Não concluído		Não concluído		Não concluído		Não concluído		Não concluído		Não concluído		Não concluído		Não concluído		Não concluído		Não concluído		Não concluído		Não concluído		Não concluído		Não concluído		Não concluído	
52	b8eae4f35dcc80de6c5ac475b0d45f2d	Não concluído		Não concluído		Não concluído		Não concluído		Não concluído		Não concluído		Não concluído		Não concluído		Não concluído		Não concluído		Não concluído		Não concluído		Não concluído		Não concluído		Não concluído		Não concluído		Não concluído		Não concluído		Não concluído		Não concluído		Não concluído		Não concluído		Não concluído		Não concluído		Não concluído		Não concluído		Não concluído		Não concluído		Não concluído		Não concluído		Não concluído		Não concluído		Não concluído		Não concluído		Não concluído		Não concluído		Não concluído		Não concluído		Não concluído		Não concluído		Não concluído		Não concluído		Não concluído		Não concluído		Não concluído		Não concluído		Não concluído		Não concluído		Não concluído		Não concluído		Não concluído		Não concluído		Não concluído		Não concluído		Não concluído		Não concluído		Não concluído		Não concluído		Não concluído		Não concluído		Não concluído		Não concluído		Não concluído		Não concluído		Não concluído		Não concluído		Não concluído		Não concluído		Não concluído		Não concluído		Não concluído		Não concluído		Não concluído		Não concluído		Não concluído		Não concluído		Não concluído		Não concluído		Não concluído		Não concluído		Não concluído		Não concluído		Não concluído		Não concluído		Não concluído		Não concluído		Não concluído		Não concluído		Não concluído		Não concluído		Não concluído		Não concluído		Não concluído		Não concluído		Não concluído		Não concluído		Não concluído		Não concluído		Não concluído		Não concluído		Não concluído		Não concluído		Não concluído		Não concluído		Não concluído		Não concluído		Não concluído		Não concluído		Não concluído		Não concluído		Não concluído		Não concluído		Não concluído		Não concluído		Não concluído		Não concluído		Não concluído		Não concluído		Não concluído		Não concluído		Não concluído		Não concluído		Não concluído		Não concluído		Não concluído		Não concluído		Não concluído		Não concluído		Não concluído		Não concluído		Não concluído		Não concluído		Não concluído		Não concluído		Não concluído		Não concluído		Não concluído		Não concluído		Não concluído		Não concluído		Não concluído		Não concluído	
53	656d6c0630553a6164f628db9a09fd3e	Não concluído		Não concluído		Não concluído		Não concluído		Não concluído		Não concluído		Não concluído		Não concluído		Não concluído		Não concluído		Não concluído		Não concluído		Não concluído		Não concluído		Não concluído		Não concluído		Não concluído		Não concluído		Não concluído		Não concluído		Não concluído		Não concluído		Não concluído		Não concluído		Não concluído		Não concluído		Não concluído		Não concluído		Não concluído		Não concluído		Não concluído		Não concluído		Não concluído		Não concluído		Não concluído		Não concluído		Não concluído		Não concluído		Não concluído		Não concluído		Não concluído		Não concluído		Não concluído		Não concluído		Não concluído		Não concluído		Não concluído		Não concluído		Não concluído		Não concluído		Não concluído		Não concluído		Não concluído		Não concluído		Não concluído		Não concluído		Não concluído		Não concluído		Não concluído		Não concluído		Não concluído		Não concluído		Não concluído		Não concluído		Não concluído		Não concluído		Não concluído		Não concluído		Não concluído		Não concluído		Não concluído		Não concluído		Não concluído		Não concluído		Não concluído		Não concluído		Não concluído		Não concluído		Não concluído		Não concluído		Não concluído		Não concluído		Não concluído		Não concluído		Não concluído		Não concluído		Não concluído		Não concluído		Não concluído		Não concluído		Não concluído		Não concluído		Não concluído		Não concluído		Não concluído		Não concluído		Não concluído		Não concluído		Não concluído		Não concluído	2025-08-22 23:34:33	Não concluído		Não concluído		Não concluído		Não concluído		Não concluído		Não concluído		Não concluído		Não concluído		Não concluído		Não concluído		Não concluído		Não concluído		Não concluído		Não concluído		Não concluído		Não concluído		Não concluído		Não concluído		Não concluído		Não concluído		Não concluído		Não concluído		Não concluído		Não concluído		Não concluído		Não concluído		Não concluído		Não concluído		Não concluído		Não concluído		Não concluído		Não concluído		Não concluído		Não concluído		Não concluído		Não concluído		Não concluído		Não concluído		Não concluído		Não concluído		Não concluído		Não concluído	
