Unnamed: 0	id_anonimo	Resumo para a Prova Teórica 2 (PT2)	Unnamed: 31	Resumo para a Prova Teórica 1 (PT1)	Unnamed: 29	Boas vindas!!!	Unnamed: 3	Plano de ensino (unificado) - BCC701	Unnamed: 5	Cronograma detalhado	Unnamed: 7	Diário de classe	Unnamed: 9	Cálculo de notas para Exame Especial	Unnamed: 11	Escolha para o EXAME ESPECIAL	Unnamed: 13	Notas lançadas no sistema acadêmico	Unnamed: 15	Página da disciplina	Unnamed: 17	Agenda do Professor	Unnamed: 19	Atendimentos: Extraclase, Monitoria e Tutoria	Unnamed: 21	opCoders Judge (Corretor automático de exercícios práticos)	Unnamed: 23	Conteúdo teórico (livro texto)	Unnamed: 27	Apresentação da disciplina	Unnamed: 37	[1] Plano de ensino (13 min)	Unnamed: 39	[2] Critérios de avaliação (13 min) 	Unnamed: 41	[3] Ferramentas e recursos (17 min)	Unnamed: 43	[4] Dicas para um bom desempenho da disciplina (14 min)	Unnamed: 45	[Cap. 1] Introdução	Unnamed: 47	[1] Algoritmos (25 min)	Unnamed: 49	[2] Programas de computador (30 min)	Unnamed: 51	[QM-1] Questionário teórico do Capítulo 1 (prazo: 15/05 às 13:00)	Unnamed: 53	[Cap. 2] Variáveis e expressões	Unnamed: 55	[1] Variáveis (30 min)	Unnamed: 57	[2] Expressões: Parte 1 - Operadores aritméticos (16 min)	Unnamed: 59	[3] Expressões: Parte 2 - Precedência e associatividade (12 min)	Unnamed: 61	[4] Expressões: Parte 3 - Exercício (com contra-exemplo) (6 min)	Unnamed: 63	[5] Expressões: Parte 4 - Funções elementares (20 min)	Unnamed: 65	[6] Expressões: Parte 5 - Valores constantes (4 min)	Unnamed: 67	[7] Expressões: Parte 6 - Exemplos de funções e constantes (15 min)	Unnamed: 69	[8] Expressões: Parte 7 - Exercício prático (10 min)	Unnamed: 71	[QM-2] Questionário teórico do Capítulo 2 (prazo: 20/05 às 13:00)	Unnamed: 73	[Cap. 3] Entrada e saída	Unnamed: 75	[1] Introdução (3 min)	Unnamed: 77	[2] Entrada (23 min)	Unnamed: 79	[3] Saída (6 min)	Unnamed: 81	[4] Strings (37 min)	Unnamed: 83	[5] Exercícios práticos (27 min)	Unnamed: 85	[QM-3] Questionário teórico do Capítulo 3 (prazo: 20/05 às 13:00)	Unnamed: 87	[AP-1.1] Ambiente de programação	Unnamed: 89	[AP-1.2] Conhecendo o corretor automático	Unnamed: 91	[AP-2_3.1] Variáveis, expressões, entrada e saída (aula)	Unnamed: 93	[AP-2_3.2] Variáveis, expressões, entrada e saída (semana)	Unnamed: 95	[Cap. 4] Estruturas de Decisão	Unnamed: 97	[1] Introdução e operadores relacionais (10 min)	Unnamed: 99	[2] Comando if (21 min)	Unnamed: 101	[3] A cláusula else (19 min)	Unnamed: 103	[QM-4] Questionário teórico do Capítulo 4 - até clausula else (prazo: 22/05 às 13:00)	Unnamed: 105	[4] Operadores lógicos (20 min)	Unnamed: 107	[5] Decisões aninhadas (26 min)	Unnamed: 109	[QM-5] Questionário teórico do Capítulo 4 - até decisões aninhadas (prazo: 29/05 às 13:00)	Unnamed: 111	[AP-4.1] Estruturas de Decisão Simples (aula)	Unnamed: 113	[AP-4.2] Estruturas de Decisão Simples (semana)	Unnamed: 115	[AP-4.3] Estruturas de Decisão Aninhadas (aula)	Unnamed: 117	[AP-4.4] Estruturas de Decisão Aninhadas (semana)	Unnamed: 119	[Cap. 5.1] Estrutura de Repetição: WHILE	Unnamed: 121	[1] Introdução (6 min)	Unnamed: 123	[2] Comando while (8 min)	Unnamed: 125	[3] Exercício 1 (20 min)	Unnamed: 127	[4] Exercício 2 (23 min)	Unnamed: 129	[5] Exercício 3 (26 min)	Unnamed: 131	[6] Exercício 4 (24 min)	Unnamed: 133	[7] Exercício 5 (15 min)	Unnamed: 135	[QM-6] Questionário teórico da Seção 5.1 (prazo: 05/06 às 13:00)	Unnamed: 137	[AP-5.1] Estrutura de Repetição: WHILE (aula)	Unnamed: 139	[AP-5.2] Estrutura de Repetição: WHILE (semana)	Unnamed: 141	[Cap. 5.2] Estrutura de Repetição: FOR	Unnamed: 143	[1] Introdução (7 min)	Unnamed: 145	[2] Comando FOR (24 min)	Unnamed: 147	[3] Exercício 1 (18 min)	Unnamed: 149	[4] Exercício 2 (13 min)	Unnamed: 151	[5] Comparando WHILE e FOR (13 min)	Unnamed: 153	[6] Exercício 3 (22 min)	Unnamed: 155	[QM-7] Questionário teórico da Seção 5.2 (prazo: 12/06 às 13:00)	Unnamed: 157	[AP-5.3] Estrutura de Repetição: FOR (aula)	Unnamed: 159	[AP-5.4] Estrutura de Repetição: FOR (semana)	Unnamed: 161	[Cap. 5.3] Estruturas de Repetição Aninhadas	Unnamed: 163	[1] Laços aninhados (10 min)	Unnamed: 165	[2] Exercício 1 (14 min)	Unnamed: 167	[3] Exercício 2 (16 min)	Unnamed: 169	[4] Exercício 3 (14 min)	Unnamed: 171	[5] Exercício 4 (20 min)	Unnamed: 173	[QM-8] Questionário teórico da Seção 5.3 (prazo: 26/06 às 13:00)	Unnamed: 175	[AP-5.5] Estruturas de Repetição Aninhadas (aula)	Unnamed: 177	[AP-5.6] Estruturas de Repetição Aninhadas (semana)	Unnamed: 179	[AP-S1] Simulado da Prova Teórica Unificada 1	Unnamed: 181	Prova Teórica Unificada 1 (PT1)	Unnamed: 185	Procedimentos para aplicação da avaliação PT1	Unnamed: 187	PT1 - Gabarito e Critérios de Correção	Unnamed: 189	[Cap. 6] Implementação de Funções	Unnamed: 191	[2] Definição de funções (25 min)	Unnamed: 195	[3] Chamada de funções (29 min)	Unnamed: 197	[4] Escopo de variáveis (14 min)	Unnamed: 199	[5] Função sem argumento de entrada (12 min)	Unnamed: 201	[6] Função sem retorno (10 min)	Unnamed: 203	[7] Retorno de vários valores (29 min)	Unnamed: 205	[QM-9] Questionário teórico do Capítulo 6 (prazo: 03/07 às 13:00)	Unnamed: 207	[AP-6.1] Implementação de Funções (aula)	Unnamed: 209	[AP-6.2] Implementação de Funções (semana)	Unnamed: 211	[AP-6.3] Implementação de Funções (aula)	Unnamed: 213	[AP-6.4] Implementação de Funções (semana)	Unnamed: 215	Biblioteca padrão para Vetores e Matrizes	Unnamed: 217	[Cap. 7.1] Estruturas Homogêneas: VETOR	Unnamed: 219	[1] Conceito (14 min)	Unnamed: 221	[2.1] Sintaxe (2 min)	Unnamed: 223	[2.2] Criar vetores por atribuição (11 min)	Unnamed: 225	[2.3] Ler e modificar elementos (10 min)	Unnamed: 227	[2.4] Inserir elementos (4 min)	Unnamed: 229	[2.5] Remover elementos (5 min)	Unnamed: 231	[2.6] Descobrir a dimensão (5 min)	Unnamed: 233	[2.7] Percorrer elementos (15 min)	Unnamed: 235	[3] Exercício 1 (12 min)	Unnamed: 237	[4] Exercício 2 (32 min)	Unnamed: 239	[5] Exercício 3 (28 min)	Unnamed: 241	[6] Funções úteis (28 min)	Unnamed: 243	[7] Exercício 4 (27 min)	Unnamed: 245	[QM-10] Questionário teórico do Capítulo 7: VETOR (prazo: 31/07 às 13:00)	Unnamed: 247	[AP-7.1] Estrutura Homogênea - VETOR (aula)	Unnamed: 249	[AP-7.2] Estrutura Homogênea - VETOR (semana)	Unnamed: 251	[AP-7.3] Estrutura Homogênea - VETOR (aula)	Unnamed: 253	[AP-7.4] Estrutura Homogênea - VETOR (semana)	Unnamed: 255	[Cap. 7.2] Estruturas Homogêneas: MATRIZ	Unnamed: 257	[1] Conceito (5 min)	Unnamed: 259	[2] Sintaxe e operações (25 min)	Unnamed: 261	[3] Exercício 1 (28 min)	Unnamed: 263	[4] Funções úteis (21 min)	Unnamed: 265	[5] Exercício 2 (34 min)	Unnamed: 267	[QM-11] Questionário teórico do Capítulo 7: MATRIZ (prazo: 14/08 às 13:00)	Unnamed: 269	[AP-7.5] Estrutura Homogênea - MATRIZ (aula)	Unnamed: 271	[AP-7.6] Estrutura Homogênea - MATRIZ (semana)	Unnamed: 273	[AP-7.7] Estrutura Homogênea - MATRIZ (aula)	Unnamed: 275	[AP-7.8] Estrutura Homogênea - MATRIZ (semana)	Unnamed: 277	[AP-S2] Simulado da Prova Teórica Unificada 2	Unnamed: 279	Prova Teórica Unificada 2 (PT2)	Unnamed: 281	Procedimentos para aplicação da avaliação	Unnamed: 283	PT2 - Gabarito e Critérios de Correção	Unnamed: 285	[Cap. 8] Estruturas Heterogêneas: REGISTRO	Unnamed: 287	[1] Definição e sintaxe básica (23 min)	Unnamed: 289	[2] Vetores e matrizes de registros (11 min)	Unnamed: 291	[3] Registros como argumento ou retorno de função (8 min)	Unnamed: 293	[4] Exercício 1 (20 min)	Unnamed: 295	[QM-12] Questionário teórico do Capítulo 8: REGISTRO (prazo: 28/08 às 13:00)	Unnamed: 297	[AP-8] Estruturas Heterogêneas - REGISTRO	Unnamed: 299	Exames Especiais (EE)	Unnamed: 303
0	1905a40ba69b741c0768d21d32703d05	Não concluído		Não concluído		Não concluído		Concluído	2025-05-18 22:27:01	Concluído	2025-05-18 22:27:00	Concluído	2025-05-18 22:26:59	Não concluído		Não concluído		Não concluído		Concluído	2025-05-18 22:25:57	Concluído	2025-05-18 22:25:26	Concluído	2025-05-18 22:25:20	Concluído	2025-05-18 22:25:09	Não concluído		Concluído	2025-05-18 22:06:21	Concluído	2025-05-18 22:06:27	Concluído	2025-05-18 22:06:29	Concluído	2025-05-18 22:06:30	Concluído	2025-05-18 22:06:31	Concluído	2025-05-18 22:06:35	Concluído	2025-05-18 22:23:20	Concluído	2025-05-18 22:23:22	Concluído	2025-05-18 22:31:16	Concluído	2025-05-18 22:46:48	Concluído	2025-05-18 23:04:11	Concluído	2025-05-19 19:40:49	Concluído	2025-05-19 19:55:07	Concluído	2025-05-19 19:58:19	Não concluído		Não concluído		Não concluído		Não concluído		Não concluído		Não concluído		Não concluído		Não concluído		Não concluído		Não concluído		Não concluído		Não concluído		Não concluído		Não concluído		Não concluído		Não concluído		Não concluído		Não concluído		Não concluído		Não concluído		Não concluído		Não concluído		Não concluído		Não concluído		Não concluído		Não concluído		Não concluído		Não concluído		Não concluído		Não concluído		Não concluído		Não concluído		Não concluído		Não concluído		Não concluído		Não concluído		Não concluído		Não concluído		Não concluído		Não concluído		Não concluído		Não concluído		Não concluído		Não concluído		Não concluído		Não concluído		Não concluído		Não concluído		Não concluído		Não concluído		Não concluído		Não concluído		Não concluído		Não concluído		Não concluído		Não concluído		Não concluído		Não concluído		Não concluído		Não concluído		Não concluído		Não concluído		Não concluído		Não concluído		Não concluído		Não concluído		Não concluído		Não concluído		Não concluído		Não concluído		Não concluído		Não concluído		Não concluído		Não concluído		Não concluído		Não concluído		Não concluído		Não concluído		Não concluído		Não concluído		Não concluído		Não concluído		Não concluído		Não concluído		Não concluído		Não concluído		Não concluído		Não concluído		Não concluído		Não concluído		Não concluído		Não concluído		Não concluído		Não concluído		Não concluído		Não concluído		Não concluído		Não concluído		Não concluído		Não concluído		Não concluído		Não concluído		Não concluído		Não concluído		Não concluído		Não concluído		Não concluído		Não concluído		Não concluído		Não concluído		Não concluído		Não concluído		Não concluído		Não concluído		Não concluído		Não concluído		Não concluído	
2	7609c74be0f00e8216a9440a554aed0f	Não concluído		Não concluído		Não concluído		Não concluído		Não concluído		Não concluído		Não concluído		Não concluído		Não concluído		Não concluído		Não concluído		Não concluído		Não concluído		Não concluído		Não concluído		Não concluído		Não concluído		Não concluído		Não concluído		Não concluído		Não concluído		Não concluído		Não concluído		Não concluído		Não concluído		Não concluído		Não concluído		Não concluído		Não concluído		Não concluído		Não concluído		Não concluído		Não concluído		Não concluído		Não concluído		Não concluído		Não concluído		Não concluído		Não concluído		Não concluído		Não concluído		Não concluído		Não concluído		Não concluído		Não concluído		Não concluído		Não concluído		Não concluído		Não concluído		Não concluído		Não concluído		Não concluído		Não concluído		Não concluído		Não concluído		Não concluído		Não concluído		Não concluído		Não concluído		Não concluído		Não concluído		Não concluído		Não concluído		Não concluído		Não concluído		Não concluído		Não concluído		Não concluído		Não concluído		Não concluído		Não concluído		Não concluído		Não concluído		Não concluído		Não concluído		Não concluído		Não concluído		Não concluído		Não concluído		Não concluído		Não concluído		Não concluído		Não concluído		Não concluído		Não concluído		Não concluído		Não concluído		Não concluído		Não concluído		Não concluído		Não concluído		Não concluído		Não concluído		Não concluído		Não concluído		Não concluído		Não concluído		Não concluído		Não concluído		Não concluído		Não concluído		Não concluído		Não concluído		Não concluído		Não concluído		Não concluído		Não concluído		Não concluído		Não concluído		Não concluído		Não concluído		Não concluído		Não concluído		Não concluído		Não concluído		Não concluído		Não concluído		Não concluído		Não concluído		Não concluído		Não concluído		Não concluído		Não concluído		Não concluído		Não concluído		Não concluído		Não concluído		Não concluído		Não concluído		Não concluído		Não concluído		Não concluído		Não concluído		Não concluído		Não concluído		Não concluído		Não concluído		Não concluído		Não concluído		Não concluído		Não concluído		Não concluído		Não concluído		Não concluído		Não concluído	
3	bd9ee3d9ea020ab4d0154e42699169f2	Não concluído		Não concluído		Não concluído		Não concluído		Não concluído		Não concluído		Não concluído		Não concluído		Não concluído		Não concluído		Não concluído		Não concluído		Não concluído		Não concluído		Não concluído		Não concluído		Não concluído		Não concluído		Não concluído		Não concluído		Não concluído		Não concluído		Não concluído		Não concluído		Não concluído		Não concluído		Não concluído		Não concluído		Não concluído		Não concluído		Não concluído		Não concluído		Não concluído		Não concluído		Não concluído		Não concluído		Não concluído		Não concluído		Não concluído		Não concluído		Não concluído		Não concluído		Não concluído		Não concluído		Não concluído		Não concluído		Não concluído		Não concluído		Não concluído		Não concluído		Não concluído		Não concluído		Não concluído		Não concluído		Não concluído		Não concluído		Não concluído		Não concluído		Não concluído		Não concluído		Não concluído		Não concluído		Não concluído		Não concluído		Não concluído		Não concluído		Não concluído		Não concluído		Não concluído		Não concluído		Não concluído		Não concluído		Não concluído		Não concluído		Não concluído		Não concluído		Não concluído		Não concluído		Não concluído		Não concluído		Não concluído		Não concluído		Não concluído		Não concluído		Não concluído		Não concluído		Não concluído		Não concluído		Não concluído		Não concluído		Não concluído		Não concluído		Não concluído		Não concluído		Não concluído		Não concluído		Não concluído		Não concluído		Não concluído		Não concluído		Não concluído		Não concluído		Não concluído		Não concluído		Não concluído		Não concluído		Não concluído		Não concluído		Não concluído		Não concluído		Não concluído		Não concluído		Não concluído		Não concluído		Não concluído		Não concluído		Não concluído		Não concluído		Não concluído		Não concluído		Não concluído		Não concluído		Não concluído		Não concluído		Não concluído		Não concluído		Não concluído		Não concluído		Não concluído		Não concluído		Não concluído		Não concluído		Não concluído		Não concluído		Não concluído		Não concluído		Não concluído		Não concluído		Não concluído		Não concluído		Não concluído		Não concluído		Não concluído		Não concluído		Não concluído	
4	7ed4b2548c6d41f2f65e923923ace9ca	Não concluído		Não concluído		Não concluído		Não concluído		Não concluído	2025-08-28 17:28:28	Não concluído		Não concluído	2025-08-28 17:28:27	Não concluído		Não concluído		Não concluído		Não concluído		Não concluído		Não concluído		Não concluído		Não concluído		Não concluído		Não concluído		Não concluído		Não concluído		Não concluído		Não concluído		Não concluído		Não concluído		Não concluído		Não concluído		Não concluído		Não concluído		Não concluído		Não concluído		Não concluído		Não concluído		Não concluído		Não concluído		Não concluído		Não concluído		Não concluído		Não concluído		Não concluído		Não concluído		Não concluído		Não concluído		Não concluído		Não concluído		Não concluído		Não concluído		Não concluído		Não concluído		Não concluído		Não concluído		Não concluído		Não concluído		Não concluído		Não concluído		Não concluído		Não concluído		Não concluído		Não concluído		Não concluído		Não concluído		Não concluído		Não concluído		Não concluído		Não concluído		Não concluído		Não concluído		Não concluído		Não concluído		Não concluído		Não concluído		Não concluído		Não concluído		Não concluído		Não concluído		Não concluído		Não concluído		Não concluído		Não concluído		Não concluído		Não concluído		Não concluído		Não concluído		Não concluído		Não concluído		Não concluído		Não concluído		Não concluído		Não concluído		Não concluído		Não concluído		Não concluído		Não concluído		Não concluído		Não concluído		Não concluído		Não concluído		Não concluído		Não concluído		Não concluído		Não concluído		Não concluído		Não concluído		Não concluído		Não concluído		Não concluído		Não concluído		Não concluído		Não concluído		Não concluído		Não concluído		Não concluído		Não concluído		Não concluído		Não concluído		Não concluído		Não concluído		Não concluído		Não concluído		Não concluído		Não concluído		Não concluído		Não concluído		Não concluído		Não concluído		Não concluído		Não concluído		Não concluído		Não concluído		Não concluído		Não concluído		Não concluído		Não concluído		Não concluído		Não concluído		Não concluído		Não concluído		Não concluído		Não concluído		Não concluído		Não concluído		Não concluído		Não concluído		Não concluído		Não concluído		Não concluído		Não concluído	
5	a3b17ff48c7151e1b51e25c97eead580	Não concluído		Não concluído		Não concluído		Não concluído		Não concluído		Não concluído		Não concluído		Não concluído		Não concluído		Não concluído		Não concluído		Não concluído		Não concluído		Não concluído		Não concluído		Não concluído		Não concluído		Não concluído		Não concluído		Não concluído		Não concluído		Não concluído		Não concluído		Não concluído		Não concluído		Não concluído		Não concluído		Não concluído		Não concluído		Não concluído		Não concluído		Não concluído		Não concluído		Não concluído		Não concluído		Não concluído		Não concluído		Não concluído		Não concluído		Não concluído		Não concluído		Não concluído		Não concluído		Não concluído		Não concluído		Não concluído		Não concluído		Não concluído		Não concluído		Não concluído		Não concluído		Não concluído		Não concluído		Não concluído		Não concluído		Não concluído		Não concluído		Não concluído		Não concluído		Não concluído		Não concluído		Não concluído		Não concluído		Não concluído		Não concluído		Não concluído		Não concluído		Não concluído		Não concluído		Não concluído		Não concluído		Não concluído		Não concluído		Não concluído		Não concluído		Não concluído		Não concluído		Não concluído		Não concluído		Não concluído		Não concluído		Não concluído		Não concluído		Não concluído		Não concluído		Não concluído		Não concluído		Não concluído		Não concluído		Não concluído		Não concluído		Não concluído		Não concluído		Não concluído		Não concluído		Não concluído		Não concluído		Não concluído		Não concluído		Não concluído		Não concluído		Não concluído		Não concluído		Não concluído		Não concluído		Não concluído		Não concluído		Não concluído		Não concluído		Não concluído		Não concluído		Não concluído		Não concluído		Não concluído		Não concluído		Não concluído		Não concluído		Não concluído		Não concluído		Não concluído		Não concluído		Não concluído		Não concluído		Não concluído		Não concluído		Não concluído		Não concluído		Não concluído		Não concluído		Não concluído		Não concluído		Não concluído		Não concluído		Não concluído		Não concluído		Não concluído		Não concluído		Não concluído		Não concluído		Não concluído		Não concluído		Não concluído		Não concluído		Não concluído		Não concluído	
6	aa4b7d3e897a8b715e96ee18c4689515	Não concluído		Não concluído		Concluído	2025-05-18 18:29:54	Não concluído		Não concluído		Não concluído		Não concluído		Não concluído		Não concluído		Não concluído		Não concluído		Não concluído		Não concluído		Não concluído		Não concluído		Não concluído		Não concluído		Não concluído		Não concluído		Não concluído		Não concluído		Não concluído		Não concluído		Não concluído		Não concluído		Não concluído		Não concluído		Não concluído		Não concluído		Não concluído		Não concluído		Não concluído		Não concluído		Não concluído		Não concluído		Não concluído		Não concluído		Não concluído		Não concluído		Não concluído		Não concluído		Não concluído		Não concluído		Não concluído		Não concluído		Não concluído		Não concluído		Não concluído		Não concluído		Não concluído		Não concluído		Não concluído		Não concluído		Não concluído		Não concluído		Não concluído		Não concluído		Não concluído		Não concluído		Não concluído		Não concluído		Não concluído		Não concluído		Não concluído		Não concluído		Não concluído		Não concluído		Não concluído		Não concluído		Não concluído		Não concluído		Não concluído		Não concluído		Não concluído		Não concluído		Não concluído		Não concluído		Não concluído		Não concluído		Não concluído		Não concluído		Não concluído		Não concluído		Não concluído		Não concluído		Não concluído		Não concluído		Não concluído		Não concluído		Não concluído		Não concluído		Não concluído		Não concluído		Não concluído		Não concluído		Não concluído		Não concluído		Não concluído		Não concluído		Não concluído		Não concluído		Não concluído		Não concluído		Não concluído		Não concluído		Não concluído		Não concluído		Não concluído		Não concluído		Não concluído		Não concluído		Não concluído		Não concluído		Não concluído		Não concluído		Não concluído		Não concluído		Não concluído		Não concluído		Não concluído		Não concluído		Não concluído		Não concluído		Não concluído		Não concluído		Não concluído		Não concluído		Não concluído		Não concluído		Não concluído		Não concluído		Não concluído		Não concluído		Não concluído		Não concluído		Não concluído		Não concluído		Não concluído		Não concluído		Não concluído		Não concluído		Não concluído		Não concluído		Não concluído		Não concluído	
7	4fa137db34a31891d0c63badbe7fb3da	Não concluído		Não concluído		Concluído	2025-05-14 19:18:15	Não concluído		Concluído	2025-05-14 19:18:43	Não concluído		Não concluído		Não concluído		Não concluído		Não concluído		Não concluído		Não concluído		Não concluído		Não concluído		Concluído	2025-06-05 17:15:41	Concluído	2025-06-05 17:15:42	Concluído	2025-06-05 17:15:43	Concluído	2025-06-05 17:15:43	Concluído	2025-06-05 17:15:44	Concluído	2025-06-05 17:15:45	Concluído	2025-06-05 17:15:46	Concluído	2025-06-05 17:15:46	Concluído	2025-06-05 17:15:47	Concluído	2025-06-05 17:15:49	Concluído	2025-06-05 17:15:50	Concluído	2025-06-05 17:15:51	Concluído	2025-06-05 17:15:51	Concluído	2025-06-05 17:15:52	Concluído	2025-06-05 17:15:53	Concluído	2025-06-05 17:15:56	Concluído	2025-06-05 17:15:56	Concluído	2025-06-05 17:15:58	Concluído	2025-06-05 17:15:58	Concluído	2025-06-05 17:15:30	Concluído	2025-06-05 17:15:31	Concluído	2025-06-05 17:15:31	Concluído	2025-06-05 17:15:32	Concluído	2025-06-05 17:15:29	Concluído	2025-06-05 17:15:28	Concluído	2025-06-05 17:15:27	Concluído	2025-06-05 17:16:04	Concluído	2025-06-05 17:16:05	Concluído	2025-06-05 17:16:06	Concluído	2025-06-05 17:16:06	Não concluído		Não concluído		Não concluído		Não concluído		Não concluído		Não concluído		Não concluído		Não concluído		Não concluído		Não concluído		Não concluído		Não concluído		Não concluído		Não concluído		Não concluído		Não concluído		Não concluído		Não concluído		Não concluído		Não concluído		Não concluído		Não concluído		Não concluído		Não concluído		Não concluído		Não concluído		Não concluído		Não concluído		Não concluído		Não concluído		Não concluído		Não concluído		Não concluído		Não concluído		Não concluído		Não concluído		Não concluído		Não concluído		Não concluído		Não concluído		Não concluído		Não concluído		Não concluído		Não concluído		Não concluído		Não concluído		Não concluído		Não concluído		Não concluído		Não concluído		Não concluído		Não concluído		Não concluído		Não concluído		Não concluído		Não concluído		Não concluído		Não concluído		Não concluído		Não concluído		Não concluído		Não concluído		Não concluído		Não concluído		Não concluído		Não concluído		Não concluído		Não concluído		Não concluído		Não concluído		Não concluído		Não concluído		Não concluído		Não concluído		Não concluído		Não concluído		Não concluído		Não concluído		Não concluído		Não concluído		Não concluído		Não concluído		Não concluído		Não concluído		Não concluído		Não concluído		Não concluído		Não concluído		Não concluído		Não concluído		Não concluído		Não concluído		Não concluído		Não concluído		Não concluído		Não concluído		Não concluído		Não concluído		Não concluído		Não concluído		Não concluído	
8	8337aabb3b661994581d8ba8ae2b47aa	Não concluído		Não concluído		Não concluído		Não concluído		Não concluído		Não concluído		Não concluído		Não concluído		Não concluído		Não concluído		Não concluído		Não concluído		Não concluído		Não concluído		Não concluído		Não concluído		Não concluído		Não concluído		Não concluído		Não concluído		Não concluído		Não concluído		Não concluído		Não concluído		Não concluído		Não concluído		Não concluído		Não concluído		Não concluído		Não concluído		Não concluído		Não concluído		Não concluído		Não concluído		Não concluído		Não concluído		Não concluído		Não concluído		Não concluído		Não concluído		Não concluído		Não concluído		Não concluído		Não concluído		Não concluído		Não concluído		Não concluído		Não concluído		Não concluído		Não concluído		Não concluído		Não concluído		Não concluído		Não concluído		Não concluído		Não concluído		Não concluído		Concluído	2025-06-24 09:20:15	Concluído	2025-06-24 09:20:19	Concluído	2025-06-24 10:13:21	Concluído	2025-06-24 10:54:03	Não concluído		Não concluído		Não concluído		Não concluído		Não concluído		Não concluído		Não concluído		Não concluído		Não concluído		Não concluído		Não concluído		Não concluído		Não concluído		Não concluído		Não concluído		Não concluído		Não concluído		Não concluído		Não concluído		Não concluído		Não concluído		Não concluído		Não concluído		Não concluído		Não concluído		Não concluído		Não concluído		Não concluído		Não concluído		Não concluído	2025-08-29 19:37:38	Concluído	2025-08-29 19:37:27	Concluído	2025-08-29 19:37:28	Concluído	2025-08-29 19:37:29	Concluído	2025-08-29 19:37:29	Concluído	2025-08-29 20:31:23	Não concluído		Não concluído		Não concluído		Não concluído		Não concluído		Não concluído		Não concluído		Não concluído		Concluído	2025-08-30 00:51:16	Concluído	2025-08-30 00:51:17	Concluído	2025-08-30 00:59:11	Concluído	2025-08-30 01:08:28	Concluído	2025-08-30 01:11:14	Concluído	2025-08-30 01:13:56	Concluído	2025-08-30 01:17:07	Concluído	2025-08-30 07:53:49	Concluído	2025-08-30 08:10:03	Não concluído		Não concluído		Não concluído		Não concluído		Não concluído		Não concluído		Não concluído		Não concluído		Não concluído		Não concluído		Não concluído		Não concluído		Não concluído		Não concluído		Não concluído		Não concluído		Não concluído		Não concluído		Não concluído		Não concluído		Não concluído		Não concluído		Não concluído		Não concluído		Não concluído		Não concluído		Não concluído		Não concluído		Não concluído		Não concluído		Não concluído		Não concluído	
9	afee641b2891d63bbd7734626e2aa7bd	Concluído	2025-06-28 18:46:43	Concluído	2025-06-28 18:46:42	Concluído	2025-05-10 12:29:01	Concluído	2025-05-10 12:29:02	Concluído	2025-05-10 12:29:04	Concluído	2025-05-10 12:29:05	Não concluído		Não concluído		Não concluído		Concluído	2025-05-10 12:29:06	Concluído	2025-05-10 12:29:07	Concluído	2025-05-17 11:05:31	Concluído	2025-05-17 11:05:29	Concluído	2025-06-28 18:46:40	Concluído	2025-05-14 09:57:36	Concluído	2025-05-14 09:57:36	Concluído	2025-05-14 09:57:37	Concluído	2025-05-14 09:57:37	Concluído	2025-05-14 09:57:38	Concluído	2025-05-14 09:57:39	Concluído	2025-05-14 09:57:39	Concluído	2025-05-14 09:57:40	Concluído	2025-05-14 09:57:41	Concluído	2025-06-28 18:44:29	Concluído	2025-06-28 18:44:30	Concluído	2025-06-28 18:44:30	Concluído	2025-06-28 18:44:31	Concluído	2025-06-28 18:44:32	Concluído	2025-06-28 18:44:32	Concluído	2025-06-28 18:44:33	Concluído	2025-06-28 18:44:33	Concluído	2025-06-28 18:44:34	Concluído	2025-06-28 18:44:35	Concluído	2025-06-28 18:46:33	Concluído	2025-06-28 18:46:33	Concluído	2025-06-28 18:44:43	Concluído	2025-06-28 18:44:42	Concluído	2025-06-28 18:44:41	Concluído	2025-06-28 18:44:40	Concluído	2025-06-28 18:44:40	Concluído	2025-06-28 18:44:38	Concluído	2025-06-28 18:44:38	Concluído	2025-06-28 18:44:38	Concluído	2025-06-28 18:44:39	Concluído	2025-06-28 18:46:52	Concluído	2025-06-28 18:46:53	Concluído	2025-06-28 18:46:54	Concluído	2025-06-28 18:46:55	Concluído	2025-06-28 18:46:55	Concluído	2025-06-28 18:46:56	Concluído	2025-06-28 18:46:57	Concluído	2025-06-28 18:46:58	Concluído	2025-06-28 18:46:59	Concluído	2025-06-28 18:47:00	Concluído	2025-06-28 18:47:01	Concluído	2025-06-28 18:47:01	Concluído	2025-06-28 18:44:12	Concluído	2025-06-28 18:44:11	Concluído	2025-06-28 18:44:10	Concluído	2025-06-28 18:44:13	Concluído	2025-06-28 18:44:09	Concluído	2025-06-28 18:44:08	Concluído	2025-06-28 18:44:16	Concluído	2025-06-28 18:44:16	Concluído	2025-06-28 18:44:15	Concluído	2025-06-28 18:44:17	Concluído	2025-06-28 18:44:18	Concluído	2025-06-28 18:44:01	Concluído	2025-06-28 18:44:02	Concluído	2025-06-28 18:44:06	Concluído	2025-06-28 18:44:03	Concluído	2025-06-28 18:44:03	Concluído	2025-06-28 18:43:57	Concluído	2025-06-28 18:43:58	Concluído	2025-06-28 18:43:58	Concluído	2025-06-28 18:43:59	Concluído	2025-06-28 18:44:04	Concluído	2025-06-28 18:43:53	Concluído	2025-06-28 18:43:54	Concluído	2025-06-28 18:43:55	Concluído	2025-06-28 18:43:55	Concluído	2025-06-28 18:43:52	Concluído	2025-06-28 18:43:38	Concluído	2025-06-28 18:43:35	Concluído	2025-06-28 18:43:23	Concluído	2025-06-28 18:43:25	Concluído	2025-06-28 18:43:26	Concluído	2025-06-28 18:43:21	Concluído	2025-06-28 18:43:20	Concluído	2025-07-03 14:15:11	Não concluído		Não concluído		Não concluído		Não concluído		Não concluído		Não concluído		Não concluído		Concluído	2025-07-03 13:06:59	Não concluído		Não concluído		Não concluído		Não concluído		Não concluído		Não concluído		Não concluído		Não concluído		Não concluído		Não concluído		Não concluído		Não concluído		Não concluído		Não concluído		Não concluído		Não concluído		Não concluído		Não concluído		Não concluído		Concluído	2025-07-28 08:54:15	Não concluído		Não concluído		Não concluído		Não concluído		Não concluído		Não concluído		Não concluído		Não concluído		Não concluído		Não concluído		Não concluído		Não concluído		Não concluído		Não concluído		Não concluído		Não concluído		Não concluído		Não concluído		Não concluído		Concluído	2025-08-26 07:56:44	Não concluído		Não concluído		Não concluído		Não concluído		Concluído	2025-08-26 08:20:49	Não concluído		Não concluído	
10	e725d503320f22a4ca174db7b2af40ae	Não concluído		Não concluído		Não concluído		Não concluído		Não concluído		Não concluído	2025-06-30 16:09:29	Não concluído		Não concluído		Não concluído		Não concluído		Não concluído		Não concluído		Não concluído		Não concluído		Não concluído		Não concluído		Não concluído		Não concluído		Não concluído		Não concluído		Não concluído		Não concluído		Não concluído		Não concluído		Não concluído		Não concluído		Não concluído		Não concluído		Não concluído		Não concluído		Não concluído		Não concluído		Não concluído		Não concluído		Não concluído		Não concluído		Não concluído		Não concluído		Não concluído		Não concluído		Não concluído		Não concluído		Não concluído		Não concluído		Não concluído		Não concluído		Não concluído		Não concluído		Não concluído		Não concluído		Não concluído		Não concluído		Não concluído		Não concluído		Não concluído		Não concluído		Não concluído		Não concluído		Não concluído		Não concluído		Não concluído		Não concluído		Não concluído		Não concluído		Não concluído		Não concluído		Não concluído		Não concluído		Não concluído		Não concluído		Não concluído		Não concluído		Não concluído		Não concluído		Não concluído		Não concluído		Não concluído		Não concluído		Não concluído		Não concluído		Não concluído		Não concluído		Não concluído		Não concluído		Não concluído		Não concluído		Não concluído		Não concluído		Não concluído		Não concluído		Não concluído		Não concluído		Não concluído		Não concluído		Não concluído		Não concluído		Não concluído		Não concluído		Não concluído		Não concluído		Não concluído		Não concluído		Não concluído		Não concluído		Não concluído		Não concluído		Não concluído		Não concluído		Não concluído		Não concluído		Não concluído		Não concluído		Não concluído		Não concluído		Não concluído		Não concluído		Não concluído		Não concluído		Não concluído		Não concluído		Não concluído		Não concluído		Não concluído		Não concluído		Não concluído		Não concluído		Não concluído		Não concluído		Não concluído		Não concluído		Não concluído		Não concluído		Não concluído		Não concluído		Não concluído		Não concluído		Não concluído		Não concluído		Não concluído		Não concluído		Não concluído		Não concluído		Não concluído		Não concluído		Não concluído	
11	ca48abe431de70e0cfc3991ee698842a	Concluído	2025-06-27 23:04:09	Concluído	2025-05-27 13:16:36	Concluído	2025-05-26 13:41:06	Concluído	2025-05-26 13:41:07	Concluído	2025-05-26 13:41:08	Não concluído	2025-08-14 22:34:11	Não concluído		Não concluído		Não concluído		Concluído	2025-05-26 13:41:10	Concluído	2025-05-26 13:41:15	Concluído	2025-05-26 13:41:16	Concluído	2025-05-26 13:41:21	Concluído	2025-05-27 13:16:35	Concluído	2025-05-15 07:44:48	Concluído	2025-05-15 07:44:52	Concluído	2025-05-15 07:44:54	Concluído	2025-05-15 07:44:56	Concluído	2025-05-15 07:44:58	Concluído	2025-05-26 13:41:40	Concluído	2025-05-26 13:41:41	Concluído	2025-05-26 14:13:21	Concluído	2025-05-15 07:45:27	Concluído	2025-05-26 14:13:25	Concluído	2025-05-26 14:35:37	Concluído	2025-05-27 12:46:20	Concluído	2025-05-27 12:52:52	Concluído	2025-05-27 12:58:02	Concluído	2025-05-27 13:16:43	Concluído	2025-06-02 18:20:38	Concluído	2025-06-02 18:46:01	Concluído	2025-06-10 09:12:32	Concluído	2025-05-27 13:33:24	Concluído	2025-06-10 09:15:19	Concluído	2025-06-10 09:15:18	Concluído	2025-06-10 09:32:00	Concluído	2025-06-10 10:15:34	Concluído	2025-06-10 10:55:26	Concluído	2025-06-17 22:04:38	Concluído	2025-05-19 21:26:09	Concluído	2025-06-10 10:15:49	Concluído	2025-06-10 10:15:52	Concluído	2025-06-10 10:15:54	Concluído	2025-06-10 10:15:55	Concluído	2025-06-24 18:48:27	Concluído	2025-06-24 19:04:00	Concluído	2025-06-24 19:19:27	Concluído	2025-06-24 19:38:36	Concluído	2025-05-22 12:23:06	Concluído	2025-06-24 21:41:39	Concluído	2025-06-24 22:28:28	Concluído	2025-05-29 10:55:40	Concluído	2025-06-17 22:04:49	Concluído	2025-06-17 22:04:50	Concluído	2025-06-17 22:04:52	Concluído	2025-06-17 22:04:53	Concluído	2025-06-26 10:53:09	Concluído	2025-06-26 16:38:47	Concluído	2025-06-26 17:00:43	Concluído	2025-06-26 18:03:40	Concluído	2025-06-26 18:43:30	Concluído	2025-06-26 21:05:37	Concluído	2025-06-26 21:08:23	Concluído	2025-06-26 22:13:11	Concluído	2025-06-09 14:57:51	Concluído	2025-06-26 10:53:13	Concluído	2025-06-26 10:53:15	Concluído	2025-06-26 10:53:18	Concluído	2025-06-27 15:26:05	Concluído	2025-06-27 15:47:54	Concluído	2025-06-27 16:08:50	Concluído	2025-06-27 16:55:53	Concluído	2025-06-27 17:07:06	Concluído	2025-06-27 19:28:52	Concluído	2025-06-12 23:33:52	Concluído	2025-06-26 10:53:20	Concluído	2025-06-26 10:53:21	Concluído	2025-06-26 10:53:26	Concluído	2025-06-27 21:52:43	Concluído	2025-06-27 22:05:50	Concluído	2025-06-27 22:05:51	Concluído	2025-06-27 22:05:52	Concluído	2025-06-27 22:05:57	Concluído	2025-06-26 10:53:28	Concluído	2025-06-26 10:53:34	Concluído	2025-06-26 10:53:37	Concluído	2025-06-25 20:17:34	Concluído	2025-06-25 20:17:26	Concluído	2025-06-26 10:53:52	Concluído	2025-08-12 12:29:51	Concluído	2025-08-20 19:38:11	Concluído	2025-08-20 20:08:32	Concluído	2025-08-22 14:55:18	Concluído	2025-08-22 15:08:05	Concluído	2025-08-22 15:08:34	Concluído	2025-08-22 15:11:12	Concluído	2025-08-22 15:31:06	Concluído	2025-07-03 08:45:23	Concluído	2025-08-20 19:38:16	Concluído	2025-08-20 19:38:16	Concluído	2025-08-20 19:38:18	Concluído	2025-08-20 19:38:19	Concluído	2025-08-22 15:35:19	Concluído	2025-08-22 15:35:21	Concluído	2025-08-22 19:16:01	Concluído	2025-08-22 19:26:13	Concluído	2025-08-22 19:30:46	Concluído	2025-08-22 19:35:22	Concluído	2025-08-22 19:39:23	Concluído	2025-08-22 19:39:24	Concluído	2025-08-22 19:52:13	Concluído	2025-08-22 20:00:26	Não concluído		Não concluído		Não concluído		Não concluído		Não concluído		Concluído	2025-08-02 09:27:33	Não concluído		Não concluído		Não concluído		Não concluído		Não concluído		Não concluído		Não concluído		Não concluído		Não concluído		Não concluído		Concluído	2025-08-13 20:04:02	Concluído	2025-08-22 15:35:25	Concluído	2025-08-22 15:35:27	Concluído	2025-08-22 15:35:28	Concluído	2025-08-22 15:35:29	Concluído	2025-08-22 15:35:33	Concluído	2025-08-22 15:35:34	Concluído	2025-08-22 15:35:36	Não concluído		Não concluído		Não concluído		Não concluído		Não concluído		Não concluído		Concluído	2025-08-27 13:21:07	Não concluído		Não concluído	
12	c0d7a03a1a584ce858a1a874af2a59ff	Não concluído		Não concluído	2025-08-05 16:04:27	Não concluído		Não concluído		Não concluído		Não concluído		Não concluído		Não concluído		Não concluído		Não concluído		Não concluído		Não concluído		Não concluído		Não concluído		Concluído	2025-06-01 17:25:54	Concluído	2025-06-01 17:25:56	Concluído	2025-06-01 17:26:01	Concluído	2025-06-01 17:26:02	Concluído	2025-06-01 17:26:04	Concluído	2025-06-01 17:26:06	Concluído	2025-06-01 17:26:07	Concluído	2025-06-01 17:26:09	Concluído	2025-06-01 17:26:10	Concluído	2025-06-01 17:26:13	Concluído	2025-06-01 17:26:14	Concluído	2025-06-01 17:26:16	Concluído	2025-06-01 17:26:17	Concluído	2025-06-01 17:26:18	Concluído	2025-06-01 17:26:19	Concluído	2025-06-01 17:26:24	Concluído	2025-06-01 17:26:26	Concluído	2025-06-01 17:26:29	Concluído	2025-06-01 17:26:27	Concluído	2025-06-01 17:26:31	Concluído	2025-06-01 17:26:32	Concluído	2025-06-01 17:26:33	Concluído	2025-06-01 17:26:34	Concluído	2025-06-01 17:26:35	Concluído	2025-06-01 17:26:36	Concluído	2025-06-01 17:26:37	Concluído	2025-06-01 17:26:40	Concluído	2025-06-01 17:26:41	Concluído	2025-06-01 17:26:42	Concluído	2025-06-01 17:26:43	Concluído	2025-06-01 17:26:45	Concluído	2025-06-01 17:26:46	Concluído	2025-06-01 17:26:47	Concluído	2025-06-01 17:26:49	Concluído	2025-06-01 17:26:50	Concluído	2025-06-01 17:26:53	Concluído	2025-06-01 17:26:54	Concluído	2025-06-01 17:26:57	Concluído	2025-06-01 17:27:01	Concluído	2025-06-01 17:27:02	Concluído	2025-06-01 17:27:04	Concluído	2025-06-01 17:27:05	Concluído	2025-06-13 13:27:14	Concluído	2025-06-06 05:56:01	Concluído	2025-06-06 05:56:22	Concluído	2025-06-06 05:56:08	Concluído	2025-06-06 05:56:09	Concluído	2025-06-06 05:56:12	Concluído	2025-06-06 05:56:14	Concluído	2025-06-06 05:56:15	Concluído	2025-06-01 17:35:37	Concluído	2025-06-06 05:56:19	Concluído	2025-06-08 12:13:46	Concluído	2025-06-12 12:17:22	Concluído	2025-06-12 12:17:23	Concluído	2025-06-12 12:17:26	Concluído	2025-06-12 12:17:27	Concluído	2025-06-12 12:17:28	Concluído	2025-06-12 12:17:33	Concluído	2025-06-12 12:17:35	Concluído	2025-06-12 12:30:54	Concluído	2025-06-13 13:27:19	Concluído	2025-06-15 22:17:00	Concluído	2025-06-26 06:58:02	Concluído	2025-06-26 06:58:03	Concluído	2025-06-26 06:58:04	Concluído	2025-06-26 06:58:05	Concluído	2025-06-26 06:58:06	Concluído	2025-06-26 06:58:08	Concluído	2025-06-26 07:10:55	Concluído	2025-07-08 19:52:37	Concluído	2025-07-08 19:52:39	Concluído	2025-07-08 19:52:41	Concluído	2025-07-08 19:52:43	Concluído	2025-07-08 19:52:51	Concluído	2025-07-08 19:54:32	Concluído	2025-07-08 19:54:35	Concluído	2025-07-08 19:54:37	Concluído	2025-07-08 19:54:38	Concluído	2025-07-08 19:54:40	Concluído	2025-07-08 19:54:42	Concluído	2025-07-08 19:54:44	Concluído	2025-07-08 19:54:43	Concluído	2025-07-03 12:30:16	Concluído	2025-07-09 21:52:26	Concluído	2025-07-09 21:52:27	Concluído	2025-07-09 21:52:28	Concluído	2025-07-09 21:52:29	Concluído	2025-07-31 12:59:11	Concluído	2025-07-31 12:59:12	Concluído	2025-07-31 12:59:14	Concluído	2025-07-31 12:59:15	Concluído	2025-07-31 12:59:16	Concluído	2025-07-31 12:59:17	Concluído	2025-07-31 12:59:19	Concluído	2025-07-31 12:59:20	Concluído	2025-07-31 12:59:22	Concluído	2025-07-31 12:59:23	Concluído	2025-07-31 12:59:26	Concluído	2025-07-31 12:59:25	Concluído	2025-07-31 12:59:27	Concluído	2025-07-31 12:59:28	Concluído	2025-07-31 12:59:30	Concluído	2025-07-31 12:59:06	Concluído	2025-07-31 12:59:37	Concluído	2025-07-31 12:59:38	Concluído	2025-08-06 20:33:56	Concluído	2025-08-06 20:33:57	Concluído	2025-08-06 20:34:00	Concluído	2025-08-06 20:34:01	Concluído	2025-08-06 20:34:01	Concluído	2025-08-06 20:34:02	Concluído	2025-08-06 20:34:04	Concluído	2025-08-06 20:34:05	Concluído	2025-08-12 10:28:29	Concluído	2025-08-11 19:07:14	Concluído	2025-08-13 17:33:30	Concluído	2025-08-20 19:58:43	Concluído	2025-08-20 19:58:45	Concluído	2025-08-25 22:39:23	Concluído	2025-08-25 22:39:24	Não concluído		Não concluído		Não concluído		Não concluído		Não concluído		Não concluído		Não concluído		Não concluído		Não concluído		Não concluído	
13	215aa4ea67e6c6df447dab27ed1fcd49	Não concluído		Não concluído		Não concluído		Não concluído		Não concluído		Não concluído		Não concluído		Não concluído		Não concluído		Não concluído		Não concluído		Não concluído		Não concluído		Não concluído		Não concluído		Não concluído		Não concluído		Não concluído		Não concluído		Não concluído		Não concluído		Não concluído		Não concluído		Não concluído		Não concluído		Não concluído		Não concluído		Não concluído		Não concluído		Não concluído		Não concluído		Não concluído		Não concluído		Não concluído		Não concluído		Não concluído		Não concluído		Não concluído		Não concluído		Não concluído		Não concluído		Não concluído		Não concluído		Não concluído		Não concluído		Não concluído		Não concluído		Não concluído		Não concluído		Não concluído		Não concluído		Não concluído		Não concluído		Não concluído		Não concluído		Não concluído		Não concluído		Não concluído		Não concluído		Não concluído		Não concluído		Não concluído		Não concluído		Não concluído		Não concluído		Não concluído		Não concluído		Não concluído		Não concluído		Não concluído		Não concluído		Não concluído		Não concluído		Não concluído		Não concluído		Não concluído		Não concluído		Não concluído		Não concluído		Não concluído		Não concluído		Não concluído		Não concluído		Não concluído		Não concluído		Não concluído		Não concluído		Não concluído		Não concluído		Não concluído		Não concluído		Não concluído		Não concluído		Não concluído		Não concluído		Não concluído		Não concluído		Não concluído		Não concluído		Não concluído		Não concluído		Não concluído		Concluído	2025-07-31 18:56:03	Não concluído		Não concluído		Não concluído		Não concluído		Não concluído		Não concluído		Não concluído		Não concluído		Não concluído		Não concluído		Não concluído		Não concluído		Não concluído		Não concluído		Não concluído		Não concluído		Não concluído		Não concluído		Não concluído		Não concluído		Não concluído		Não concluído		Não concluído		Não concluído		Não concluído		Não concluído		Não concluído		Não concluído		Não concluído		Não concluído		Não concluído		Não concluído		Não concluído		Não concluído		Não concluído		Não concluído		Não concluído		Não concluído		Não concluído		Não concluído		Não concluído		Não concluído	
14	9b838f86eaab791b425df2a2c57efa5a	Não concluído		Não concluído		Não concluído		Não concluído		Não concluído		Não concluído		Não concluído		Não concluído		Não concluído		Não concluído		Não concluído		Não concluído		Não concluído		Não concluído		Não concluído		Não concluído		Não concluído		Não concluído		Não concluído		Não concluído		Não concluído		Não concluído		Não concluído		Não concluído		Não concluído		Não concluído		Não concluído		Não concluído		Não concluído		Não concluído		Não concluído		Não concluído		Não concluído		Não concluído		Não concluído		Não concluído		Não concluído		Não concluído		Não concluído		Não concluído		Não concluído		Não concluído		Não concluído		Não concluído		Não concluído		Não concluído		Não concluído		Não concluído		Não concluído		Não concluído		Não concluído		Não concluído		Não concluído		Não concluído		Não concluído		Não concluído		Não concluído		Não concluído		Não concluído		Não concluído		Não concluído		Não concluído		Não concluído		Não concluído		Não concluído		Não concluído		Não concluído		Não concluído		Não concluído		Não concluído		Não concluído		Não concluído		Não concluído		Não concluído		Não concluído		Não concluído		Não concluído		Não concluído		Não concluído		Não concluído		Não concluído		Não concluído		Não concluído		Não concluído		Não concluído		Não concluído		Não concluído		Não concluído		Não concluído		Não concluído		Não concluído		Não concluído		Não concluído		Não concluído		Não concluído		Não concluído		Não concluído		Não concluído		Não concluído		Não concluído		Não concluído		Não concluído		Não concluído		Não concluído		Não concluído		Não concluído		Não concluído		Não concluído		Não concluído		Não concluído		Não concluído		Não concluído		Não concluído		Não concluído		Não concluído		Não concluído		Não concluído		Não concluído		Não concluído		Não concluído		Não concluído		Não concluído		Não concluído		Não concluído		Não concluído		Não concluído		Não concluído		Não concluído		Não concluído		Não concluído		Não concluído		Não concluído		Não concluído		Não concluído		Não concluído		Não concluído		Não concluído		Não concluído		Não concluído		Não concluído		Não concluído		Não concluído		Não concluído		Não concluído		Não concluído	
15	34f3118703e705fa8079acc1c513bbf0	Não concluído		Não concluído		Não concluído		Não concluído		Não concluído		Não concluído		Não concluído		Não concluído		Não concluído		Não concluído		Não concluído		Não concluído		Não concluído		Não concluído		Não concluído		Não concluído		Não concluído		Não concluído		Não concluído		Não concluído		Não concluído		Não concluído		Não concluído		Não concluído		Não concluído		Não concluído		Não concluído		Não concluído		Não concluído		Não concluído		Não concluído		Não concluído		Não concluído		Não concluído		Não concluído		Não concluído		Não concluído		Não concluído		Não concluído		Não concluído		Não concluído		Não concluído		Não concluído		Não concluído		Não concluído		Não concluído		Não concluído		Não concluído		Não concluído		Não concluído		Não concluído		Não concluído		Não concluído		Não concluído		Não concluído		Não concluído		Não concluído		Não concluído		Não concluído		Não concluído		Não concluído		Não concluído		Não concluído		Não concluído		Não concluído		Não concluído		Não concluído		Não concluído		Não concluído		Não concluído		Não concluído		Não concluído		Não concluído		Não concluído		Não concluído		Não concluído		Não concluído		Não concluído		Não concluído		Não concluído		Não concluído		Não concluído		Não concluído		Não concluído		Não concluído		Não concluído		Não concluído		Não concluído		Não concluído		Não concluído		Concluído	2025-08-22 18:07:11	Concluído	2025-08-22 18:07:12	Concluído	2025-08-22 18:07:13	Concluído	2025-08-22 18:07:14	Concluído	2025-08-22 18:07:14	Concluído	2025-08-22 18:07:15	Concluído	2025-08-22 18:07:16	Concluído	2025-08-22 18:07:17	Não concluído		Não concluído		Não concluído		Não concluído		Não concluído		Concluído	2025-08-22 21:26:01	Concluído	2025-08-22 20:29:41	Concluído	2025-08-22 20:31:44	Concluído	2025-08-22 20:43:41	Concluído	2025-08-22 21:20:58	Concluído	2025-08-22 21:22:09	Concluído	2025-08-22 21:33:11	Concluído	2025-08-22 21:39:33	Concluído	2025-08-22 22:07:33	Concluído	2025-08-22 22:22:50	Concluído	2025-08-22 22:53:10	Não concluído		Não concluído		Não concluído		Não concluído		Não concluído		Não concluído		Não concluído		Não concluído		Concluído	2025-08-22 23:51:56	Concluído	2025-08-22 23:51:57	Concluído	2025-08-23 00:48:20	Concluído	2025-08-23 00:48:34	Não concluído		Não concluído		Não concluído		Não concluído		Não concluído		Não concluído		Não concluído		Não concluído		Não concluído		Não concluído		Não concluído	2025-08-27 22:14:08	Não concluído		Não concluído		Não concluído		Não concluído		Não concluído		Não concluído		Não concluído		Não concluído	
16	e5c72e0c5128fb784941823ec860f8e7	Não concluído		Não concluído		Não concluído		Não concluído		Não concluído		Não concluído		Não concluído		Não concluído		Não concluído		Não concluído		Não concluído		Não concluído		Não concluído		Não concluído		Não concluído		Não concluído		Não concluído		Não concluído		Não concluído		Não concluído		Não concluído		Não concluído		Concluído	2025-05-16 09:44:36	Não concluído		Não concluído		Não concluído		Não concluído		Não concluído		Não concluído		Não concluído		Não concluído		Não concluído		Não concluído		Não concluído		Não concluído		Não concluído		Não concluído		Não concluído		Não concluído		Não concluído		Não concluído		Não concluído		Não concluído		Não concluído		Não concluído		Não concluído		Não concluído		Não concluído		Não concluído		Não concluído		Não concluído		Não concluído		Não concluído		Não concluído		Não concluído		Não concluído		Não concluído		Não concluído		Não concluído		Não concluído		Não concluído		Não concluído		Não concluído		Não concluído		Concluído	2025-06-05 13:36:18	Não concluído		Não concluído		Não concluído		Não concluído		Não concluído		Não concluído		Não concluído		Não concluído		Não concluído		Não concluído		Não concluído		Não concluído		Não concluído		Não concluído		Não concluído		Não concluído		Não concluído		Não concluído		Não concluído		Não concluído		Não concluído		Não concluído		Não concluído		Não concluído		Não concluído		Não concluído		Não concluído		Não concluído		Não concluído		Não concluído		Não concluído		Não concluído		Não concluído		Não concluído		Não concluído		Não concluído		Não concluído		Não concluído		Não concluído		Não concluído		Não concluído		Não concluído		Não concluído		Não concluído		Não concluído		Não concluído		Não concluído		Não concluído		Não concluído		Não concluído		Não concluído		Não concluído		Não concluído		Não concluído		Não concluído		Não concluído		Não concluído		Não concluído		Não concluído		Não concluído		Não concluído		Não concluído		Não concluído		Não concluído		Não concluído		Não concluído		Não concluído		Não concluído		Não concluído		Não concluído		Não concluído		Não concluído		Não concluído		Não concluído		Não concluído		Não concluído		Não concluído		Não concluído		Não concluído		Não concluído	
17	12c581d117727a2caf521a0b02fcb773	Concluído	2025-05-30 13:48:12	Concluído	2025-05-30 13:47:28	Não concluído		Concluído	2025-05-30 13:44:17	Concluído	2025-05-30 13:44:18	Concluído	2025-05-30 13:44:19	Não concluído		Não concluído		Não concluído		Concluído	2025-05-30 13:44:20	Concluído	2025-05-30 13:44:21	Concluído	2025-05-30 13:44:22	Concluído	2025-05-30 13:44:23	Concluído	2025-05-30 13:46:28	Concluído	2025-05-30 14:06:49	Concluído	2025-05-30 14:06:53	Concluído	2025-05-30 14:28:37	Concluído	2025-05-30 14:45:09	Concluído	2025-05-30 14:54:16	Concluído	2025-06-02 21:55:59	Concluído	2025-06-02 21:38:00	Concluído	2025-06-02 21:55:54	Concluído	2025-06-02 21:55:57	Concluído	2025-06-02 23:18:09	Concluído	2025-06-02 23:18:41	Concluído	2025-06-02 23:27:56	Concluído	2025-06-02 23:42:12	Concluído	2025-06-02 23:46:28	Concluído	2025-06-03 00:13:38	Concluído	2025-06-03 00:19:09	Concluído	2025-06-03 00:29:18	Concluído	2025-06-03 00:37:10	Não concluído		Concluído	2025-06-26 14:41:34	Concluído	2025-06-26 15:15:30	Concluído	2025-06-26 15:37:08	Concluído	2025-06-26 15:41:59	Concluído	2025-06-26 17:11:15	Não concluído		Não concluído		Não concluído		Não concluído		Não concluído		Não concluído		Não concluído		Não concluído		Não concluído		Não concluído		Não concluído		Não concluído		Não concluído		Não concluído		Não concluído		Não concluído		Não concluído		Não concluído		Não concluído		Não concluído		Não concluído		Não concluído		Não concluído		Não concluído		Não concluído		Não concluído		Não concluído		Não concluído		Não concluído		Não concluído		Não concluído		Não concluído		Não concluído		Não concluído		Não concluído		Não concluído		Não concluído		Não concluído		Não concluído		Não concluído		Não concluído		Não concluído		Não concluído		Não concluído		Não concluído		Não concluído		Não concluído		Não concluído		Não concluído		Não concluído		Não concluído		Não concluído		Não concluído		Não concluído		Não concluído		Não concluído		Não concluído		Não concluído		Não concluído		Não concluído		Não concluído		Não concluído		Não concluído		Não concluído		Não concluído		Não concluído		Não concluído		Não concluído		Não concluído		Não concluído		Não concluído		Não concluído		Não concluído		Não concluído		Não concluído		Não concluído		Não concluído		Não concluído		Não concluído		Não concluído		Não concluído		Não concluído		Não concluído		Não concluído		Não concluído		Não concluído		Não concluído		Não concluído		Não concluído		Não concluído		Não concluído		Não concluído		Não concluído		Não concluído		Não concluído		Não concluído		Não concluído		Não concluído		Não concluído		Não concluído		Não concluído		Não concluído		Não concluído		Não concluído		Não concluído		Não concluído		Não concluído	
18	409954ae881b1f4b1fc39f90651716a3	Não concluído		Não concluído		Não concluído		Não concluído		Não concluído		Concluído	2025-07-02 20:04:49	Não concluído		Não concluído		Não concluído		Não concluído		Não concluído		Não concluído		Não concluído		Não concluído		Não concluído		Não concluído		Não concluído		Não concluído		Não concluído		Não concluído		Não concluído		Não concluído		Concluído	2025-05-11 16:39:20	Não concluído		Não concluído		Não concluído		Não concluído		Não concluído		Não concluído		Não concluído		Não concluído		Não concluído		Concluído	2025-05-11 16:39:25	Não concluído		Não concluído		Não concluído		Não concluído		Não concluído		Não concluído		Concluído	2025-05-19 22:22:23	Não concluído		Não concluído		Não concluído		Não concluído		Não concluído		Não concluído		Não concluído		Não concluído		Concluído	2025-05-21 21:39:44	Não concluído		Não concluído		Não concluído		Não concluído		Não concluído		Não concluído		Não concluído		Não concluído		Não concluído		Não concluído		Não concluído		Não concluído		Não concluído		Não concluído		Não concluído		Não concluído		Não concluído		Não concluído		Não concluído		Não concluído		Não concluído		Não concluído		Não concluído		Não concluído		Não concluído		Não concluído		Não concluído		Não concluído		Não concluído		Não concluído		Não concluído		Não concluído		Não concluído		Não concluído		Não concluído		Não concluído		Não concluído		Não concluído		Não concluído		Não concluído		Não concluído		Não concluído		Não concluído		Não concluído		Não concluído		Não concluído		Não concluído		Não concluído		Não concluído		Não concluído		Não concluído		Não concluído		Não concluído		Não concluído		Não concluído		Não concluído		Não concluído		Não concluído		Não concluído		Não concluído		Não concluído		Não concluído		Não concluído		Não concluído		Não concluído		Não concluído		Não concluído		Não concluído		Não concluído		Não concluído		Não concluído		Não concluído		Não concluído		Não concluído		Não concluído		Não concluído		Não concluído		Não concluído		Não concluído		Não concluído		Não concluído		Não concluído		Não concluído		Não concluído		Não concluído		Não concluído		Não concluído		Não concluído		Não concluído		Não concluído		Não concluído		Não concluído		Não concluído		Não concluído		Não concluído		Não concluído	
19	aaf6598c33aeae539415f0e9830ef17e	Concluído	2025-05-07 16:14:04	Concluído	2025-05-07 16:14:03	Concluído	2025-05-07 16:13:10	Concluído	2025-05-07 16:13:46	Concluído	2025-05-07 16:13:47	Concluído	2025-05-07 16:13:48	Concluído	2025-08-28 13:37:56	Concluído	2025-08-29 11:12:31	Não concluído		Concluído	2025-05-07 16:13:49	Concluído	2025-05-07 16:13:50	Concluído	2025-05-07 16:13:51	Concluído	2025-05-07 16:13:52	Concluído	2025-05-07 16:14:03	Concluído	2025-05-08 10:14:19	Concluído	2025-05-08 10:14:20	Concluído	2025-05-08 10:14:20	Concluído	2025-05-08 10:14:21	Concluído	2025-05-08 10:14:26	Concluído	2025-05-08 10:14:25	Concluído	2025-05-08 10:14:27	Concluído	2025-05-08 10:14:28	Concluído	2025-05-15 18:28:47	Concluído	2025-05-15 18:28:59	Concluído	2025-05-15 18:29:00	Concluído	2025-05-15 18:29:00	Concluído	2025-05-15 18:29:08	Concluído	2025-05-15 18:29:07	Concluído	2025-05-15 18:29:07	Concluído	2025-05-15 18:29:06	Concluído	2025-05-15 18:29:06	Concluído	2025-05-15 18:29:05	Concluído	2025-05-15 18:29:05	Concluído	2025-05-15 18:29:09	Concluído	2025-05-15 18:29:09	Concluído	2025-05-15 18:29:10	Concluído	2025-05-15 18:29:10	Concluído	2025-05-15 18:29:11	Concluído	2025-05-15 18:29:12	Concluído	2025-05-22 10:46:50	Concluído	2025-05-22 10:46:48	Concluído	2025-05-22 10:46:48	Concluído	2025-05-22 10:46:48	Concluído	2025-05-22 10:46:49	Concluído	2025-05-22 10:41:30	Concluído	2025-05-22 10:41:31	Concluído	2025-05-22 10:41:31	Concluído	2025-05-22 10:41:32	Concluído	2025-05-22 10:46:43	Concluído	2025-05-23 13:15:32	Concluído	2025-05-23 13:15:33	Concluído	2025-05-23 13:21:45	Concluído	2025-05-23 13:15:38	Concluído	2025-08-29 14:20:19	Concluído	2025-08-29 15:41:22	Não concluído	2025-08-29 14:10:07	Concluído	2025-08-22 23:12:36	Concluído	2025-08-22 23:12:37	Concluído	2025-08-22 23:12:37	Concluído	2025-08-22 23:12:39	Concluído	2025-08-22 23:12:41	Concluído	2025-08-22 23:12:40	Concluído	2025-08-22 23:12:40	Concluído	2025-08-22 23:12:41	Concluído	2025-06-10 09:22:41	Concluído	2025-08-22 23:12:42	Concluído	2025-08-22 23:12:43	Concluído	2025-08-22 23:12:44	Concluído	2025-08-22 23:12:45	Concluído	2025-08-22 23:12:45	Concluído	2025-08-22 23:12:48	Concluído	2025-08-22 23:12:46	Concluído	2025-08-22 23:12:47	Concluído	2025-08-22 23:12:47	Concluído	2025-06-16 14:00:39	Concluído	2025-08-22 23:13:03	Concluído	2025-08-22 23:13:06	Concluído	2025-08-22 23:13:01	Concluído	2025-08-22 23:13:00	Concluído	2025-08-22 23:12:57	Concluído	2025-08-22 23:12:58	Concluído	2025-08-22 23:12:58	Concluído	2025-08-22 23:12:59	Concluído	2025-08-22 23:12:55	Concluído	2025-08-22 23:12:55	Concluído	2025-08-22 23:12:54	Concluído	2025-08-22 23:12:54	Concluído	2025-08-22 23:12:51	Concluído	2025-08-22 23:12:53	Concluído	2025-08-22 23:12:50	Concluído	2025-08-19 12:37:16	Concluído	2025-08-19 12:54:16	Concluído	2025-08-19 12:54:16	Concluído	2025-08-19 12:54:17	Concluído	2025-08-19 12:54:17	Concluído	2025-08-19 12:54:18	Concluído	2025-08-19 12:54:18	Concluído	2025-08-19 12:54:19	Concluído	2025-08-19 12:54:21	Concluído	2025-08-19 12:54:20	Concluído	2025-08-19 12:54:21	Concluído	2025-08-19 12:54:22	Concluído	2025-08-21 14:39:10	Concluído	2025-08-20 17:23:32	Concluído	2025-08-20 17:23:32	Concluído	2025-08-20 17:23:33	Concluído	2025-08-20 17:27:51	Concluído	2025-08-20 17:35:13	Concluído	2025-08-20 17:38:11	Concluído	2025-08-20 17:41:53	Concluído	2025-08-20 17:41:53	Concluído	2025-08-20 17:41:53	Concluído	2025-08-22 20:02:58	Concluído	2025-08-22 20:02:58	Concluído	2025-08-22 20:02:59	Concluído	2025-08-22 20:03:00	Concluído	2025-08-22 20:03:00	Concluído	2025-08-22 20:03:01	Concluído	2025-08-22 20:03:17	Concluído	2025-08-22 20:03:18	Concluído	2025-08-22 20:03:19	Concluído	2025-08-22 20:03:20	Concluído	2025-08-22 20:03:22	Concluído	2025-08-22 20:04:03	Concluído	2025-08-22 20:04:03	Concluído	2025-08-22 20:04:04	Concluído	2025-08-22 20:04:05	Concluído	2025-08-22 20:04:06	Concluído	2025-08-22 20:04:07	Concluído	2025-08-22 22:21:43	Concluído	2025-08-22 22:21:43	Concluído	2025-08-22 22:21:45	Concluído	2025-08-22 22:21:44	Concluído	2025-08-22 20:18:47	Concluído	2025-08-22 20:18:44	Concluído	2025-08-22 20:18:45	Concluído	2025-08-29 09:16:53	Concluído	2025-08-28 13:40:09	Concluído	2025-08-28 13:40:10	Concluído	2025-08-28 13:40:11	Concluído	2025-08-28 13:40:11	Concluído	2025-08-28 13:40:12	Concluído	2025-08-28 13:40:13	Concluído	2025-08-28 13:40:14	Concluído	2025-08-28 13:40:15
20	5787f5aa8c8a38000b7a42f60053aee8	Não concluído		Não concluído		Não concluído		Não concluído		Não concluído		Não concluído		Não concluído		Não concluído		Não concluído		Não concluído		Não concluído		Não concluído		Não concluído		Não concluído		Não concluído		Não concluído		Não concluído		Não concluído		Não concluído		Não concluído		Não concluído		Não concluído		Não concluído		Não concluído		Não concluído		Não concluído		Não concluído		Não concluído		Não concluído		Não concluído		Não concluído		Não concluído		Não concluído		Não concluído		Não concluído		Não concluído		Não concluído		Não concluído		Não concluído		Não concluído		Não concluído		Não concluído		Não concluído		Não concluído		Não concluído		Não concluído		Não concluído		Não concluído		Não concluído		Não concluído		Não concluído		Não concluído		Não concluído		Não concluído		Não concluído		Não concluído		Não concluído		Não concluído		Não concluído		Não concluído		Não concluído		Não concluído		Não concluído		Não concluído		Não concluído		Não concluído		Não concluído		Não concluído		Não concluído		Não concluído		Não concluído		Não concluído		Não concluído		Não concluído		Não concluído		Não concluído		Não concluído		Não concluído		Não concluído		Não concluído		Não concluído		Não concluído		Não concluído		Não concluído		Não concluído		Não concluído		Não concluído		Não concluído		Não concluído		Não concluído		Não concluído		Não concluído		Não concluído		Não concluído		Não concluído		Não concluído		Não concluído		Não concluído		Não concluído		Não concluído		Não concluído		Não concluído		Não concluído		Não concluído		Não concluído		Não concluído		Não concluído		Não concluído		Não concluído		Não concluído		Não concluído		Não concluído		Não concluído		Não concluído		Não concluído		Não concluído		Não concluído		Não concluído		Não concluído		Não concluído		Não concluído		Não concluído		Não concluído		Não concluído		Não concluído		Não concluído		Não concluído		Não concluído		Não concluído		Não concluído		Não concluído		Não concluído		Não concluído		Não concluído		Não concluído		Não concluído		Não concluído		Não concluído		Não concluído		Não concluído		Não concluído		Não concluído		Não concluído		Não concluído		Não concluído	
21	9918f04d096ccfc4a42b9fcbe3b00d34	Não concluído		Não concluído		Concluído	2025-05-08 18:29:50	Concluído	2025-05-08 20:35:55	Concluído	2025-05-08 20:35:56	Concluído	2025-05-08 20:35:57	Não concluído		Não concluído		Não concluído		Concluído	2025-05-08 20:35:57	Concluído	2025-05-08 20:35:58	Concluído	2025-05-08 20:35:59	Concluído	2025-05-08 20:35:42	Não concluído		Concluído	2025-05-08 20:33:48	Concluído	2025-05-08 20:33:49	Concluído	2025-05-08 20:33:50	Concluído	2025-05-08 20:33:50	Concluído	2025-05-08 20:33:51	Não concluído		Não concluído		Não concluído		Não concluído		Não concluído		Não concluído		Não concluído		Não concluído		Não concluído		Não concluído		Não concluído		Não concluído		Não concluído		Não concluído		Não concluído		Não concluído		Não concluído		Não concluído		Não concluído		Não concluído		Não concluído		Não concluído		Não concluído		Não concluído		Não concluído		Concluído	2025-05-29 13:35:26	Concluído	2025-05-29 13:35:27	Concluído	2025-05-29 13:35:27	Concluído	2025-05-29 13:35:28	Concluído	2025-05-29 13:35:28	Concluído	2025-05-29 13:35:30	Concluído	2025-05-29 13:35:30	Concluído	2025-05-29 13:35:54	Concluído	2025-05-29 13:35:59	Concluído	2025-05-29 13:36:00	Concluído	2025-06-02 21:19:47	Concluído	2025-06-02 21:19:48	Não concluído		Não concluído		Não concluído		Não concluído		Não concluído		Não concluído		Não concluído		Não concluído		Não concluído		Não concluído		Não concluído		Não concluído		Não concluído		Não concluído		Não concluído		Não concluído		Não concluído		Não concluído		Não concluído		Não concluído		Não concluído		Não concluído		Não concluído		Não concluído		Não concluído		Não concluído		Não concluído		Não concluído		Não concluído		Não concluído		Não concluído		Não concluído		Não concluído		Não concluído		Não concluído		Não concluído		Não concluído		Não concluído		Não concluído		Não concluído		Não concluído		Não concluído		Não concluído		Não concluído		Não concluído		Não concluído		Não concluído		Não concluído		Não concluído		Não concluído		Não concluído		Não concluído		Não concluído		Não concluído		Não concluído		Não concluído		Não concluído		Não concluído		Não concluído		Não concluído		Não concluído		Concluído	2025-07-30 23:45:28	Não concluído		Não concluído		Não concluído		Não concluído		Não concluído		Não concluído		Não concluído		Não concluído		Não concluído		Não concluído		Não concluído		Não concluído		Não concluído		Não concluído		Não concluído		Não concluído		Não concluído		Não concluído		Não concluído		Não concluído		Não concluído		Não concluído		Não concluído		Não concluído		Não concluído		Não concluído		Não concluído	
23	4f5db604a1717a0be590aac2e3d3af2d	Não concluído		Não concluído		Não concluído		Não concluído		Não concluído		Não concluído		Não concluído		Não concluído		Não concluído		Não concluído		Não concluído		Não concluído		Não concluído		Não concluído		Não concluído		Não concluído		Não concluído		Não concluído		Não concluído		Não concluído		Não concluído		Não concluído		Não concluído		Não concluído		Não concluído		Não concluído		Não concluído		Não concluído		Não concluído		Não concluído		Não concluído		Não concluído		Não concluído		Não concluído		Não concluído		Não concluído		Não concluído		Não concluído		Não concluído		Não concluído		Não concluído		Não concluído		Não concluído		Não concluído		Não concluído		Não concluído		Não concluído		Não concluído		Não concluído		Não concluído		Não concluído		Não concluído		Não concluído		Não concluído		Não concluído		Não concluído		Não concluído		Não concluído		Não concluído		Não concluído		Não concluído		Não concluído		Não concluído		Não concluído		Não concluído		Não concluído		Não concluído		Não concluído		Não concluído		Não concluído		Não concluído		Não concluído		Não concluído		Não concluído		Não concluído		Não concluído		Não concluído		Não concluído		Não concluído		Não concluído		Não concluído		Não concluído		Não concluído		Não concluído		Não concluído		Não concluído		Não concluído		Não concluído		Não concluído		Não concluído		Não concluído		Não concluído		Não concluído		Não concluído		Não concluído		Não concluído		Não concluído		Não concluído		Não concluído		Não concluído		Não concluído		Não concluído		Não concluído		Não concluído		Não concluído		Não concluído		Não concluído		Não concluído		Não concluído		Não concluído		Não concluído		Não concluído		Não concluído		Não concluído		Não concluído		Não concluído		Não concluído		Não concluído		Não concluído		Não concluído		Não concluído		Não concluído		Não concluído		Não concluído		Não concluído		Não concluído		Não concluído		Não concluído		Não concluído		Não concluído		Não concluído		Não concluído		Não concluído		Não concluído		Não concluído		Não concluído		Não concluído		Não concluído		Não concluído		Não concluído		Não concluído		Não concluído		Não concluído		Não concluído		Não concluído	
24	7a486029e5ec312a4beea535d50ec1b1	Não concluído		Não concluído		Não concluído		Não concluído		Não concluído		Não concluído		Não concluído		Não concluído		Não concluído		Não concluído		Não concluído		Não concluído		Não concluído		Não concluído		Não concluído		Não concluído		Não concluído		Não concluído		Não concluído		Não concluído		Não concluído		Não concluído		Não concluído		Não concluído		Não concluído		Não concluído		Não concluído		Não concluído		Não concluído		Não concluído		Não concluído		Não concluído		Não concluído		Não concluído		Não concluído		Não concluído		Não concluído		Não concluído		Não concluído		Não concluído		Não concluído		Não concluído		Não concluído		Não concluído		Não concluído		Não concluído		Não concluído	2025-06-21 20:02:30	Não concluído		Não concluído		Não concluído		Não concluído		Não concluído		Não concluído		Não concluído		Não concluído		Não concluído		Não concluído		Não concluído	2025-07-15 10:44:25	Não concluído	2025-07-15 10:44:26	Não concluído	2025-07-15 10:44:26	Não concluído	2025-07-15 10:44:27	Não concluído		Não concluído		Não concluído		Não concluído		Não concluído		Não concluído		Não concluído		Não concluído		Não concluído		Não concluído		Não concluído		Não concluído		Não concluído		Não concluído		Não concluído		Não concluído		Não concluído		Não concluído		Não concluído		Não concluído		Não concluído	2025-06-23 17:51:53	Não concluído		Não concluído		Não concluído		Não concluído		Não concluído		Não concluído		Não concluído		Não concluído		Não concluído		Não concluído		Não concluído		Não concluído		Não concluído		Não concluído		Não concluído		Não concluído		Não concluído		Não concluído		Não concluído		Não concluído		Não concluído		Não concluído		Não concluído		Não concluído		Não concluído		Não concluído		Não concluído		Não concluído		Não concluído		Não concluído		Não concluído		Não concluído	2025-07-15 10:44:33	Não concluído		Não concluído		Não concluído		Não concluído		Não concluído		Não concluído		Não concluído		Não concluído		Não concluído		Não concluído		Não concluído		Não concluído		Não concluído		Não concluído		Não concluído		Não concluído		Não concluído		Não concluído		Não concluído		Não concluído		Não concluído		Não concluído		Não concluído		Não concluído		Não concluído		Não concluído		Não concluído		Não concluído		Não concluído		Não concluído		Não concluído	
25	5bd9156e90c005388817f6d6d4618800	Não concluído		Não concluído		Não concluído		Não concluído		Não concluído		Não concluído		Não concluído		Não concluído		Não concluído		Não concluído		Não concluído		Não concluído		Não concluído		Não concluído		Não concluído		Não concluído		Não concluído		Não concluído		Não concluído		Não concluído		Não concluído		Não concluído		Não concluído		Não concluído		Não concluído		Não concluído		Não concluído		Não concluído		Não concluído		Não concluído		Não concluído		Não concluído		Não concluído		Não concluído		Não concluído		Não concluído		Não concluído		Não concluído		Não concluído		Não concluído		Não concluído		Não concluído		Não concluído		Não concluído		Não concluído		Não concluído		Não concluído		Não concluído		Não concluído		Não concluído		Não concluído		Não concluído		Não concluído		Não concluído		Não concluído		Não concluído		Não concluído		Não concluído		Não concluído		Não concluído		Não concluído		Não concluído		Não concluído		Não concluído		Não concluído		Não concluído		Não concluído		Não concluído		Não concluído		Não concluído		Não concluído		Não concluído		Não concluído		Não concluído		Não concluído		Não concluído		Não concluído		Não concluído		Não concluído		Não concluído		Não concluído		Não concluído		Não concluído		Não concluído		Não concluído		Não concluído		Não concluído		Não concluído		Não concluído		Não concluído		Não concluído		Não concluído		Não concluído		Não concluído		Não concluído		Não concluído		Não concluído		Não concluído		Não concluído		Não concluído		Não concluído		Não concluído		Não concluído		Não concluído		Não concluído		Não concluído		Não concluído		Não concluído		Não concluído		Não concluído		Não concluído		Não concluído		Não concluído		Não concluído		Não concluído		Não concluído		Não concluído		Não concluído		Não concluído		Não concluído		Não concluído		Não concluído		Não concluído		Não concluído		Não concluído		Não concluído		Não concluído		Não concluído		Não concluído		Não concluído		Não concluído		Não concluído		Não concluído		Não concluído		Não concluído		Não concluído		Não concluído		Não concluído		Não concluído		Não concluído		Não concluído		Não concluído		Não concluído		Não concluído		Não concluído	
26	f0c8941451b65d52024a87bbc058b897	Não concluído		Não concluído		Concluído	2025-05-06 10:18:18	Concluído	2025-05-07 12:52:35	Concluído	2025-05-11 21:20:59	Concluído	2025-05-11 21:22:33	Concluído	2025-08-28 13:50:22	Concluído	2025-08-28 13:50:06	Não concluído		Concluído	2025-05-11 21:24:13	Concluído	2025-05-11 21:24:43	Concluído	2025-05-11 21:25:00	Concluído	2025-05-11 21:10:02	Não concluído		Concluído	2025-05-13 14:51:57	Concluído	2025-05-13 14:51:57	Concluído	2025-05-13 14:51:58	Concluído	2025-05-13 14:51:58	Concluído	2025-05-13 14:51:58	Concluído	2025-05-13 13:33:56	Concluído	2025-05-14 20:07:30	Concluído	2025-05-14 20:07:34	Concluído	2025-05-14 20:28:55	Concluído	2025-05-13 14:52:05	Concluído	2025-05-19 20:21:48	Concluído	2025-05-19 20:21:49	Concluído	2025-05-19 20:21:49	Concluído	2025-05-19 20:21:49	Concluído	2025-05-19 20:21:50	Concluído	2025-05-19 20:21:52	Concluído	2025-05-19 20:21:50	Concluído	2025-05-19 20:21:53	Concluído	2025-05-19 20:21:54	Concluído	2025-05-19 20:39:04	Concluído	2025-05-19 20:39:05	Concluído	2025-05-19 20:39:05	Concluído	2025-05-19 20:39:05	Concluído	2025-05-19 20:39:09	Concluído	2025-05-19 20:39:10	Concluído	2025-05-20 13:38:14	Concluído	2025-05-20 14:50:46	Concluído	2025-05-20 14:50:46	Concluído	2025-05-20 13:39:16	Concluído	2025-05-20 14:50:47	Concluído	2025-05-20 14:50:41	Concluído	2025-08-29 22:03:25	Concluído	2025-08-29 22:03:25	Concluído	2025-08-29 22:03:26	Concluído	2025-05-26 09:08:37	Concluído	2025-08-29 22:03:27	Concluído	2025-08-29 22:03:28	Concluído	2025-05-28 13:21:32	Concluído	2025-08-29 22:03:28	Concluído	2025-08-29 22:03:29	Concluído	2025-08-29 22:03:29	Concluído	2025-08-29 22:03:30	Concluído	2025-08-29 22:03:59	Concluído	2025-08-29 22:04:02	Concluído	2025-08-29 22:04:06	Concluído	2025-08-29 22:04:06	Concluído	2025-08-29 22:04:07	Concluído	2025-08-29 22:04:07	Concluído	2025-08-29 22:04:08	Concluído	2025-08-29 22:04:09	Concluído	2025-06-05 13:39:07	Não concluído		Não concluído		Não concluído		Não concluído		Não concluído		Não concluído		Não concluído		Não concluído		Não concluído		Não concluído		Não concluído		Não concluído		Não concluído		Não concluído		Não concluído		Não concluído		Não concluído		Não concluído		Não concluído		Não concluído		Não concluído		Não concluído		Não concluído		Não concluído		Não concluído		Concluído	2025-07-01 13:33:27	Não concluído		Não concluído		Não concluído		Não concluído		Não concluído		Não concluído		Concluído	2025-07-03 13:45:46	Não concluído		Não concluído		Não concluído		Não concluído		Não concluído		Não concluído		Não concluído		Não concluído		Não concluído		Não concluído		Não concluído		Não concluído		Não concluído		Não concluído		Não concluído		Não concluído		Não concluído		Não concluído		Não concluído		Não concluído		Não concluído		Não concluído		Não concluído		Não concluído		Não concluído		Não concluído		Não concluído		Não concluído		Não concluído		Não concluído		Não concluído		Não concluído		Não concluído		Não concluído		Não concluído		Não concluído		Não concluído		Não concluído		Não concluído		Não concluído		Não concluído		Não concluído		Não concluído		Não concluído		Não concluído		Não concluído		Não concluído	
27	3ac46891a32783c6fe1cda250f8d91b9	Não concluído		Não concluído		Não concluído		Não concluído		Não concluído		Não concluído		Não concluído		Não concluído		Não concluído		Não concluído		Não concluído		Não concluído		Não concluído		Não concluído		Não concluído		Não concluído		Não concluído		Não concluído		Não concluído		Não concluído		Não concluído		Não concluído		Não concluído		Não concluído		Não concluído		Não concluído		Não concluído		Não concluído		Não concluído		Não concluído		Não concluído		Não concluído		Não concluído		Não concluído		Não concluído		Não concluído		Não concluído		Não concluído		Não concluído		Não concluído		Não concluído		Não concluído		Não concluído		Não concluído		Não concluído		Não concluído		Não concluído		Não concluído		Não concluído		Não concluído		Não concluído		Não concluído		Não concluído		Não concluído		Não concluído		Não concluído		Não concluído		Não concluído		Não concluído		Não concluído		Não concluído		Não concluído		Não concluído		Não concluído		Não concluído		Não concluído		Não concluído		Não concluído		Não concluído		Não concluído		Não concluído		Não concluído		Não concluído		Não concluído		Não concluído		Não concluído		Não concluído		Não concluído		Não concluído		Não concluído		Não concluído		Não concluído		Não concluído		Não concluído		Não concluído		Não concluído		Não concluído		Não concluído		Não concluído		Não concluído		Não concluído		Não concluído		Não concluído		Não concluído		Não concluído		Não concluído		Não concluído		Não concluído		Não concluído		Não concluído		Não concluído		Não concluído		Não concluído		Não concluído		Não concluído		Não concluído		Não concluído		Não concluído		Não concluído		Não concluído		Não concluído		Não concluído		Não concluído		Não concluído		Não concluído		Não concluído		Não concluído		Não concluído		Não concluído		Não concluído		Não concluído		Não concluído		Não concluído		Não concluído		Não concluído		Não concluído		Não concluído		Não concluído		Não concluído		Não concluído		Não concluído		Não concluído		Não concluído		Não concluído		Não concluído		Não concluído		Não concluído		Não concluído		Não concluído		Não concluído		Não concluído		Não concluído		Não concluído		Não concluído		Não concluído	
28	41e1f09918e004749402962fc816de23	Concluído	2025-05-26 21:08:14	Concluído	2025-05-26 21:08:13	Não concluído		Concluído	2025-05-26 21:07:48	Concluído	2025-05-26 21:07:50	Concluído	2025-05-26 21:07:51	Não concluído		Não concluído		Não concluído		Concluído	2025-05-26 21:07:52	Concluído	2025-05-26 21:07:54	Concluído	2025-05-26 21:07:56	Concluído	2025-05-26 21:07:57	Concluído	2025-05-26 21:08:12	Concluído	2025-05-15 06:29:43	Concluído	2025-05-15 06:29:40	Concluído	2025-05-15 06:29:47	Concluído	2025-05-15 06:29:50	Concluído	2025-05-15 06:29:52	Concluído	2025-05-15 06:46:47	Concluído	2025-05-15 06:29:59	Concluído	2025-05-15 06:39:38	Concluído	2025-05-15 06:46:50	Concluído	2025-05-19 20:52:23	Concluído	2025-05-19 20:52:29	Concluído	2025-05-19 20:52:30	Concluído	2025-05-19 20:52:32	Concluído	2025-05-19 20:52:33	Concluído	2025-05-19 20:52:41	Concluído	2025-05-19 20:52:41	Concluído	2025-05-19 20:52:46	Concluído	2025-05-19 20:53:04	Concluído	2025-05-19 21:02:32	Concluído	2025-05-19 21:02:39	Concluído	2025-05-19 21:02:41	Concluído	2025-05-19 21:02:43	Concluído	2025-05-19 21:02:44	Concluído	2025-05-19 21:02:46	Concluído	2025-05-19 21:02:48	Concluído	2025-05-19 21:15:24	Concluído	2025-05-19 21:15:34	Concluído	2025-05-19 21:15:36	Concluído	2025-05-19 21:15:37	Concluído	2025-05-19 21:15:39	Concluído	2025-05-22 06:42:09	Concluído	2025-05-22 06:42:07	Concluído	2025-05-22 06:42:05	Concluído	2025-05-22 06:42:03	Concluído	2025-05-22 06:42:01	Concluído	2025-05-26 20:56:08	Concluído	2025-05-26 20:56:09	Concluído	2025-05-26 21:07:32	Concluído	2025-05-24 10:38:11	Concluído	2025-05-24 10:38:12	Concluído	2025-06-01 09:57:42	Concluído	2025-06-02 15:20:16	Concluído	2025-06-08 13:39:10	Concluído	2025-06-08 10:14:27	Concluído	2025-06-08 10:30:40	Concluído	2025-06-08 10:58:03	Concluído	2025-06-08 11:25:26	Concluído	2025-06-08 11:59:15	Concluído	2025-06-08 12:52:38	Concluído	2025-06-08 13:39:09	Concluído	2025-06-05 12:11:25	Concluído	2025-06-05 13:21:56	Concluído	2025-06-05 13:21:57	Concluído	2025-06-24 13:29:33	Concluído	2025-06-10 09:29:21	Concluído	2025-06-10 09:59:00	Concluído	2025-06-24 13:29:35	Concluído	2025-06-24 13:29:36	Concluído	2025-06-24 13:29:37	Concluído	2025-06-24 13:29:39	Concluído	2025-06-12 10:04:02	Concluído	2025-06-17 13:21:43	Concluído	2025-06-17 13:21:45	Não concluído		Não concluído		Não concluído		Não concluído		Não concluído		Não concluído		Não concluído		Não concluído		Não concluído		Não concluído		Não concluído		Não concluído		Não concluído		Não concluído		Concluído	2025-07-26 10:56:29	Não concluído		Não concluído		Não concluído		Não concluído		Não concluído		Concluído	2025-07-08 10:59:19	Concluído	2025-07-10 12:19:55	Concluído	2025-07-10 12:19:55	Concluído	2025-07-10 12:19:55	Concluído	2025-07-10 12:20:08	Não concluído		Não concluído		Não concluído		Não concluído		Não concluído		Não concluído		Não concluído		Não concluído		Não concluído		Não concluído		Não concluído		Não concluído		Não concluído		Não concluído		Não concluído		Não concluído		Não concluído		Não concluído		Não concluído		Não concluído		Não concluído		Não concluído		Não concluído		Não concluído		Não concluído		Não concluído		Não concluído		Não concluído		Não concluído		Não concluído		Não concluído		Não concluído		Não concluído		Não concluído		Não concluído		Não concluído		Não concluído		Não concluído		Não concluído		Não concluído		Não concluído		Não concluído		Não concluído	
29	7fdab6cb1f2d089f2ae980e64fe353f9	Não concluído		Não concluído		Não concluído		Não concluído		Não concluído		Não concluído		Não concluído		Não concluído		Não concluído		Não concluído		Não concluído		Não concluído		Não concluído		Não concluído		Não concluído		Não concluído		Não concluído		Não concluído		Não concluído		Não concluído		Não concluído		Não concluído		Não concluído		Não concluído		Não concluído		Não concluído		Não concluído		Não concluído		Não concluído		Não concluído		Não concluído		Não concluído		Não concluído		Não concluído		Não concluído		Não concluído		Não concluído		Não concluído		Não concluído		Não concluído		Não concluído		Não concluído		Não concluído		Não concluído		Não concluído		Não concluído		Não concluído		Não concluído		Não concluído		Não concluído		Não concluído		Não concluído		Não concluído		Não concluído		Não concluído		Não concluído		Não concluído		Não concluído		Não concluído		Não concluído		Não concluído		Não concluído		Não concluído		Não concluído		Não concluído		Não concluído		Não concluído		Não concluído		Não concluído		Não concluído		Não concluído		Não concluído		Não concluído		Não concluído		Não concluído		Não concluído		Não concluído		Não concluído		Não concluído		Não concluído		Não concluído		Não concluído		Não concluído		Não concluído		Não concluído		Não concluído		Não concluído		Não concluído		Não concluído		Não concluído		Não concluído		Não concluído		Não concluído		Não concluído		Não concluído		Não concluído		Não concluído		Não concluído		Não concluído		Não concluído		Não concluído		Não concluído		Não concluído		Não concluído		Não concluído		Não concluído		Não concluído		Não concluído		Não concluído		Não concluído		Não concluído		Não concluído		Não concluído		Não concluído		Não concluído		Não concluído		Não concluído		Não concluído		Não concluído		Não concluído		Não concluído		Não concluído		Não concluído		Não concluído		Não concluído		Não concluído		Não concluído		Não concluído		Não concluído		Não concluído		Não concluído		Não concluído		Não concluído		Não concluído		Não concluído		Não concluído		Não concluído		Não concluído		Não concluído		Não concluído		Não concluído		Não concluído		Não concluído		Não concluído		Não concluído	
30	6ff253c00dea76b08a056432de0e8d91	Concluído	2025-05-18 09:25:44	Concluído	2025-05-18 09:25:44	Concluído	2025-06-06 22:44:57	Concluído	2025-05-13 10:47:31	Concluído	2025-05-22 08:34:34	Concluído	2025-06-06 22:44:40	Não concluído		Não concluído		Não concluído		Concluído	2025-05-22 08:34:33	Concluído	2025-06-06 22:44:41	Concluído	2025-05-13 10:47:34	Concluído	2025-05-18 09:25:54	Concluído	2025-05-13 10:47:41	Concluído	2025-05-13 10:47:22	Concluído	2025-05-13 10:47:25	Concluído	2025-05-13 10:47:25	Concluído	2025-05-13 10:47:26	Concluído	2025-05-18 09:25:59	Concluído	2025-05-18 09:26:00	Concluído	2025-05-18 09:26:01	Concluído	2025-05-18 09:26:00	Concluído	2025-05-14 20:51:22	Concluído	2025-05-18 09:26:02	Concluído	2025-05-14 21:15:03	Concluído	2025-05-14 21:14:44	Concluído	2025-05-14 21:15:05	Concluído	2025-05-18 09:26:04	Concluído	2025-05-18 09:26:05	Concluído	2025-05-18 09:26:05	Concluído	2025-05-18 09:26:05	Concluído	2025-05-18 09:26:06	Concluído	2025-05-18 09:26:07	Concluído	2025-05-18 09:26:08	Concluído	2025-05-18 09:26:08	Concluído	2025-05-18 09:26:09	Concluído	2025-05-18 09:26:09	Concluído	2025-05-18 09:26:09	Concluído	2025-05-18 09:26:10	Concluído	2025-05-18 09:26:10	Concluído	2025-05-18 09:26:13	Concluído	2025-05-18 09:26:13	Concluído	2025-05-18 09:26:14	Concluído	2025-05-18 09:26:15	Concluído	2025-05-20 13:32:20	Concluído	2025-05-20 13:32:22	Concluído	2025-05-20 13:32:23	Concluído	2025-05-20 13:32:24	Concluído	2025-05-21 21:12:04	Concluído	2025-06-01 19:34:09	Concluído	2025-06-01 19:34:10	Concluído	2025-06-06 22:44:34	Concluído	2025-06-01 19:34:27	Concluído	2025-06-01 19:34:27	Concluído	2025-06-01 19:34:26	Concluído	2025-06-01 19:34:26	Concluído	2025-06-05 08:19:32	Concluído	2025-06-06 22:44:14	Concluído	2025-06-06 22:44:15	Concluído	2025-06-06 22:44:16	Concluído	2025-06-06 22:44:17	Concluído	2025-06-06 22:44:17	Concluído	2025-06-06 22:44:19	Concluído	2025-06-06 22:44:19	Concluído	2025-06-05 08:19:38	Concluído	2025-06-06 22:44:22	Concluído	2025-06-06 22:44:23	Concluído	2025-06-10 20:25:52	Concluído	2025-06-10 20:25:53	Concluído	2025-06-10 20:25:55	Concluído	2025-06-10 20:25:55	Concluído	2025-06-10 20:25:56	Concluído	2025-06-10 20:25:57	Concluído	2025-06-10 20:26:09	Concluído	2025-06-24 13:40:48	Concluído	2025-06-16 08:15:48	Concluído	2025-06-24 13:40:46	Concluído	2025-06-24 13:40:41	Concluído	2025-06-24 13:40:42	Concluído	2025-06-24 13:40:43	Concluído	2025-06-24 13:40:43	Concluído	2025-06-24 13:40:44	Concluído	2025-06-24 13:40:44	Concluído	2025-07-01 13:41:35	Concluído	2025-07-01 13:41:12	Concluído	2025-07-01 13:41:12	Concluído	2025-07-01 13:41:15	Concluído	2025-07-01 13:41:17	Concluído	2025-07-01 13:41:16	Concluído	2025-07-16 14:30:15	Concluído	2025-07-03 10:55:13	Concluído	2025-07-03 10:55:17	Concluído	2025-07-03 10:55:15	Concluído	2025-07-03 10:55:16	Concluído	2025-07-03 10:55:17	Concluído	2025-07-03 10:55:19	Concluído	2025-07-03 10:55:20	Concluído	2025-07-16 14:29:03	Concluído	2025-07-16 14:29:04	Concluído	2025-07-16 14:29:05	Concluído	2025-07-16 14:29:05	Concluído	2025-07-16 14:29:06	Concluído	2025-07-28 13:03:53	Concluído	2025-07-28 13:03:53	Concluído	2025-07-28 13:03:54	Concluído	2025-07-28 13:03:54	Concluído	2025-07-28 13:03:55	Concluído	2025-07-28 13:03:55	Concluído	2025-07-28 13:03:55	Concluído	2025-07-28 13:03:56	Concluído	2025-07-28 13:03:56	Concluído	2025-07-28 13:03:57	Concluído	2025-07-28 13:03:58	Concluído	2025-07-28 13:03:58	Concluído	2025-07-28 13:03:58	Concluído	2025-07-28 13:03:59	Concluído	2025-07-28 13:04:00	Não concluído		Concluído	2025-07-28 13:04:02	Concluído	2025-07-28 13:04:02	Concluído	2025-08-04 22:52:07	Não concluído		Não concluído		Não concluído		Não concluído		Não concluído		Não concluído		Não concluído		Não concluído		Não concluído		Não concluído		Não concluído		Não concluído		Não concluído		Não concluído		Não concluído		Não concluído		Não concluído		Não concluído		Não concluído		Não concluído		Não concluído		Não concluído		Não concluído		Não concluído	
31	711d3fa62f2de5aed68eb11b4f519563	Não concluído		Não concluído		Não concluído		Não concluído		Não concluído		Não concluído		Não concluído		Não concluído		Não concluído		Não concluído		Não concluído		Não concluído		Não concluído		Não concluído		Não concluído		Não concluído		Não concluído		Não concluído		Não concluído		Não concluído		Não concluído		Não concluído		Não concluído		Não concluído		Não concluído		Não concluído		Não concluído		Não concluído		Não concluído		Não concluído		Não concluído		Não concluído		Não concluído		Não concluído		Não concluído		Não concluído		Não concluído		Não concluído		Não concluído		Não concluído		Não concluído		Não concluído		Não concluído		Não concluído		Não concluído		Não concluído		Não concluído		Não concluído		Não concluído		Não concluído		Não concluído		Não concluído		Não concluído		Não concluído		Não concluído		Não concluído		Não concluído		Não concluído		Não concluído		Não concluído		Não concluído		Não concluído		Não concluído		Não concluído		Não concluído		Não concluído		Não concluído		Não concluído		Não concluído		Não concluído		Não concluído		Não concluído		Não concluído		Não concluído		Não concluído		Não concluído		Não concluído		Não concluído		Não concluído		Não concluído		Não concluído		Não concluído		Não concluído		Não concluído		Não concluído		Não concluído		Não concluído		Não concluído		Não concluído		Não concluído		Não concluído		Não concluído		Não concluído		Não concluído		Não concluído		Não concluído		Não concluído		Não concluído		Não concluído		Não concluído		Não concluído		Não concluído		Não concluído		Não concluído		Não concluído		Não concluído		Não concluído		Não concluído		Não concluído		Não concluído		Não concluído		Não concluído		Não concluído		Não concluído		Não concluído		Não concluído		Não concluído		Não concluído		Não concluído		Não concluído		Não concluído		Não concluído		Não concluído		Não concluído		Não concluído		Não concluído		Não concluído		Não concluído		Não concluído		Não concluído		Não concluído		Não concluído		Não concluído		Não concluído		Não concluído		Não concluído		Não concluído		Não concluído		Não concluído		Não concluído		Não concluído		Não concluído		Não concluído		Não concluído		Não concluído	
32	314d1594141244d103ee265d2cc1d700	Não concluído		Não concluído		Não concluído		Não concluído		Não concluído		Não concluído		Não concluído		Não concluído		Não concluído		Não concluído		Não concluído		Não concluído		Não concluído		Não concluído		Não concluído		Não concluído		Não concluído		Não concluído		Não concluído		Não concluído		Não concluído		Não concluído		Não concluído		Não concluído		Não concluído		Não concluído		Não concluído		Não concluído		Não concluído		Não concluído		Não concluído		Não concluído		Não concluído		Não concluído		Não concluído		Não concluído		Não concluído		Não concluído		Não concluído		Não concluído		Não concluído		Não concluído		Não concluído		Não concluído		Não concluído		Não concluído		Não concluído		Não concluído		Não concluído		Não concluído		Não concluído		Não concluído		Não concluído		Não concluído		Não concluído		Não concluído		Não concluído		Não concluído		Não concluído		Não concluído		Não concluído		Não concluído		Não concluído		Não concluído		Não concluído		Não concluído		Não concluído		Não concluído		Não concluído		Não concluído		Não concluído		Não concluído		Não concluído		Não concluído		Não concluído		Não concluído		Não concluído		Não concluído		Não concluído		Não concluído		Não concluído		Não concluído		Não concluído		Não concluído		Não concluído		Não concluído		Não concluído		Não concluído		Não concluído		Não concluído		Não concluído		Não concluído		Não concluído		Não concluído		Não concluído		Não concluído		Não concluído		Não concluído		Não concluído		Não concluído		Não concluído		Não concluído		Não concluído		Não concluído		Não concluído		Não concluído		Não concluído		Não concluído		Não concluído		Não concluído		Não concluído		Não concluído		Não concluído		Não concluído		Não concluído		Não concluído		Não concluído		Não concluído		Não concluído		Não concluído		Não concluído		Não concluído		Não concluído		Não concluído		Não concluído		Não concluído		Não concluído		Não concluído		Não concluído		Não concluído		Não concluído		Não concluído		Não concluído		Não concluído		Não concluído		Não concluído		Não concluído		Não concluído		Não concluído		Não concluído		Não concluído		Não concluído		Não concluído		Não concluído		Não concluído	
33	61a94a2ba99af4da3620cdbad9ea13d4	Não concluído		Não concluído		Não concluído		Não concluído		Não concluído		Não concluído		Não concluído		Não concluído		Não concluído		Não concluído		Não concluído		Não concluído		Não concluído		Não concluído		Concluído	2025-05-17 10:09:51	Concluído	2025-05-17 10:09:53	Concluído	2025-05-17 10:09:57	Concluído	2025-05-17 10:09:59	Concluído	2025-05-17 10:10:03	Concluído	2025-05-17 10:13:53	Concluído	2025-05-17 10:13:56	Concluído	2025-05-17 10:14:01	Concluído	2025-05-17 10:14:02	Concluído	2025-05-17 20:23:26	Concluído	2025-05-17 20:51:25	Concluído	2025-05-17 21:14:16	Concluído	2025-05-17 21:35:05	Concluído	2025-05-17 21:41:41	Concluído	2025-05-17 22:06:45	Concluído	2025-05-18 19:01:55	Concluído	2025-05-19 08:37:34	Concluído	2025-05-19 08:48:31	Concluído	2025-05-19 19:54:32	Concluído	2025-05-19 15:56:55	Concluído	2025-05-19 15:57:00	Concluído	2025-05-19 16:24:12	Concluído	2025-05-19 19:58:38	Concluído	2025-05-19 19:58:39	Concluído	2025-05-19 19:58:46	Concluído	2025-05-19 20:06:27	Não concluído		Não concluído		Não concluído		Não concluído		Concluído	2025-05-22 10:37:08	Concluído	2025-05-22 10:47:52	Concluído	2025-05-22 11:13:23	Concluído	2025-05-26 22:01:19	Concluído	2025-05-22 10:52:37	Concluído	2025-05-29 20:06:27	Concluído	2025-05-29 20:06:29	Concluído	2025-05-28 22:18:00	Não concluído		Não concluído		Não concluído		Não concluído		Concluído	2025-06-24 16:49:10	Concluído	2025-06-24 16:56:27	Concluído	2025-06-24 17:08:25	Concluído	2025-06-24 17:33:32	Concluído	2025-06-24 18:07:29	Não concluído		Não concluído		Não concluído		Não concluído		Não concluído		Não concluído		Não concluído		Não concluído		Não concluído		Não concluído		Não concluído		Não concluído		Não concluído		Não concluído		Não concluído		Não concluído		Não concluído		Não concluído		Não concluído		Não concluído		Não concluído		Não concluído		Não concluído		Não concluído		Não concluído		Não concluído		Não concluído		Não concluído		Não concluído		Não concluído		Não concluído		Não concluído		Não concluído		Não concluído		Não concluído		Não concluído		Não concluído		Não concluído		Não concluído		Não concluído		Não concluído		Não concluído		Não concluído		Não concluído		Não concluído		Não concluído		Não concluído		Não concluído		Não concluído		Não concluído		Não concluído		Não concluído		Não concluído		Não concluído		Não concluído		Não concluído		Não concluído		Não concluído		Não concluído		Não concluído		Não concluído		Não concluído		Não concluído		Não concluído		Não concluído		Não concluído		Não concluído		Não concluído		Não concluído		Não concluído		Não concluído		Não concluído		Não concluído		Não concluído		Não concluído		Não concluído		Não concluído		Não concluído		Não concluído		Não concluído		Não concluído		Não concluído		Não concluído		Não concluído	
34	485d700bda502af93ab0ce957b876ccf	Não concluído		Não concluído		Não concluído		Não concluído		Não concluído		Não concluído		Não concluído		Não concluído		Não concluído		Não concluído		Não concluído		Não concluído		Não concluído		Não concluído		Não concluído		Não concluído		Não concluído		Não concluído		Não concluído		Não concluído		Não concluído		Não concluído		Não concluído		Não concluído		Não concluído		Não concluído		Não concluído		Não concluído		Não concluído		Não concluído		Não concluído		Não concluído		Não concluído		Não concluído		Não concluído		Não concluído		Não concluído		Não concluído		Não concluído		Não concluído		Não concluído		Não concluído		Não concluído		Não concluído		Não concluído		Não concluído		Não concluído		Não concluído		Não concluído		Não concluído		Não concluído		Não concluído		Não concluído		Não concluído		Não concluído		Não concluído		Não concluído		Não concluído		Não concluído		Não concluído		Não concluído		Não concluído		Não concluído		Não concluído		Não concluído		Não concluído		Não concluído		Não concluído		Não concluído		Não concluído		Não concluído		Não concluído		Não concluído		Não concluído		Não concluído		Não concluído		Não concluído		Não concluído		Não concluído		Não concluído		Não concluído		Não concluído		Não concluído		Não concluído		Não concluído		Não concluído		Não concluído		Não concluído		Não concluído		Não concluído		Não concluído		Não concluído		Não concluído		Não concluído		Não concluído		Não concluído		Não concluído		Não concluído		Não concluído		Não concluído		Não concluído		Não concluído		Não concluído		Não concluído		Não concluído		Não concluído		Não concluído		Não concluído		Não concluído		Não concluído		Não concluído		Não concluído		Não concluído		Não concluído		Não concluído		Não concluído		Não concluído		Não concluído		Não concluído		Não concluído		Não concluído		Não concluído		Não concluído		Não concluído		Não concluído		Não concluído		Não concluído		Não concluído		Não concluído		Não concluído		Não concluído		Não concluído		Não concluído		Não concluído		Não concluído		Não concluído		Não concluído		Não concluído		Não concluído		Não concluído		Não concluído		Não concluído		Não concluído		Não concluído		Não concluído	
35	47f7817619fc4550997f67f071583955	Não concluído		Não concluído		Não concluído		Não concluído		Não concluído		Não concluído		Não concluído		Não concluído		Não concluído		Não concluído		Não concluído		Não concluído		Não concluído		Não concluído		Concluído	2025-05-28 11:39:37	Concluído	2025-05-28 11:40:04	Concluído	2025-05-28 11:46:58	Concluído	2025-05-28 11:46:59	Concluído	2025-05-28 11:47:00	Concluído	2025-05-28 12:03:11	Concluído	2025-05-28 11:47:08	Concluído	2025-05-28 11:47:06	Não concluído		Concluído	2025-05-28 12:03:06	Concluído	2025-05-28 12:02:56	Concluído	2025-05-28 12:02:57	Concluído	2025-05-28 12:02:58	Concluído	2025-05-28 12:03:00	Concluído	2025-05-28 12:03:01	Concluído	2025-05-28 12:03:03	Concluído	2025-05-28 12:03:05	Concluído	2025-05-28 12:02:51	Não concluído	2025-05-28 12:02:50	Concluído	2025-05-28 12:02:46	Concluído	2025-05-28 12:02:45	Concluído	2025-05-28 12:02:44	Concluído	2025-05-28 14:44:34	Concluído	2025-05-28 14:44:35	Concluído	2025-05-28 14:44:37	Não concluído		Concluído	2025-05-28 14:44:43	Concluído	2025-05-28 14:44:44	Concluído	2025-05-28 14:44:45	Concluído	2025-05-28 14:44:41	Não concluído		Não concluído		Não concluído		Não concluído		Não concluído		Não concluído		Não concluído		Não concluído		Não concluído		Não concluído		Não concluído		Não concluído		Não concluído		Não concluído		Não concluído		Não concluído		Não concluído		Não concluído		Não concluído		Não concluído		Não concluído		Não concluído		Não concluído		Não concluído		Não concluído		Não concluído		Não concluído		Não concluído		Não concluído		Não concluído		Concluído	2025-06-12 11:47:08	Não concluído		Não concluído		Não concluído		Não concluído		Não concluído		Não concluído		Não concluído		Não concluído		Não concluído		Não concluído		Não concluído		Não concluído		Não concluído		Não concluído		Não concluído		Não concluído		Não concluído		Não concluído		Não concluído		Não concluído		Não concluído		Não concluído		Concluído	2025-07-10 12:22:33	Não concluído		Não concluído		Não concluído		Não concluído		Não concluído		Não concluído		Não concluído		Não concluído		Não concluído		Não concluído		Não concluído		Não concluído		Não concluído		Não concluído		Não concluído		Não concluído		Não concluído		Não concluído		Não concluído		Não concluído		Não concluído		Não concluído		Não concluído		Não concluído		Não concluído		Não concluído		Não concluído		Não concluído		Não concluído		Não concluído		Não concluído		Não concluído		Não concluído		Não concluído		Não concluído		Não concluído		Não concluído		Não concluído		Não concluído		Não concluído		Não concluído		Não concluído		Não concluído		Não concluído		Não concluído		Não concluído		Não concluído	
36	c0db920fb3d7c5f4f8942b8bc8bf50c9	Não concluído		Não concluído		Não concluído		Não concluído		Não concluído		Não concluído		Não concluído		Não concluído		Não concluído		Não concluído		Não concluído		Não concluído		Não concluído		Não concluído		Não concluído		Não concluído		Não concluído		Não concluído		Não concluído		Não concluído		Não concluído		Não concluído		Não concluído		Não concluído		Não concluído		Não concluído		Não concluído		Não concluído		Não concluído		Não concluído		Não concluído		Não concluído		Não concluído		Não concluído		Não concluído		Não concluído		Não concluído		Não concluído		Não concluído		Não concluído		Não concluído		Não concluído		Não concluído		Não concluído		Não concluído		Não concluído		Não concluído		Não concluído		Não concluído		Não concluído		Não concluído		Não concluído		Não concluído		Não concluído		Não concluído		Não concluído		Não concluído		Não concluído		Não concluído		Não concluído		Não concluído		Não concluído		Não concluído		Não concluído		Não concluído		Não concluído		Não concluído		Não concluído		Não concluído		Não concluído		Não concluído		Não concluído		Não concluído		Não concluído		Não concluído		Não concluído		Não concluído		Não concluído		Não concluído		Não concluído		Não concluído		Não concluído		Não concluído		Não concluído		Não concluído		Não concluído		Não concluído		Não concluído		Não concluído		Não concluído		Não concluído		Não concluído		Não concluído		Não concluído		Não concluído		Não concluído		Não concluído		Não concluído		Não concluído		Não concluído		Não concluído		Não concluído		Não concluído		Não concluído		Não concluído		Não concluído		Não concluído		Não concluído		Não concluído		Não concluído		Não concluído		Não concluído		Não concluído		Não concluído		Não concluído		Não concluído		Não concluído		Não concluído		Não concluído		Não concluído		Não concluído		Não concluído		Não concluído		Não concluído		Não concluído		Não concluído		Não concluído		Não concluído		Não concluído		Não concluído		Não concluído		Não concluído		Não concluído		Não concluído		Não concluído		Não concluído		Não concluído		Não concluído		Não concluído		Não concluído		Não concluído		Não concluído		Não concluído		Não concluído		Não concluído	
37	cc69396bd4b9811d6c48a65747912664	Não concluído		Não concluído		Não concluído		Não concluído		Não concluído		Não concluído		Não concluído		Não concluído		Não concluído		Não concluído		Não concluído		Não concluído		Não concluído		Não concluído		Não concluído		Não concluído		Não concluído		Não concluído		Não concluído		Não concluído		Não concluído		Não concluído		Não concluído		Não concluído		Não concluído		Não concluído		Não concluído		Não concluído		Não concluído		Não concluído		Não concluído		Não concluído		Não concluído		Não concluído		Não concluído		Não concluído		Não concluído		Não concluído		Não concluído		Não concluído		Não concluído		Não concluído		Não concluído		Não concluído		Não concluído		Não concluído		Não concluído		Não concluído		Não concluído		Não concluído		Não concluído		Não concluído		Não concluído		Não concluído		Não concluído		Não concluído		Não concluído		Não concluído		Não concluído		Não concluído		Não concluído		Não concluído		Não concluído		Não concluído		Não concluído		Não concluído		Não concluído		Não concluído		Não concluído		Não concluído		Não concluído		Não concluído		Não concluído		Não concluído		Não concluído		Não concluído		Não concluído		Não concluído		Não concluído		Não concluído		Não concluído		Não concluído		Não concluído		Não concluído		Não concluído		Não concluído		Não concluído		Não concluído		Não concluído		Não concluído		Não concluído		Não concluído		Não concluído		Não concluído		Não concluído		Não concluído		Não concluído		Não concluído		Não concluído		Não concluído		Não concluído		Não concluído		Não concluído		Não concluído		Não concluído		Não concluído		Não concluído		Não concluído		Não concluído		Não concluído		Não concluído		Não concluído		Não concluído		Não concluído		Não concluído		Não concluído		Não concluído		Não concluído		Não concluído		Não concluído		Não concluído		Não concluído		Não concluído		Não concluído		Não concluído		Não concluído		Não concluído		Não concluído		Não concluído		Não concluído		Não concluído		Não concluído		Não concluído		Não concluído		Não concluído		Não concluído		Não concluído		Não concluído		Não concluído		Não concluído		Não concluído		Não concluído		Não concluído		Não concluído		Não concluído	
38	59c5d0b23d221befef101f0cfe794f9e	Não concluído		Não concluído		Não concluído		Não concluído		Não concluído		Não concluído		Não concluído		Não concluído		Não concluído		Não concluído		Não concluído		Não concluído		Não concluído		Não concluído		Não concluído		Não concluído		Não concluído		Não concluído		Não concluído		Não concluído		Não concluído		Não concluído		Não concluído		Não concluído		Não concluído		Não concluído		Não concluído		Não concluído		Não concluído		Não concluído		Não concluído		Não concluído		Não concluído		Não concluído		Não concluído		Não concluído		Não concluído		Não concluído		Não concluído		Não concluído		Não concluído		Não concluído		Não concluído		Não concluído		Não concluído		Não concluído		Não concluído		Não concluído		Não concluído		Não concluído		Não concluído		Não concluído		Não concluído		Não concluído		Não concluído		Não concluído		Não concluído		Não concluído		Não concluído		Não concluído		Não concluído		Não concluído		Não concluído		Não concluído		Não concluído		Não concluído		Não concluído		Não concluído		Não concluído		Não concluído		Não concluído		Não concluído		Não concluído		Não concluído		Não concluído		Não concluído		Não concluído		Não concluído		Não concluído		Não concluído		Não concluído		Não concluído		Não concluído		Não concluído		Não concluído		Não concluído		Não concluído		Não concluído		Não concluído		Não concluído		Não concluído		Não concluído		Não concluído		Não concluído		Não concluído		Não concluído		Não concluído		Não concluído		Não concluído		Não concluído		Não concluído		Não concluído		Não concluído		Não concluído		Não concluído		Não concluído		Não concluído		Não concluído		Não concluído		Não concluído		Não concluído		Não concluído		Não concluído		Não concluído		Não concluído		Não concluído		Não concluído		Não concluído		Não concluído		Não concluído		Não concluído		Não concluído		Não concluído		Não concluído		Não concluído		Não concluído		Não concluído		Não concluído		Não concluído		Não concluído		Não concluído		Não concluído		Não concluído		Não concluído		Não concluído		Não concluído		Não concluído		Não concluído		Não concluído		Não concluído		Não concluído		Não concluído		Não concluído		Não concluído		Não concluído	
39	017d9f92092b056c7daba5e53c4a7318	Não concluído		Não concluído		Não concluído		Não concluído		Não concluído		Não concluído		Não concluído		Não concluído		Não concluído		Não concluído		Não concluído		Não concluído		Não concluído		Não concluído		Não concluído		Não concluído		Não concluído		Não concluído		Não concluído		Não concluído		Não concluído		Não concluído		Não concluído		Não concluído		Não concluído		Não concluído		Não concluído		Não concluído		Não concluído		Não concluído		Não concluído		Não concluído		Não concluído		Não concluído		Não concluído		Não concluído		Não concluído		Não concluído		Não concluído		Não concluído		Não concluído		Não concluído		Não concluído		Não concluído		Não concluído		Não concluído		Não concluído		Não concluído		Não concluído		Não concluído		Não concluído		Não concluído		Não concluído		Não concluído		Não concluído		Não concluído		Não concluído		Não concluído		Não concluído		Não concluído		Não concluído		Não concluído		Não concluído		Não concluído		Não concluído		Não concluído		Não concluído		Não concluído		Não concluído		Não concluído		Não concluído		Não concluído		Não concluído		Não concluído		Não concluído		Não concluído		Não concluído		Não concluído		Não concluído		Não concluído		Não concluído		Não concluído		Não concluído		Não concluído		Não concluído		Não concluído		Não concluído		Não concluído		Não concluído		Não concluído		Não concluído		Não concluído		Não concluído		Não concluído		Não concluído		Não concluído		Não concluído		Não concluído		Não concluído		Não concluído		Não concluído		Não concluído		Não concluído		Não concluído		Não concluído		Não concluído		Não concluído		Não concluído		Não concluído		Não concluído		Não concluído		Não concluído		Não concluído		Não concluído		Não concluído		Não concluído		Não concluído		Não concluído		Não concluído		Não concluído		Não concluído		Não concluído		Não concluído		Não concluído		Não concluído		Não concluído		Não concluído		Não concluído		Não concluído		Não concluído		Não concluído		Não concluído		Não concluído		Não concluído		Não concluído		Não concluído		Não concluído		Não concluído		Não concluído		Não concluído		Não concluído		Não concluído		Não concluído		Não concluído		Não concluído	
40	410c8a3fd55575cb77d713d840c24749	Não concluído		Não concluído		Não concluído		Não concluído		Não concluído		Não concluído		Não concluído		Não concluído		Não concluído		Não concluído		Não concluído		Não concluído		Não concluído		Não concluído		Não concluído		Não concluído		Não concluído		Não concluído		Não concluído		Não concluído		Não concluído		Não concluído		Não concluído		Não concluído		Não concluído		Não concluído		Não concluído		Não concluído		Não concluído		Não concluído		Não concluído		Não concluído		Não concluído		Não concluído	2025-05-29 12:57:20	Não concluído		Não concluído		Não concluído		Não concluído		Não concluído		Não concluído		Não concluído		Não concluído		Não concluído		Não concluído		Não concluído		Não concluído		Não concluído		Não concluído		Não concluído		Não concluído		Não concluído		Não concluído		Não concluído		Não concluído		Não concluído		Não concluído		Não concluído		Não concluído		Não concluído		Não concluído		Não concluído		Não concluído		Não concluído		Não concluído		Não concluído		Não concluído		Não concluído		Não concluído		Não concluído		Não concluído		Não concluído		Não concluído		Não concluído		Não concluído		Não concluído		Não concluído		Não concluído		Não concluído		Não concluído		Não concluído		Não concluído		Não concluído		Não concluído		Não concluído		Não concluído		Não concluído		Não concluído		Não concluído		Não concluído		Não concluído		Não concluído		Não concluído		Não concluído		Não concluído		Não concluído		Não concluído		Não concluído		Não concluído		Não concluído		Não concluído		Não concluído		Não concluído		Não concluído		Não concluído		Não concluído		Não concluído		Não concluído		Não concluído		Não concluído		Não concluído		Não concluído		Não concluído		Não concluído		Não concluído		Não concluído		Não concluído		Não concluído		Não concluído		Não concluído		Não concluído		Não concluído		Não concluído		Não concluído		Não concluído		Não concluído		Não concluído		Não concluído		Não concluído		Não concluído		Não concluído		Não concluído		Não concluído		Não concluído		Não concluído		Não concluído		Não concluído		Não concluído		Não concluído		Não concluído		Não concluído		Não concluído		Não concluído		Não concluído		Não concluído		Concluído	2025-08-29 15:55:15
41	5b946594208119aa0ffa124f75a150c3	Não concluído		Não concluído		Não concluído		Não concluído		Não concluído		Não concluído		Não concluído		Não concluído		Não concluído		Não concluído		Não concluído		Não concluído		Não concluído		Não concluído		Não concluído		Não concluído		Não concluído		Não concluído		Não concluído		Não concluído		Não concluído		Não concluído		Não concluído		Não concluído		Não concluído		Não concluído		Não concluído		Não concluído		Não concluído		Não concluído		Não concluído		Não concluído		Não concluído		Não concluído		Não concluído		Não concluído		Não concluído		Não concluído		Não concluído		Não concluído		Não concluído		Não concluído		Não concluído		Não concluído		Não concluído		Não concluído		Não concluído		Não concluído		Não concluído		Não concluído		Não concluído		Não concluído		Não concluído		Não concluído		Não concluído		Não concluído		Não concluído		Não concluído		Não concluído		Não concluído		Não concluído		Não concluído		Não concluído		Não concluído		Não concluído		Não concluído		Não concluído		Não concluído		Não concluído		Não concluído		Não concluído		Não concluído		Não concluído		Não concluído		Não concluído		Não concluído		Não concluído		Não concluído		Não concluído		Não concluído		Não concluído		Não concluído		Não concluído		Não concluído		Não concluído		Não concluído		Não concluído		Não concluído		Não concluído		Não concluído		Não concluído		Não concluído		Não concluído		Não concluído		Não concluído		Não concluído		Não concluído		Não concluído		Não concluído		Não concluído		Não concluído		Não concluído		Não concluído		Não concluído		Não concluído		Não concluído		Não concluído		Não concluído		Não concluído		Não concluído		Não concluído		Não concluído		Não concluído		Não concluído		Não concluído		Não concluído		Não concluído		Não concluído		Não concluído		Não concluído		Não concluído		Não concluído		Não concluído		Não concluído		Não concluído		Não concluído		Não concluído		Não concluído		Não concluído		Não concluído		Não concluído		Não concluído		Não concluído		Não concluído		Não concluído		Não concluído		Não concluído		Não concluído		Não concluído		Não concluído		Não concluído		Não concluído		Não concluído		Não concluído		Não concluído	
42	49019188a309faf2fe25e0eff79d9af6	Não concluído		Não concluído		Não concluído		Não concluído		Não concluído		Não concluído		Não concluído		Não concluído		Não concluído		Não concluído		Não concluído		Não concluído		Não concluído		Não concluído		Não concluído		Não concluído		Não concluído		Não concluído		Não concluído		Não concluído		Não concluído		Não concluído		Não concluído		Não concluído		Não concluído		Não concluído		Não concluído		Não concluído		Não concluído		Não concluído		Não concluído		Não concluído		Não concluído		Não concluído		Não concluído		Não concluído		Não concluído		Não concluído		Não concluído		Não concluído		Não concluído		Não concluído		Não concluído		Não concluído		Não concluído		Não concluído		Não concluído		Não concluído		Não concluído		Não concluído		Não concluído		Não concluído		Não concluído		Não concluído		Não concluído		Não concluído		Não concluído		Não concluído		Não concluído		Não concluído		Não concluído		Não concluído		Não concluído		Não concluído		Não concluído		Não concluído		Não concluído		Não concluído		Não concluído		Não concluído		Não concluído		Não concluído		Não concluído		Não concluído		Não concluído		Não concluído		Não concluído		Não concluído		Não concluído		Não concluído		Não concluído		Não concluído		Não concluído		Não concluído		Não concluído		Não concluído		Não concluído		Não concluído		Não concluído		Não concluído		Não concluído		Não concluído		Não concluído		Não concluído		Não concluído		Não concluído		Não concluído		Não concluído		Não concluído		Não concluído		Não concluído		Não concluído		Não concluído		Não concluído		Não concluído		Não concluído		Não concluído		Não concluído		Não concluído		Não concluído		Não concluído		Não concluído		Não concluído		Não concluído		Não concluído		Não concluído		Não concluído		Não concluído		Não concluído		Não concluído		Não concluído		Não concluído		Não concluído		Não concluído		Não concluído		Não concluído		Não concluído		Não concluído		Não concluído		Não concluído		Não concluído		Não concluído		Não concluído		Não concluído		Não concluído		Não concluído		Não concluído		Não concluído		Não concluído		Não concluído		Não concluído		Não concluído		Não concluído		Não concluído		Não concluído	
43	4a99467d42286c30160636e0a8cca386	Não concluído		Não concluído		Não concluído		Não concluído		Não concluído		Não concluído		Não concluído		Não concluído		Não concluído		Não concluído		Não concluído		Não concluído		Não concluído		Não concluído		Não concluído		Não concluído		Não concluído		Não concluído		Não concluído		Não concluído		Não concluído		Não concluído		Não concluído		Não concluído		Não concluído		Não concluído		Não concluído		Não concluído		Não concluído		Não concluído		Não concluído		Não concluído		Não concluído		Não concluído		Não concluído		Não concluído		Não concluído		Não concluído		Não concluído		Não concluído		Não concluído		Não concluído		Não concluído		Não concluído		Não concluído		Não concluído		Não concluído		Não concluído		Não concluído		Não concluído		Não concluído		Não concluído		Não concluído		Não concluído		Não concluído		Não concluído		Concluído	2025-06-27 16:50:18	Não concluído		Não concluído		Não concluído		Não concluído		Não concluído		Não concluído		Não concluído		Não concluído		Não concluído		Não concluído		Não concluído		Não concluído		Não concluído		Não concluído		Não concluído		Não concluído		Não concluído		Não concluído		Não concluído		Não concluído		Não concluído		Não concluído		Não concluído		Não concluído		Não concluído		Não concluído		Não concluído		Não concluído		Não concluído		Não concluído		Não concluído		Não concluído		Não concluído		Não concluído		Não concluído		Não concluído		Não concluído		Não concluído		Não concluído		Não concluído		Não concluído		Não concluído		Não concluído		Não concluído		Não concluído		Não concluído		Não concluído		Não concluído		Não concluído		Não concluído		Não concluído		Não concluído		Não concluído		Não concluído		Não concluído		Não concluído		Não concluído		Não concluído		Não concluído		Não concluído		Não concluído		Não concluído		Não concluído		Não concluído		Não concluído		Não concluído		Não concluído		Não concluído		Não concluído		Não concluído		Não concluído		Não concluído		Não concluído		Não concluído		Não concluído		Não concluído		Não concluído		Não concluído		Não concluído		Não concluído		Não concluído		Não concluído		Não concluído		Não concluído		Não concluído		Não concluído		Não concluído		Não concluído	
44	079aeb32e46cebf8474fb0767217c9d1	Não concluído		Não concluído		Não concluído		Concluído	2025-05-13 17:14:04	Concluído	2025-08-21 14:10:40	Concluído	2025-08-21 14:10:42	Não concluído		Não concluído		Não concluído		Não concluído		Não concluído		Não concluído		Não concluído	2025-05-13 17:28:07	Não concluído		Não concluído		Não concluído		Não concluído		Não concluído		Concluído	2025-05-19 13:09:20	Não concluído		Concluído	2025-05-19 13:38:35	Concluído	2025-05-19 13:52:38	Concluído	2025-05-19 15:30:37	Não concluído	2025-05-19 15:30:43	Concluído	2025-05-19 15:30:43	Concluído	2025-05-19 15:31:36	Concluído	2025-05-19 15:33:59	Não concluído		Concluído	2025-05-19 15:34:01	Não concluído		Não concluído		Não concluído		Não concluído		Não concluído		Concluído	2025-05-19 15:36:54	Não concluído		Não concluído		Não concluído		Não concluído		Não concluído		Não concluído		Não concluído		Concluído	2025-08-26 08:28:11	Concluído	2025-08-26 08:37:46	Não concluído		Não concluído		Não concluído		Não concluído		Não concluído		Não concluído		Não concluído		Não concluído		Concluído	2025-08-26 08:38:01	Concluído	2025-08-26 09:02:33	Não concluído		Não concluído		Não concluído		Não concluído		Não concluído		Não concluído		Não concluído		Não concluído		Não concluído		Não concluído		Não concluído		Não concluído		Não concluído		Não concluído		Não concluído		Não concluído		Não concluído		Não concluído		Não concluído		Não concluído		Não concluído		Não concluído		Não concluído		Não concluído		Não concluído		Não concluído		Não concluído		Não concluído		Não concluído		Não concluído		Não concluído		Não concluído		Não concluído		Não concluído		Não concluído		Não concluído		Não concluído		Não concluído		Não concluído		Não concluído		Não concluído		Não concluído		Não concluído		Não concluído		Concluído	2025-08-19 10:20:03	Concluído	2025-08-19 16:38:17	Concluído	2025-08-21 22:15:30	Concluído	2025-08-21 14:15:21	Não concluído		Não concluído		Concluído	2025-08-23 07:39:45	Concluído	2025-08-23 07:39:46	Não concluído		Não concluído		Não concluído		Não concluído		Não concluído		Não concluído		Não concluído		Não concluído		Não concluído		Não concluído		Não concluído		Não concluído		Concluído	2025-08-22 19:32:15	Concluído	2025-08-22 19:32:08	Concluído	2025-08-23 02:29:02	Concluído	2025-08-23 02:29:01	Não concluído		Concluído	2025-08-23 07:39:52	Não concluído		Concluído	2025-08-23 08:06:03	Não concluído		Não concluído		Não concluído		Não concluído		Não concluído		Não concluído		Não concluído		Não concluído		Não concluído		Não concluído		Não concluído		Não concluído		Não concluído		Não concluído		Não concluído		Não concluído		Concluído	2025-08-25 16:37:27	Não concluído		Não concluído	
45	198d5ba04751f8048df83f1601bf177c	Não concluído		Não concluído		Não concluído		Não concluído		Não concluído		Não concluído		Não concluído		Não concluído		Não concluído		Não concluído		Não concluído		Não concluído		Não concluído		Não concluído		Não concluído		Não concluído		Não concluído		Não concluído		Não concluído		Não concluído		Não concluído		Não concluído		Não concluído		Não concluído		Não concluído		Não concluído		Não concluído		Não concluído		Não concluído		Não concluído		Não concluído		Não concluído		Não concluído		Não concluído		Não concluído		Não concluído		Não concluído		Não concluído		Não concluído		Não concluído		Não concluído		Não concluído		Não concluído		Não concluído		Não concluído		Não concluído		Não concluído		Não concluído		Não concluído		Não concluído		Não concluído		Não concluído		Não concluído		Não concluído		Não concluído		Não concluído		Não concluído		Não concluído		Não concluído		Não concluído		Não concluído		Não concluído		Não concluído		Não concluído		Não concluído		Não concluído		Não concluído		Não concluído		Não concluído		Não concluído		Não concluído		Não concluído		Não concluído		Não concluído		Não concluído		Não concluído		Não concluído		Não concluído		Não concluído		Não concluído		Não concluído		Não concluído		Não concluído		Não concluído		Não concluído		Não concluído		Não concluído		Não concluído		Não concluído		Não concluído		Não concluído		Não concluído		Não concluído		Não concluído		Não concluído		Não concluído		Não concluído		Não concluído		Não concluído		Não concluído		Não concluído		Não concluído		Concluído	2025-08-03 14:58:01	Não concluído		Não concluído		Não concluído		Não concluído		Não concluído		Não concluído		Não concluído		Não concluído		Não concluído		Não concluído		Não concluído		Não concluído		Não concluído		Não concluído		Não concluído		Não concluído		Não concluído		Não concluído		Não concluído		Não concluído		Não concluído		Não concluído		Não concluído		Não concluído		Não concluído		Não concluído		Não concluído		Não concluído		Não concluído		Não concluído		Não concluído		Não concluído		Não concluído		Não concluído		Não concluído		Não concluído		Não concluído		Não concluído		Não concluído		Não concluído		Não concluído		Não concluído	
46	c82e52923837608d34d80ab2267ba5d3	Não concluído		Não concluído		Não concluído		Não concluído		Não concluído		Não concluído		Não concluído		Não concluído		Não concluído		Não concluído		Não concluído		Não concluído		Não concluído		Não concluído		Não concluído		Não concluído		Não concluído		Não concluído		Não concluído		Não concluído		Não concluído		Não concluído		Não concluído		Não concluído		Não concluído		Não concluído		Não concluído		Não concluído		Não concluído		Não concluído		Não concluído		Não concluído		Não concluído		Não concluído		Não concluído		Não concluído		Não concluído		Não concluído		Não concluído		Não concluído		Não concluído		Não concluído		Não concluído		Não concluído		Não concluído		Não concluído		Não concluído		Não concluído		Não concluído		Não concluído		Não concluído		Não concluído		Não concluído		Não concluído		Não concluído		Não concluído		Não concluído		Não concluído		Não concluído		Não concluído		Não concluído		Não concluído		Não concluído		Não concluído		Não concluído		Não concluído		Não concluído		Não concluído		Não concluído		Não concluído		Não concluído		Não concluído		Não concluído		Não concluído		Não concluído		Não concluído		Não concluído		Não concluído		Não concluído		Não concluído		Não concluído		Não concluído		Não concluído		Não concluído		Não concluído		Não concluído		Não concluído		Não concluído		Não concluído		Não concluído		Não concluído		Não concluído		Não concluído		Não concluído		Não concluído		Não concluído		Não concluído		Não concluído		Não concluído		Não concluído		Não concluído		Não concluído		Não concluído		Não concluído		Não concluído		Não concluído		Não concluído		Não concluído		Não concluído		Não concluído		Não concluído		Não concluído		Não concluído		Não concluído		Não concluído		Não concluído		Não concluído		Não concluído		Não concluído		Não concluído		Não concluído		Não concluído		Não concluído		Não concluído		Não concluído		Não concluído		Não concluído		Não concluído		Não concluído		Não concluído		Não concluído		Não concluído		Não concluído		Não concluído		Não concluído		Não concluído		Não concluído		Não concluído		Não concluído		Não concluído		Não concluído		Não concluído		Não concluído		Não concluído		Não concluído	
47	3699831d58fd30d2c7874feece8d878a	Não concluído		Concluído	2025-05-20 01:37:44	Concluído	2025-05-06 13:00:26	Concluído	2025-05-12 23:56:33	Concluído	2025-05-12 23:56:33	Concluído	2025-05-12 23:56:32	Não concluído		Não concluído		Não concluído		Concluído	2025-05-12 23:56:34	Concluído	2025-05-12 23:56:28	Concluído	2025-05-12 23:56:59	Concluído	2025-05-12 23:57:00	Não concluído		Concluído	2025-05-15 10:23:10	Concluído	2025-05-15 10:23:11	Concluído	2025-05-15 10:23:11	Concluído	2025-05-15 10:23:12	Concluído	2025-05-15 10:23:12	Concluído	2025-05-15 00:30:36	Concluído	2025-05-15 00:30:37	Concluído	2025-05-15 00:30:39	Concluído	2025-05-15 10:36:12	Concluído	2025-05-15 10:36:13	Concluído	2025-05-15 00:41:19	Concluído	2025-05-15 00:50:33	Concluído	2025-05-15 00:50:32	Concluído	2025-05-15 00:58:05	Concluído	2025-05-15 00:58:04	Concluído	2025-05-15 01:04:45	Concluído	2025-05-15 01:04:44	Concluído	2025-05-15 01:04:43	Concluído	2025-05-15 01:04:46	Concluído	2025-05-15 01:08:05	Concluído	2025-05-15 01:08:06	Concluído	2025-05-15 10:36:16	Concluído	2025-05-15 10:40:39	Concluído	2025-05-15 11:07:13	Concluído	2025-05-20 01:38:04	Concluído	2025-05-20 01:45:22	Concluído	2025-05-27 14:15:02	Concluído	2025-05-27 14:15:03	Concluído	2025-05-27 14:15:03	Concluído	2025-05-27 14:15:04	Concluído	2025-05-21 17:47:24	Concluído	2025-05-21 17:47:25	Concluído	2025-05-21 17:47:25	Concluído	2025-05-21 17:47:26	Concluído	2025-05-24 10:44:35	Concluído	2025-05-28 18:50:09	Concluído	2025-05-28 18:50:54	Concluído	2025-05-28 18:56:33	Concluído	2025-05-27 14:15:17	Concluído	2025-05-27 14:15:18	Concluído	2025-05-28 18:50:57	Concluído	2025-05-28 18:50:58	Concluído	2025-06-16 19:05:20	Concluído	2025-06-16 19:07:50	Concluído	2025-06-16 19:07:51	Concluído	2025-06-16 19:07:53	Concluído	2025-06-16 19:07:52	Concluído	2025-06-16 19:07:54	Concluído	2025-06-16 19:07:55	Concluído	2025-06-16 19:07:56	Concluído	2025-06-11 00:46:40	Concluído	2025-06-16 19:08:02	Concluído	2025-06-16 19:08:00	Concluído	2025-06-16 19:08:15	Concluído	2025-06-16 19:08:16	Concluído	2025-06-16 20:19:25	Concluído	2025-07-01 11:00:53	Concluído	2025-07-01 11:00:53	Concluído	2025-07-01 11:00:53	Concluído	2025-07-01 11:00:52	Concluído	2025-06-16 20:19:29	Concluído	2025-06-16 20:19:16	Concluído	2025-06-16 19:08:06	Concluído	2025-07-01 11:00:50	Concluído	2025-07-01 11:00:49	Concluído	2025-07-01 11:00:49	Concluído	2025-07-01 11:00:49	Concluído	2025-07-01 11:00:48	Concluído	2025-07-01 11:00:48	Concluído	2025-06-26 12:52:26	Concluído	2025-07-01 11:00:43	Concluído	2025-07-01 11:00:44	Concluído	2025-07-01 11:00:44	Concluído	2025-07-01 11:00:46	Concluído	2025-07-01 11:00:46	Não concluído		Não concluído		Não concluído		Não concluído		Não concluído		Não concluído		Não concluído		Não concluído		Concluído	2025-07-07 21:38:47	Não concluído		Não concluído		Não concluído		Não concluído		Não concluído		Não concluído		Não concluído		Não concluído		Não concluído		Não concluído		Não concluído		Não concluído		Não concluído		Não concluído		Não concluído		Não concluído		Não concluído		Não concluído		Não concluído		Concluído	2025-07-30 20:22:02	Não concluído		Não concluído		Não concluído		Não concluído		Não concluído		Não concluído		Não concluído		Não concluído		Não concluído		Não concluído		Não concluído		Não concluído		Não concluído		Não concluído		Não concluído		Não concluído		Não concluído		Não concluído		Não concluído		Concluído	2025-08-25 13:15:47	Concluído	2025-08-25 13:15:48	Concluído	2025-08-25 13:15:49	Concluído	2025-08-25 13:15:50	Concluído	2025-08-25 13:15:51	Concluído	2025-08-25 13:19:10	Concluído	2025-08-28 09:26:49	Não concluído	
48	4e2295a4d5ac297f776c7ebd69f5d6c6	Não concluído		Não concluído		Não concluído		Não concluído		Não concluído		Não concluído		Não concluído		Não concluído		Não concluído		Não concluído		Não concluído		Não concluído		Não concluído		Não concluído		Não concluído		Não concluído		Não concluído		Não concluído		Não concluído		Não concluído		Não concluído		Não concluído		Não concluído		Não concluído		Não concluído		Não concluído		Não concluído		Não concluído		Não concluído		Não concluído		Não concluído		Não concluído		Não concluído		Não concluído		Não concluído		Não concluído		Não concluído		Não concluído		Não concluído		Não concluído		Não concluído		Não concluído		Não concluído		Não concluído		Não concluído		Não concluído		Não concluído		Não concluído		Não concluído		Não concluído		Não concluído		Não concluído		Não concluído		Não concluído		Não concluído		Não concluído		Não concluído		Não concluído		Não concluído		Não concluído		Não concluído		Não concluído		Não concluído		Não concluído		Não concluído		Não concluído		Não concluído		Não concluído		Não concluído		Não concluído		Não concluído		Não concluído		Não concluído		Não concluído		Não concluído		Não concluído		Não concluído		Não concluído		Não concluído		Não concluído		Não concluído		Não concluído		Não concluído		Não concluído		Não concluído		Não concluído		Não concluído		Não concluído		Não concluído		Não concluído		Não concluído		Não concluído		Não concluído		Não concluído		Não concluído		Não concluído		Não concluído		Não concluído		Não concluído		Não concluído		Não concluído		Não concluído		Não concluído		Não concluído		Não concluído		Não concluído		Não concluído		Não concluído		Não concluído		Não concluído		Não concluído		Não concluído		Não concluído		Não concluído		Não concluído		Não concluído		Não concluído		Não concluído		Não concluído		Não concluído		Não concluído		Não concluído		Não concluído		Não concluído		Não concluído		Não concluído		Não concluído		Não concluído		Não concluído		Não concluído		Não concluído		Não concluído		Não concluído		Não concluído		Não concluído		Não concluído		Não concluído		Não concluído		Não concluído		Não concluído		Não concluído		Não concluído		Não concluído		Não concluído		Não concluído	
49	a8baecfe10ef08a8c4839fd7d0f7477f	Não concluído		Não concluído		Não concluído		Não concluído		Não concluído		Não concluído		Não concluído		Não concluído		Não concluído		Não concluído		Não concluído		Não concluído		Não concluído		Não concluído		Não concluído		Não concluído		Não concluído		Não concluído		Não concluído		Não concluído		Não concluído		Não concluído		Não concluído		Não concluído		Não concluído		Não concluído		Não concluído		Não concluído		Não concluído		Não concluído		Não concluído		Não concluído		Não concluído		Não concluído		Não concluído		Não concluído		Não concluído		Não concluído		Não concluído		Não concluído		Não concluído		Não concluído		Não concluído		Não concluído		Não concluído		Não concluído		Não concluído		Não concluído		Não concluído		Não concluído		Não concluído		Não concluído		Não concluído		Não concluído		Não concluído		Não concluído		Não concluído		Não concluído		Não concluído		Não concluído		Não concluído		Não concluído		Não concluído		Não concluído		Não concluído		Não concluído		Não concluído		Não concluído		Não concluído		Não concluído		Não concluído		Não concluído		Não concluído		Não concluído		Não concluído		Não concluído		Não concluído		Não concluído		Não concluído		Não concluído		Não concluído		Não concluído		Não concluído		Não concluído		Não concluído		Não concluído		Não concluído		Não concluído		Não concluído		Não concluído		Não concluído		Não concluído		Não concluído		Não concluído		Não concluído		Não concluído		Não concluído		Não concluído		Não concluído		Não concluído		Não concluído		Não concluído		Não concluído		Não concluído		Não concluído		Não concluído		Não concluído		Não concluído		Não concluído		Não concluído		Não concluído		Não concluído		Não concluído		Não concluído		Não concluído		Não concluído		Não concluído		Não concluído		Não concluído		Não concluído		Não concluído		Não concluído		Não concluído		Não concluído		Não concluído		Não concluído		Não concluído		Não concluído		Não concluído		Não concluído		Não concluído		Não concluído		Não concluído		Não concluído		Não concluído		Não concluído		Não concluído		Não concluído		Não concluído		Não concluído		Não concluído		Não concluído		Não concluído		Não concluído		Não concluído	
50	b98369fde57d31b2af36ff1c65015324	Não concluído		Não concluído		Não concluído		Não concluído		Não concluído		Não concluído		Não concluído		Não concluído		Não concluído		Não concluído		Não concluído		Não concluído		Não concluído		Não concluído		Não concluído		Não concluído		Não concluído		Não concluído		Não concluído		Não concluído		Não concluído		Não concluído		Não concluído		Não concluído		Não concluído		Não concluído		Não concluído		Não concluído		Não concluído		Não concluído		Não concluído		Não concluído		Não concluído		Não concluído		Não concluído		Não concluído		Não concluído		Não concluído		Não concluído		Não concluído		Não concluído		Não concluído		Não concluído		Não concluído		Não concluído		Não concluído		Não concluído		Não concluído		Não concluído		Não concluído		Não concluído		Não concluído		Não concluído		Não concluído		Não concluído		Não concluído		Não concluído		Não concluído		Não concluído		Não concluído		Não concluído		Não concluído		Não concluído		Não concluído		Não concluído		Não concluído		Não concluído		Não concluído		Não concluído		Não concluído		Não concluído		Não concluído		Não concluído		Não concluído		Não concluído		Não concluído		Não concluído		Não concluído		Não concluído		Não concluído		Não concluído		Não concluído		Não concluído		Não concluído		Não concluído		Não concluído		Não concluído		Não concluído		Não concluído		Não concluído		Não concluído		Não concluído		Não concluído		Não concluído		Não concluído		Não concluído		Não concluído		Não concluído		Não concluído		Não concluído		Não concluído		Não concluído		Não concluído		Não concluído		Não concluído		Não concluído		Não concluído		Não concluído		Não concluído		Não concluído		Não concluído		Não concluído		Não concluído		Não concluído		Não concluído		Não concluído		Não concluído		Não concluído		Não concluído		Não concluído		Não concluído		Não concluído		Não concluído		Não concluído		Não concluído		Não concluído		Não concluído		Não concluído		Não concluído		Não concluído		Não concluído		Não concluído		Não concluído		Não concluído		Não concluído		Não concluído		Não concluído		Não concluído		Não concluído		Não concluído		Não concluído		Não concluído		Não concluído		Não concluído		Não concluído	
51	d64816253c2d9193c2f00e91d9b3db4a	Não concluído		Não concluído		Concluído	2025-08-14 20:59:39	Não concluído		Não concluído		Não concluído		Não concluído		Não concluído		Não concluído		Não concluído		Não concluído		Não concluído		Não concluído		Não concluído		Concluído	2025-05-12 11:43:03	Concluído	2025-05-12 11:43:04	Concluído	2025-05-12 11:45:15	Concluído	2025-05-12 11:45:28	Concluído	2025-05-12 11:45:31	Concluído	2025-05-13 11:04:39	Concluído	2025-05-13 11:04:39	Concluído	2025-05-13 12:07:46	Concluído	2025-05-13 12:10:24	Concluído	2025-05-19 16:29:01	Concluído	2025-05-14 18:37:59	Concluído	2025-05-14 18:57:26	Concluído	2025-05-14 19:08:51	Concluído	2025-05-14 19:20:14	Concluído	2025-05-19 16:39:56	Concluído	2025-05-19 16:45:25	Concluído	2025-05-19 16:57:03	Concluído	2025-05-19 17:04:58	Concluído	2025-05-19 23:02:39	Concluído	2025-05-27 12:47:57	Concluído	2025-05-20 11:32:23	Concluído	2025-05-26 14:33:41	Concluído	2025-05-26 14:38:28	Concluído	2025-05-27 12:47:56	Não concluído		Concluído	2025-05-20 11:45:49	Concluído	2025-05-19 17:04:27	Concluído	2025-05-19 17:04:03	Concluído	2025-05-19 17:03:52	Concluído	2025-05-19 23:02:42	Não concluído		Concluído	2025-05-27 13:01:17	Concluído	2025-05-29 11:49:01	Concluído	2025-05-29 12:05:41	Não concluído	2025-05-29 17:11:19	Concluído	2025-05-29 12:26:40	Concluído	2025-06-02 21:00:39	Concluído	2025-05-29 12:28:09	Não concluído		Não concluído		Não concluído		Não concluído		Não concluído		Concluído	2025-06-05 22:46:40	Concluído	2025-06-23 15:33:37	Concluído	2025-06-23 15:50:16	Não concluído		Não concluído		Não concluído		Não concluído		Concluído	2025-06-05 22:46:38	Não concluído		Não concluído		Não concluído		Concluído	2025-06-23 14:44:52	Concluído	2025-06-23 14:59:17	Concluído	2025-06-23 15:22:44	Concluído	2025-06-23 23:29:11	Não concluído		Não concluído		Não concluído		Não concluído		Não concluído		Não concluído		Concluído	2025-06-27 14:30:55	Concluído	2025-06-27 14:48:35	Concluído	2025-06-27 15:11:34	Não concluído		Não concluído		Não concluído		Concluído	2025-06-26 23:43:32	Concluído	2025-06-26 23:43:32	Concluído	2025-06-27 17:04:51	Concluído	2025-08-14 21:00:24	Concluído	2025-06-26 23:43:06	Não concluído		Não concluído		Não concluído		Não concluído		Não concluído		Não concluído		Não concluído		Não concluído		Concluído	2025-07-08 22:45:26	Concluído	2025-07-10 14:54:39	Concluído	2025-07-10 14:54:40	Concluído	2025-07-10 14:54:43	Não concluído		Não concluído		Não concluído		Concluído	2025-07-30 22:09:56	Concluído	2025-07-30 22:13:04	Concluído	2025-07-30 22:25:57	Concluído	2025-07-30 22:48:46	Concluído	2025-08-14 20:58:16	Concluído	2025-08-14 20:58:18	Concluído	2025-08-14 20:58:19	Concluído	2025-08-16 13:18:55	Concluído	2025-08-18 18:24:56	Concluído	2025-08-18 19:07:37	Não concluído		Concluído	2025-08-18 19:57:51	Concluído	2025-08-18 19:29:49	Concluído	2025-07-31 13:44:17	Não concluído		Não concluído		Não concluído		Não concluído		Não concluído		Não concluído		Não concluído		Não concluído		Não concluído		Não concluído		Concluído	2025-08-14 20:57:56	Não concluído		Não concluído		Não concluído		Não concluído		Não concluído		Não concluído		Não concluído		Não concluído		Não concluído		Não concluído		Não concluído		Não concluído		Não concluído		Concluído	2025-08-28 12:35:20	Não concluído		Não concluído	
52	12fe7cebcb0d55cbcb3416c8cc806852	Não concluído		Não concluído		Não concluído		Não concluído		Não concluído		Não concluído		Não concluído		Não concluído		Não concluído		Não concluído		Não concluído		Não concluído		Não concluído		Não concluído		Não concluído		Não concluído		Não concluído		Não concluído		Não concluído		Não concluído		Não concluído		Não concluído		Não concluído		Não concluído		Não concluído		Não concluído		Não concluído		Não concluído		Não concluído		Não concluído		Não concluído		Não concluído		Não concluído		Não concluído		Não concluído		Não concluído		Não concluído		Não concluído		Não concluído		Não concluído		Não concluído		Não concluído		Não concluído		Não concluído		Não concluído		Não concluído		Não concluído		Não concluído		Não concluído		Não concluído		Não concluído		Não concluído		Não concluído		Não concluído		Não concluído		Não concluído		Não concluído		Não concluído		Não concluído		Não concluído		Não concluído		Não concluído		Não concluído		Não concluído		Não concluído		Não concluído		Não concluído		Não concluído		Não concluído		Não concluído		Não concluído		Não concluído		Não concluído		Não concluído		Não concluído		Não concluído		Não concluído		Não concluído		Não concluído		Não concluído		Não concluído		Não concluído		Não concluído		Não concluído		Não concluído		Não concluído		Não concluído		Não concluído		Não concluído		Não concluído		Não concluído		Não concluído		Não concluído		Não concluído		Não concluído		Não concluído		Não concluído		Não concluído		Não concluído		Não concluído		Não concluído		Não concluído		Não concluído		Não concluído		Não concluído		Não concluído		Não concluído		Não concluído		Não concluído		Não concluído		Não concluído		Não concluído		Não concluído		Não concluído		Não concluído		Não concluído		Não concluído		Não concluído		Não concluído		Não concluído		Não concluído		Não concluído		Não concluído		Não concluído		Não concluído		Não concluído		Não concluído		Não concluído		Não concluído		Não concluído		Não concluído		Não concluído		Não concluído		Não concluído		Não concluído		Não concluído		Não concluído		Não concluído		Não concluído		Não concluído		Não concluído		Não concluído		Não concluído		Não concluído		Não concluído	
53	ac480deb3f3a84cb61717b1f01af6d66	Não concluído		Não concluído		Não concluído		Não concluído		Não concluído		Não concluído		Não concluído		Não concluído		Não concluído		Não concluído		Não concluído		Não concluído		Não concluído		Não concluído		Não concluído		Não concluído		Não concluído		Não concluído		Não concluído		Não concluído		Não concluído		Não concluído		Não concluído		Não concluído		Não concluído		Não concluído		Não concluído		Não concluído		Não concluído		Não concluído		Não concluído		Não concluído		Não concluído		Não concluído		Não concluído		Não concluído		Não concluído		Não concluído		Não concluído		Não concluído		Não concluído		Não concluído		Não concluído		Não concluído		Não concluído		Não concluído		Não concluído		Não concluído		Não concluído		Não concluído		Não concluído		Não concluído		Não concluído		Não concluído		Não concluído		Não concluído		Concluído	2025-06-26 10:14:23	Não concluído	2025-06-26 10:14:30	Não concluído		Não concluído		Não concluído		Não concluído		Não concluído		Não concluído		Não concluído		Não concluído		Não concluído		Concluído	2025-06-26 10:14:33	Não concluído		Não concluído		Não concluído		Não concluído		Não concluído		Não concluído		Não concluído		Não concluído		Não concluído		Não concluído		Não concluído		Não concluído		Não concluído		Não concluído		Não concluído		Não concluído		Não concluído		Não concluído		Não concluído		Não concluído		Não concluído		Não concluído		Não concluído		Não concluído		Não concluído		Não concluído		Não concluído		Não concluído		Não concluído		Não concluído		Não concluído		Não concluído		Não concluído		Não concluído		Concluído	2025-07-28 13:47:06	Não concluído		Não concluído		Não concluído		Não concluído		Não concluído		Não concluído		Não concluído		Não concluído		Não concluído		Não concluído		Não concluído		Não concluído		Não concluído		Não concluído		Não concluído		Não concluído		Não concluído		Não concluído		Não concluído		Não concluído		Não concluído		Não concluído		Não concluído		Não concluído		Não concluído		Não concluído		Não concluído		Não concluído		Não concluído		Não concluído		Não concluído		Não concluído		Não concluído		Não concluído		Não concluído		Não concluído		Não concluído		Não concluído		Não concluído		Não concluído		Não concluído		Não concluído	
54	86f064a40dabcba44f22f59f99fa838e	Concluído	2025-07-01 13:40:32	Concluído	2025-07-01 13:40:29	Não concluído		Concluído	2025-05-14 18:19:16	Concluído	2025-05-14 18:19:17	Concluído	2025-07-01 13:40:21	Não concluído		Não concluído		Não concluído		Concluído	2025-07-01 13:40:23	Concluído	2025-07-01 13:40:23	Concluído	2025-05-14 18:19:27	Concluído	2025-05-14 18:19:30	Concluído	2025-07-01 13:40:29	Concluído	2025-05-14 18:19:45	Concluído	2025-05-14 18:19:44	Concluído	2025-05-14 18:19:46	Concluído	2025-05-14 18:19:48	Concluído	2025-05-14 18:19:48	Concluído	2025-05-14 18:20:07	Concluído	2025-05-14 18:20:07	Concluído	2025-05-14 18:20:10	Concluído	2025-05-14 20:50:00	Concluído	2025-05-14 21:08:52	Concluído	2025-05-14 21:08:53	Concluído	2025-05-14 21:08:53	Concluído	2025-05-14 21:08:56	Concluído	2025-05-14 21:08:54	Concluído	2025-05-14 21:08:58	Concluído	2025-05-14 21:08:59	Concluído	2025-05-14 21:09:00	Concluído	2025-05-14 21:09:01	Concluído	2025-05-14 21:09:02	Concluído	2025-05-23 14:32:50	Concluído	2025-05-23 14:32:49	Concluído	2025-05-23 14:32:48	Concluído	2025-05-23 14:32:47	Concluído	2025-05-23 14:32:47	Concluído	2025-05-23 14:32:46	Concluído	2025-05-23 14:32:46	Concluído	2025-07-01 13:40:49	Concluído	2025-07-01 13:40:50	Concluído	2025-07-01 13:40:50	Concluído	2025-07-01 13:40:52	Concluído	2025-07-01 13:41:37	Concluído	2025-07-01 13:41:38	Concluído	2025-07-01 13:41:39	Concluído	2025-07-01 13:41:38	Concluído	2025-07-01 13:41:40	Concluído	2025-07-01 13:41:42	Concluído	2025-07-01 13:41:43	Concluído	2025-07-01 13:41:43	Concluído	2025-07-01 13:42:25	Concluído	2025-07-01 13:42:25	Concluído	2025-07-01 13:42:24	Concluído	2025-07-01 13:42:27	Concluído	2025-07-01 13:42:39	Concluído	2025-07-01 13:42:43	Concluído	2025-07-01 13:43:05	Concluído	2025-07-01 13:42:43	Concluído	2025-07-01 13:42:42	Concluído	2025-07-01 13:42:45	Concluído	2025-07-01 13:42:41	Concluído	2025-07-01 13:42:41	Concluído	2025-07-01 13:43:03	Concluído	2025-07-01 13:43:14	Concluído	2025-07-01 13:43:14	Concluído	2025-07-01 13:43:15	Concluído	2025-07-01 13:43:20	Concluído	2025-07-01 13:43:20	Concluído	2025-07-01 13:43:27	Concluído	2025-07-01 13:43:17	Concluído	2025-07-01 13:43:17	Concluído	2025-07-01 13:43:16	Concluído	2025-07-01 13:44:25	Concluído	2025-07-01 13:43:52	Concluído	2025-07-01 13:43:52	Concluído	2025-07-01 13:43:56	Concluído	2025-07-01 13:43:55	Concluído	2025-07-01 13:43:55	Concluído	2025-07-01 13:43:56	Concluído	2025-07-01 13:43:54	Concluído	2025-07-01 13:43:59	Concluído	2025-07-01 13:44:21	Concluído	2025-07-01 13:44:21	Concluído	2025-07-01 13:44:19	Concluído	2025-07-01 13:44:19	Concluído	2025-07-01 13:44:18	Concluído	2025-07-01 13:44:17	Não concluído		Concluído	2025-07-01 13:44:35	Concluído	2025-07-01 13:44:38	Concluído	2025-07-01 13:44:34	Concluído	2025-07-01 13:44:34	Concluído	2025-07-01 13:44:34	Concluído	2025-07-01 13:44:33	Concluído	2025-07-01 13:44:33	Não concluído		Não concluído		Não concluído		Não concluído		Não concluído		Não concluído		Não concluído		Não concluído		Não concluído		Não concluído		Não concluído		Não concluído		Não concluído		Não concluído		Não concluído		Não concluído		Não concluído		Não concluído		Não concluído		Não concluído		Não concluído		Não concluído		Não concluído		Não concluído		Não concluído		Não concluído		Não concluído		Não concluído		Não concluído		Não concluído		Não concluído		Não concluído		Não concluído		Não concluído		Não concluído		Não concluído		Não concluído		Não concluído		Não concluído		Não concluído		Não concluído		Não concluído		Não concluído		Não concluído		Não concluído		Não concluído		Não concluído		Não concluído	
55	03f157427cefbeea632b47d695bd3043	Concluído	2025-05-08 13:27:39	Concluído	2025-05-08 13:27:38	Concluído	2025-05-08 13:27:20	Concluído	2025-05-08 13:27:22	Concluído	2025-05-08 13:27:24	Concluído	2025-05-08 13:27:25	Não concluído		Não concluído		Não concluído		Concluído	2025-05-08 13:27:26	Concluído	2025-05-08 13:27:28	Concluído	2025-05-08 13:27:29	Concluído	2025-05-08 13:27:31	Concluído	2025-05-08 13:27:37	Concluído	2025-05-13 09:29:26	Concluído	2025-05-13 09:29:27	Concluído	2025-05-13 09:29:28	Concluído	2025-05-13 09:29:29	Concluído	2025-05-13 09:29:30	Concluído	2025-05-13 09:29:39	Concluído	2025-05-13 09:29:40	Concluído	2025-05-13 09:29:41	Concluído	2025-05-13 09:32:31	Concluído	2025-05-19 15:07:15	Concluído	2025-05-19 15:07:16	Concluído	2025-05-19 15:07:17	Concluído	2025-05-19 15:07:17	Concluído	2025-05-19 15:07:18	Concluído	2025-05-19 15:07:19	Concluído	2025-05-19 15:07:19	Concluído	2025-05-19 15:07:20	Concluído	2025-05-19 15:11:27	Concluído	2025-05-19 15:11:27	Concluído	2025-05-19 15:16:27	Concluído	2025-05-19 15:16:31	Concluído	2025-05-19 15:16:28	Concluído	2025-05-19 15:16:30	Concluído	2025-05-19 15:16:28	Concluído	2025-05-19 15:16:29	Concluído	2025-05-19 15:16:29	Concluído	2025-05-19 15:16:34	Concluído	2025-05-19 15:16:34	Concluído	2025-05-19 15:16:35	Concluído	2025-05-19 15:16:35	Concluído	2025-05-23 11:21:01	Concluído	2025-05-23 11:21:04	Concluído	2025-05-23 11:21:03	Concluído	2025-05-23 11:21:05	Concluído	2025-05-23 11:21:07	Concluído	2025-05-23 11:21:12	Concluído	2025-05-23 11:21:13	Concluído	2025-05-23 11:21:14	Concluído	2025-05-31 11:36:46	Concluído	2025-05-31 11:36:47	Concluído	2025-05-31 11:36:47	Concluído	2025-05-31 11:36:48	Concluído	2025-06-26 16:33:53	Concluído	2025-06-26 16:33:51	Concluído	2025-06-26 16:33:46	Concluído	2025-06-26 16:33:44	Concluído	2025-06-26 16:33:43	Concluído	2025-06-26 16:33:42	Concluído	2025-06-26 16:33:38	Concluído	2025-06-26 16:33:37	Concluído	2025-06-26 16:33:36	Concluído	2025-06-26 16:33:35	Concluído	2025-06-26 16:33:32	Concluído	2025-06-26 16:33:28	Concluído	2025-06-26 16:33:26	Concluído	2025-06-26 16:33:25	Concluído	2025-06-26 16:33:24	Concluído	2025-06-26 16:33:23	Concluído	2025-06-26 16:33:22	Concluído	2025-06-26 16:33:21	Concluído	2025-06-26 16:33:20	Concluído	2025-06-26 16:33:17	Concluído	2025-06-26 16:33:16	Concluído	2025-06-26 16:33:09	Concluído	2025-06-26 16:33:03	Concluído	2025-06-26 16:33:00	Concluído	2025-06-26 16:32:59	Concluído	2025-06-26 16:32:58	Concluído	2025-06-26 16:32:57	Concluído	2025-06-26 16:32:56	Concluído	2025-06-26 16:32:32	Concluído	2025-06-26 16:32:31	Concluído	2025-06-26 16:32:24	Concluído	2025-06-26 16:32:22	Concluído	2025-06-26 16:32:21	Não concluído		Não concluído		Não concluído		Não concluído		Não concluído		Não concluído		Não concluído		Não concluído		Não concluído		Não concluído		Não concluído		Não concluído		Não concluído		Não concluído		Não concluído		Não concluído		Não concluído		Não concluído		Não concluído		Não concluído		Não concluído		Não concluído		Não concluído		Não concluído		Não concluído		Não concluído		Não concluído		Não concluído		Concluído	2025-08-14 06:17:22	Não concluído		Não concluído		Não concluído		Não concluído		Não concluído		Não concluído		Não concluído		Não concluído		Não concluído		Não concluído		Concluído	2025-08-14 06:17:11	Não concluído		Não concluído		Não concluído		Não concluído		Não concluído		Não concluído		Não concluído		Não concluído		Não concluído		Não concluído		Não concluído		Não concluído		Não concluído		Não concluído		Não concluído		Não concluído	
56	fc56cf1a747cffc67fe87e7416f90763	Não concluído		Não concluído		Não concluído		Não concluído		Não concluído		Não concluído		Não concluído		Não concluído		Não concluído		Não concluído		Não concluído		Não concluído		Não concluído		Não concluído		Não concluído		Não concluído		Não concluído		Não concluído		Não concluído		Concluído	2025-05-15 11:26:57	Não concluído		Não concluído		Concluído	2025-05-15 11:27:27	Não concluído		Não concluído		Não concluído		Não concluído		Não concluído		Não concluído		Não concluído		Não concluído		Não concluído		Não concluído		Não concluído		Não concluído		Não concluído		Não concluído		Não concluído		Não concluído		Não concluído		Não concluído		Não concluído		Não concluído		Não concluído		Não concluído		Não concluído		Não concluído		Não concluído		Não concluído		Não concluído		Não concluído		Não concluído		Não concluído		Não concluído		Não concluído		Não concluído		Não concluído		Não concluído		Não concluído		Não concluído		Não concluído		Não concluído		Não concluído		Não concluído		Não concluído		Não concluído		Não concluído		Não concluído		Não concluído		Não concluído		Não concluído		Não concluído		Não concluído		Não concluído		Não concluído		Não concluído		Não concluído		Não concluído		Não concluído		Não concluído		Não concluído		Não concluído		Não concluído		Não concluído		Não concluído		Não concluído		Não concluído		Não concluído		Não concluído		Não concluído		Não concluído		Não concluído		Não concluído		Não concluído		Não concluído		Não concluído		Não concluído		Não concluído		Não concluído		Não concluído		Não concluído		Não concluído		Não concluído		Não concluído		Não concluído		Não concluído		Não concluído		Não concluído		Não concluído		Não concluído		Não concluído		Não concluído		Não concluído		Não concluído		Não concluído		Não concluído		Não concluído		Não concluído		Não concluído		Não concluído		Não concluído		Não concluído		Não concluído		Não concluído		Não concluído		Não concluído		Não concluído		Não concluído		Não concluído		Não concluído		Não concluído		Não concluído		Não concluído		Não concluído		Não concluído		Não concluído		Não concluído		Não concluído		Não concluído		Não concluído		Não concluído		Não concluído		Não concluído		Não concluído		Não concluído	
58	ffcf482b49f993d326070eedd7b56b97	Não concluído		Concluído	2025-06-28 00:52:06	Não concluído		Não concluído		Não concluído		Não concluído		Não concluído		Não concluído		Não concluído		Não concluído		Não concluído		Não concluído		Não concluído		Concluído	2025-06-28 00:52:05	Concluído	2025-05-15 13:32:10	Concluído	2025-05-15 13:32:14	Concluído	2025-05-15 13:32:14	Concluído	2025-05-15 13:32:13	Concluído	2025-05-15 13:32:12	Concluído	2025-05-15 13:32:15	Concluído	2025-05-15 13:32:16	Concluído	2025-05-15 13:32:17	Concluído	2025-05-15 13:32:17	Concluído	2025-05-15 13:32:19	Concluído	2025-06-05 14:00:55	Concluído	2025-06-05 14:00:55	Concluído	2025-06-05 14:00:55	Concluído	2025-06-05 14:00:56	Concluído	2025-06-05 14:00:56	Concluído	2025-06-05 14:00:57	Concluído	2025-06-05 14:00:57	Concluído	2025-06-05 14:00:58	Concluído	2025-06-05 14:01:00	Concluído	2025-05-15 13:32:25	Concluído	2025-06-05 14:01:01	Concluído	2025-06-05 14:01:03	Concluído	2025-06-05 14:01:04	Concluído	2025-06-05 14:01:04	Concluído	2025-06-05 14:01:05	Concluído	2025-06-05 14:01:05	Concluído	2025-06-05 14:01:07	Concluído	2025-06-05 14:01:07	Concluído	2025-06-05 14:01:08	Concluído	2025-06-05 14:01:08	Não concluído		Não concluído		Não concluído		Não concluído		Não concluído		Não concluído		Não concluído		Não concluído		Não concluído		Não concluído		Não concluído		Não concluído		Não concluído		Não concluído		Não concluído		Não concluído		Não concluído		Não concluído		Não concluído		Não concluído		Não concluído		Não concluído		Não concluído		Não concluído		Não concluído		Não concluído		Não concluído		Não concluído		Não concluído		Não concluído		Não concluído		Não concluído		Não concluído		Não concluído		Não concluído		Não concluído		Não concluído		Não concluído		Não concluído		Não concluído		Não concluído		Não concluído		Não concluído		Não concluído		Não concluído		Não concluído		Não concluído		Não concluído		Não concluído		Não concluído		Não concluído		Não concluído		Não concluído		Não concluído		Não concluído		Não concluído		Não concluído		Não concluído		Concluído	2025-07-29 14:30:29	Concluído	2025-07-29 14:30:45	Não concluído		Não concluído		Não concluído		Não concluído		Não concluído		Não concluído		Não concluído		Não concluído		Não concluído		Não concluído		Não concluído		Não concluído		Não concluído		Não concluído		Não concluído		Não concluído		Não concluído		Não concluído		Não concluído		Não concluído		Não concluído		Não concluído		Não concluído		Não concluído		Não concluído		Não concluído		Não concluído		Não concluído		Não concluído		Não concluído		Não concluído		Não concluído		Não concluído		Não concluído		Não concluído		Não concluído		Não concluído		Não concluído		Não concluído		Não concluído		Não concluído	
59	c84426778d83da8184b66899d5056414	Não concluído		Não concluído		Não concluído		Não concluído		Não concluído		Não concluído		Não concluído		Não concluído		Não concluído		Não concluído		Não concluído		Não concluído		Não concluído		Não concluído		Não concluído		Não concluído		Não concluído		Não concluído		Não concluído		Não concluído		Não concluído		Não concluído		Não concluído		Não concluído		Não concluído		Não concluído		Não concluído		Não concluído		Não concluído		Não concluído		Não concluído		Não concluído		Não concluído		Não concluído		Não concluído		Não concluído		Não concluído		Não concluído		Não concluído		Não concluído		Não concluído		Não concluído		Não concluído		Não concluído		Não concluído		Não concluído		Não concluído		Não concluído		Não concluído		Não concluído		Não concluído		Não concluído		Não concluído		Não concluído		Não concluído		Não concluído		Não concluído		Não concluído		Não concluído		Não concluído		Não concluído		Não concluído		Não concluído		Não concluído		Não concluído		Não concluído		Não concluído		Não concluído		Não concluído		Não concluído		Não concluído		Não concluído		Não concluído		Não concluído		Não concluído		Não concluído		Não concluído		Não concluído		Não concluído		Não concluído		Não concluído		Não concluído		Não concluído		Não concluído		Não concluído		Não concluído		Não concluído		Não concluído		Não concluído		Não concluído		Não concluído		Não concluído		Não concluído		Não concluído		Não concluído		Não concluído		Não concluído		Não concluído		Não concluído		Não concluído		Não concluído		Não concluído		Não concluído		Não concluído		Não concluído		Não concluído		Não concluído		Não concluído		Não concluído		Não concluído		Não concluído		Não concluído		Não concluído		Não concluído		Não concluído		Não concluído		Não concluído		Não concluído		Não concluído		Não concluído		Não concluído		Não concluído		Não concluído		Não concluído		Não concluído		Não concluído		Não concluído		Não concluído		Não concluído		Não concluído		Não concluído		Não concluído		Não concluído		Não concluído		Não concluído		Não concluído		Não concluído		Não concluído		Não concluído		Não concluído		Não concluído		Não concluído		Não concluído		Não concluído		Não concluído	
60	c398195cd606570eec08587d15d68dc7	Concluído	2025-06-04 09:37:42	Concluído	2025-06-04 09:37:41	Não concluído		Não concluído		Não concluído		Não concluído		Não concluído		Não concluído		Não concluído		Não concluído		Não concluído		Não concluído		Não concluído		Concluído	2025-06-04 09:37:41	Concluído	2025-06-20 16:06:45	Concluído	2025-06-20 16:06:46	Concluído	2025-06-20 16:06:47	Concluído	2025-06-20 16:06:48	Concluído	2025-06-20 16:06:48	Concluído	2025-06-20 16:06:49	Concluído	2025-06-20 16:06:51	Concluído	2025-06-20 16:06:50	Concluído	2025-06-20 16:06:51	Concluído	2025-06-20 16:06:54	Concluído	2025-06-20 16:06:54	Concluído	2025-06-20 16:06:53	Concluído	2025-06-20 16:06:56	Concluído	2025-06-20 16:06:56	Concluído	2025-06-20 16:06:57	Concluído	2025-06-20 16:06:57	Concluído	2025-06-20 16:06:58	Concluído	2025-06-20 16:06:58	Concluído	2025-06-20 16:06:59	Concluído	2025-06-20 16:07:01	Concluído	2025-06-20 16:07:02	Concluído	2025-06-20 16:07:02	Concluído	2025-06-20 16:07:03	Concluído	2025-06-20 16:07:04	Concluído	2025-06-20 16:07:04	Concluído	2025-06-20 16:07:05	Concluído	2025-06-20 16:07:07	Concluído	2025-06-20 16:07:07	Concluído	2025-06-20 16:07:08	Concluído	2025-06-20 16:07:08	Não concluído		Não concluído		Não concluído		Não concluído		Não concluído		Não concluído		Não concluído		Não concluído		Não concluído		Não concluído		Não concluído		Não concluído		Não concluído		Não concluído		Não concluído		Não concluído		Não concluído		Não concluído		Não concluído		Não concluído		Não concluído		Não concluído		Não concluído		Não concluído		Não concluído		Não concluído		Não concluído		Não concluído		Não concluído		Não concluído		Não concluído		Não concluído		Não concluído		Não concluído		Não concluído		Não concluído		Não concluído		Não concluído		Não concluído		Não concluído		Não concluído		Não concluído		Não concluído		Não concluído		Não concluído		Não concluído		Não concluído		Não concluído		Não concluído		Não concluído		Não concluído		Não concluído		Não concluído		Não concluído		Não concluído		Não concluído		Não concluído		Não concluído		Não concluído		Não concluído		Não concluído		Não concluído		Não concluído		Não concluído		Não concluído		Não concluído		Não concluído		Não concluído		Não concluído		Não concluído		Não concluído		Não concluído		Não concluído		Não concluído		Não concluído		Não concluído		Não concluído		Não concluído		Não concluído		Não concluído		Não concluído		Não concluído		Não concluído		Não concluído		Não concluído		Não concluído		Não concluído		Não concluído		Não concluído		Não concluído		Não concluído		Não concluído		Não concluído		Não concluído		Não concluído		Não concluído		Não concluído		Não concluído		Não concluído		Não concluído		Não concluído	
61	219d1a7de7649832386bf66bcf83d0e5	Não concluído		Não concluído		Não concluído		Não concluído		Não concluído		Não concluído		Não concluído		Não concluído		Não concluído		Não concluído		Não concluído		Não concluído		Não concluído		Não concluído		Concluído	2025-05-08 08:49:48	Concluído	2025-05-08 08:49:49	Concluído	2025-05-08 08:49:46	Concluído	2025-05-08 08:49:46	Concluído	2025-05-08 08:49:45	Concluído	2025-05-08 08:49:30	Concluído	2025-05-08 08:49:39	Concluído	2025-05-13 10:03:43	Concluído	2025-05-13 10:03:45	Concluído	2025-05-13 10:03:58	Concluído	2025-05-15 16:21:33	Concluído	2025-05-15 16:21:34	Concluído	2025-05-15 16:21:34	Concluído	2025-05-15 16:21:34	Concluído	2025-05-15 16:21:34	Concluído	2025-05-15 16:21:37	Concluído	2025-05-15 16:21:35	Concluído	2025-05-15 16:21:38	Concluído	2025-05-16 11:09:17	Concluído	2025-05-16 11:01:24	Concluído	2025-05-15 16:21:41	Concluído	2025-05-15 16:21:42	Concluído	2025-05-15 16:21:43	Concluído	2025-05-15 16:21:43	Concluído	2025-05-15 16:21:44	Concluído	2025-05-16 11:09:32	Concluído	2025-05-20 08:43:08	Concluído	2025-05-20 08:43:09	Concluído	2025-05-20 08:43:09	Concluído	2025-05-20 08:43:11	Concluído	2025-05-20 15:33:46	Concluído	2025-05-21 07:59:20	Concluído	2025-05-21 07:59:21	Concluído	2025-05-21 08:00:14	Concluído	2025-05-21 08:00:25	Concluído	2025-05-28 19:44:47	Concluído	2025-05-28 19:39:03	Concluído	2025-05-29 13:34:04	Concluído	2025-05-30 20:26:43	Concluído	2025-05-30 20:26:44	Concluído	2025-05-30 20:26:49	Concluído	2025-05-30 20:26:45	Concluído	2025-06-04 08:04:04	Concluído	2025-06-04 08:04:03	Concluído	2025-06-04 08:04:06	Concluído	2025-06-04 08:09:33	Concluído	2025-06-04 08:09:33	Concluído	2025-06-04 08:09:32	Concluído	2025-06-04 08:09:32	Concluído	2025-06-04 08:09:31	Concluído	2025-06-04 08:09:30	Não concluído		Não concluído		Não concluído		Não concluído		Não concluído		Não concluído		Não concluído		Não concluído		Não concluído		Não concluído		Não concluído		Não concluído		Não concluído		Não concluído		Não concluído		Não concluído		Não concluído		Não concluído		Não concluído		Não concluído		Não concluído		Não concluído		Não concluído		Não concluído		Não concluído		Não concluído		Não concluído		Não concluído		Não concluído		Não concluído		Não concluído		Não concluído		Não concluído		Não concluído		Não concluído		Não concluído		Não concluído		Não concluído		Não concluído		Concluído	2025-08-07 13:56:41	Concluído	2025-08-07 13:56:41	Concluído	2025-08-07 13:56:42	Concluído	2025-08-07 13:56:42	Concluído	2025-08-07 13:56:43	Concluído	2025-08-07 13:56:43	Concluído	2025-08-07 13:56:43	Concluído	2025-08-07 13:56:44	Concluído	2025-08-07 13:56:47	Concluído	2025-08-07 13:56:47	Concluído	2025-08-07 13:56:48	Concluído	2025-08-07 13:56:48	Concluído	2025-08-07 13:56:49	Não concluído		Concluído	2025-08-07 13:56:51	Concluído	2025-08-07 13:56:51	Concluído	2025-08-07 13:56:51	Concluído	2025-08-07 13:56:52	Não concluído		Não concluído		Não concluído		Não concluído		Não concluído		Não concluído		Não concluído		Não concluído		Não concluído		Não concluído		Não concluído		Não concluído		Não concluído		Não concluído		Não concluído		Não concluído		Não concluído		Não concluído		Não concluído		Não concluído		Não concluído		Não concluído		Não concluído	
62	73a8ccb774a82a0a25f1721893fdabbe	Não concluído		Não concluído		Não concluído		Não concluído		Não concluído		Não concluído		Não concluído		Não concluído		Não concluído		Não concluído		Não concluído		Não concluído		Não concluído		Não concluído		Não concluído		Não concluído		Não concluído		Não concluído		Não concluído		Não concluído		Não concluído		Não concluído		Não concluído		Não concluído		Não concluído		Não concluído		Não concluído		Não concluído		Não concluído		Não concluído		Não concluído		Não concluído		Não concluído		Não concluído		Não concluído		Não concluído		Não concluído		Não concluído		Não concluído		Não concluído		Não concluído		Não concluído		Não concluído		Não concluído		Não concluído		Não concluído		Não concluído		Não concluído		Não concluído		Não concluído		Não concluído		Não concluído		Não concluído		Não concluído		Não concluído		Não concluído		Não concluído		Não concluído		Não concluído		Não concluído		Não concluído		Não concluído		Não concluído		Não concluído		Não concluído		Não concluído		Não concluído		Não concluído		Não concluído		Não concluído		Não concluído		Não concluído		Não concluído		Não concluído		Não concluído		Não concluído		Não concluído		Não concluído		Não concluído		Não concluído		Não concluído		Não concluído		Não concluído		Não concluído		Não concluído		Não concluído		Não concluído		Não concluído		Não concluído		Não concluído		Não concluído		Não concluído		Não concluído		Não concluído		Não concluído		Não concluído		Não concluído		Não concluído		Não concluído		Não concluído		Não concluído		Não concluído		Não concluído		Não concluído		Não concluído		Não concluído		Não concluído		Não concluído		Não concluído		Não concluído		Não concluído		Não concluído		Não concluído		Não concluído		Não concluído		Não concluído		Não concluído		Não concluído		Não concluído		Não concluído		Não concluído		Não concluído		Não concluído		Não concluído		Não concluído		Não concluído		Não concluído		Não concluído		Não concluído		Não concluído		Não concluído		Não concluído		Não concluído		Não concluído		Não concluído		Não concluído		Não concluído		Não concluído		Não concluído		Não concluído		Não concluído		Não concluído		Não concluído		Não concluído		Não concluído	
