Unnamed: 0	id_anonimo	Resumo para a Prova Teórica 2 (PT2)	Unnamed: 31	Resumo para a Prova Teórica 1 (PT1)	Unnamed: 29	Boas vindas!!!	Unnamed: 3	Plano de ensino (unificado) - BCC701	Unnamed: 7	Cronograma detalhado	Unnamed: 9	Diário de Classe	Unnamed: 11	Página da disciplina	Unnamed: 17	Atendimentos: Extraclase, Monitoria e Tutoria	Unnamed: 19	opCoders Judge (Corretor automático de exercícios práticos)	Unnamed: 21	Escolha para o EXAME ESPECIAL	Unnamed: 23	Conteúdo teórico (livro texto)	Unnamed: 27	Apresentação da disciplina	Unnamed: 37	[1] Plano de ensino (13 min)	Unnamed: 39	[2] Critérios de avaliação (13 min) 	Unnamed: 41	[3] Ferramentas e recursos (17 min)	Unnamed: 43	[4] Dicas para um bom desempenho da disciplina (14 min)	Unnamed: 45	[Cap. 1] Introdução	Unnamed: 47	[1] Algoritmos (25 min)	Unnamed: 49	[2] Programas de computador (30 min)	Unnamed: 51	[QM-1] Questionário teórico do Capítulo 1 (prazo: 21/05 às 23:59)	Unnamed: 53	[Cap. 2] Variáveis e expressões	Unnamed: 55	[1] Variáveis (30 min)	Unnamed: 57	[2] Expressões: Parte 1 - Operadores aritméticos (16 min)	Unnamed: 59	[3] Expressões: Parte 2 - Precedência e associatividade (12 min)	Unnamed: 61	[4] Expressões: Parte 3 - Exercício (com contra-exemplo) (6 min)	Unnamed: 63	[5] Expressões: Parte 4 - Funções elementares (20 min)	Unnamed: 65	[6] Expressões: Parte 5 - Valores constantes (4 min)	Unnamed: 67	[7] Expressões: Parte 6 - Exemplos de funções e constantes (15 min)	Unnamed: 69	[8] Expressões: Parte 7 - Exercício prático (10 min)	Unnamed: 71	[QM-2] Questionário teórico do Capítulo 2 (prazo: 25/05 às 23:59)	Unnamed: 73	[Cap. 3] Entrada e saída	Unnamed: 75	[1] Introdução (3 min)	Unnamed: 77	[2] Entrada (23 min)	Unnamed: 79	[3] Saída (6 min)	Unnamed: 81	[4] Strings (37 min)	Unnamed: 83	[5] Exercícios práticos (27 min)	Unnamed: 85	[QM-3] Questionário teórico do Capítulo 3 (prazo: 20/05 às 13:00)	Unnamed: 87	[AP-1.1] Ambiente de programação	Unnamed: 89	[AP-1.2] Conhecendo o corretor automático	Unnamed: 91	[AP-2_3.1] Variáveis, expressões, entrada e saída (aula)	Unnamed: 93	[AP-2_3.2] Variáveis, expressões, entrada e saída (semana)	Unnamed: 95	[Cap. 4] Estruturas de Decisão	Unnamed: 97	[1] Introdução e operadores relacionais (10 min)	Unnamed: 99	[2] Comando if (21 min)	Unnamed: 101	[3] A cláusula else (19 min)	Unnamed: 103	[QM-4] Questionário teórico do Capítulo 4 - até clausula else (prazo: 24/06 às 15:00)	Unnamed: 105	[4] Operadores lógicos (20 min)	Unnamed: 107	[5] Decisões aninhadas (26 min)	Unnamed: 109	[QM-5] Questionário teórico do Capítulo 4 - até decisões aninhadas (prazo: 24/06 às 15:00)	Unnamed: 111	[AP-4.1] Estruturas de Decisão Simples (aula)	Unnamed: 113	[AP-4.2] Estruturas de Decisão Simples (semana)	Unnamed: 115	[AP-4.3] Estruturas de Decisão Aninhadas (aula)	Unnamed: 117	[AP-4.4] Estruturas de Decisão Aninhadas (semana)	Unnamed: 119	[Cap. 5.1] Estrutura de Repetição: WHILE	Unnamed: 121	[1] Introdução (6 min)	Unnamed: 123	[2] Comando while (8 min)	Unnamed: 125	[3] Exercício 1 (20 min)	Unnamed: 127	[4] Exercício 2 (23 min)	Unnamed: 129	[5] Exercício 3 (26 min)	Unnamed: 131	[6] Exercício 4 (24 min)	Unnamed: 133	[7] Exercício 5 (15 min)	Unnamed: 135	[QM-6] Questionário teórico da Seção 5.1  (prazo: 27/06 às 23:59)	Unnamed: 137	[AP-5.1] Estrutura de Repetição: WHILE (aula)	Unnamed: 139	[AP-5.2] Estrutura de Repetição: WHILE (semana)	Unnamed: 141	[Cap. 5.2] Estrutura de Repetição: FOR	Unnamed: 143	[1] Introdução (7 min)	Unnamed: 145	[2] Comando FOR (24 min)	Unnamed: 147	[3] Exercício 1 (18 min)	Unnamed: 149	[4] Exercício 2 (13 min)	Unnamed: 151	[5] Comparando WHILE e FOR (13 min)	Unnamed: 153	[6] Exercício 3 (22 min)	Unnamed: 155	[QM-7] Questionário teórico da Seção 5.2 (prazo: DD/MM às HH:MM)	Unnamed: 157	[AP-5.3] Estrutura de Repetição: FOR (aula)	Unnamed: 159	[AP-5.4] Estrutura de Repetição: FOR (semana)	Unnamed: 161	[Cap. 5.3] Estruturas de Repetição Aninhadas	Unnamed: 167	[1] Laços aninhados (10 min)	Unnamed: 169	[2] Exercício 1 (14 min)	Unnamed: 171	[3] Exercício 2 (16 min)	Unnamed: 173	[4] Exercício 3 (14 min)	Unnamed: 175	[5] Exercício 4 (20 min)	Unnamed: 177	[QM-8] Questionário teórico da Seção 5.3 (prazo: 27/06 às 23:59)	Unnamed: 179	[AP-5.5] Estruturas de Repetição Aninhadas (aula)	Unnamed: 183	[AP-5.6] Estruturas de Repetição Aninhadas (semana)	Unnamed: 185	[AP-S1] Simulado da Prova Teórica Unificada 1	Unnamed: 187	Prova Teórica Unificada 1 (PT1)	Unnamed: 189	Procedimentos para aplicação da avaliação	Unnamed: 191	PT1 - Gabarito e Critérios de Correção	Unnamed: 193	[Cap. 6] Implementação de Funções	Unnamed: 195	[2] Definição de funções (25 min)	Unnamed: 199	[3] Chamada de funções (29 min)	Unnamed: 201	[4] Escopo de variáveis (14 min)	Unnamed: 203	[6] Função sem retorno (10 min)	Unnamed: 207	[7] Retorno de vários valores (29 min)	Unnamed: 209	[QM-9] Questionário teórico do Capítulo 6 (prazo: 31/07 às 23:59)	Unnamed: 211	[AP-6.1] Implementação de Funções (aula)	Unnamed: 213	[AP-6.2] Implementação de Funções (semana)	Unnamed: 215	[AP-6.3] Implementação de Funções (aula)	Unnamed: 217	[AP-6.4] Implementação de Funções (semana)	Unnamed: 219	Biblioteca padrão para Vetores e Matrizes	Unnamed: 221	[Cap. 7.1] Estruturas Homogêneas: VETOR	Unnamed: 223	[1] Conceito (14 min)	Unnamed: 225	[2.1] Sintaxe (2 min)	Unnamed: 227	[2.2] Criar vetores por atribuição (11 min)	Unnamed: 229	[2.3] Ler e modificar elementos (10 min)	Unnamed: 231	[2.4] Inserir elementos (4 min)	Unnamed: 233	[2.5] Remover elementos (5 min)	Unnamed: 235	[2.6] Descobrir a dimensão (5 min)	Unnamed: 237	[2.7] Percorrer elementos (15 min)	Unnamed: 239	[3] Exercício 1 (12 min)	Unnamed: 241	[4] Exercício 2 (32 min)	Unnamed: 243	[5] Exercício 3 (28 min)	Unnamed: 245	[6] Funções úteis (28 min)	Unnamed: 247	[7] Exercício 4 (27 min)	Unnamed: 249	[QM-10] Questionário teórico do Capítulo 7: VETOR  (prazo: 10/08 às 23:59)	Unnamed: 251	[AP-7.1] Estrutura Homogênea - VETOR (aula)	Unnamed: 253	[AP-7.2] Estrutura Homogênea - VETOR (semana)	Unnamed: 255	[AP-7.3] Estrutura Homogênea - VETOR (aula)	Unnamed: 257	[AP-7.4] Estrutura Homogênea - VETOR (semana)	Unnamed: 259	GABARITO - [AP-7.3] VETOR (aula) - Questão 1	Unnamed: 261	[Cap. 7.2] Estruturas Homogêneas: MATRIZ	Unnamed: 263	[1] Conceito (5 min)	Unnamed: 265	[2] Sintaxe e operações (25 min)	Unnamed: 267	[3] Exercício 1 (28 min)	Unnamed: 269	[4] Funções úteis (21 min)	Unnamed: 271	[QM-11] Questionário teórico do Capítulo 7: MATRIZ (prazo: 17/08 às 23:59)	Unnamed: 273	[AP-7.5] Estrutura Homogênea - MATRIZ (aula)	Unnamed: 275	[AP-7.6] Estrutura Homogênea - MATRIZ (semana)	Unnamed: 277	[AP-7.7] Estrutura Homogênea - MATRIZ (aula)	Unnamed: 279	[AP-7.8] Estrutura Homogênea - MATRIZ (semana)	Unnamed: 281	GABARITO - [AP-7.5] MATRIZ (aula)- Questão 1	Unnamed: 283	GABARITO - [AP-7.7] MATRIZ (aula) - Questão 1	Unnamed: 285	GABARITO - Questão 1 - Simulado Prova 2	Unnamed: 287	[AP-S2] Simulado da Prova Teórica Unificada 2	Unnamed: 289	Prova Teórica Unificada 2 (PT2)	Unnamed: 291	PT2 - Gabarito e Critérios de Correção	Unnamed: 295	[Cap. 8] Estruturas Heterogêneas: REGISTRO	Unnamed: 297	[1] Definição e sintaxe básica (23 min)	Unnamed: 299	[2] Vetores e matrizes de registros (11 min)	Unnamed: 301	[3] Registros como argumento ou retorno de função (8 min)	Unnamed: 303	[4] Exercício 1 (20 min)	Unnamed: 305	[QM-12] Questionário teórico do Capítulo 8: REGISTRO (prazo: 28/08 às 23:59)	Unnamed: 307	[AP-8] Estruturas Heterogêneas - REGISTRO	Unnamed: 309	Exames Especiais (EE)	Unnamed: 313
0	e8b9182398ad68a95905d9e0f63a092e	Não concluído		Não concluído		Não concluído		Não concluído		Não concluído		Não concluído		Não concluído		Não concluído		Não concluído		Não concluído		Não concluído		Concluído	2025-05-20 15:50:32	Concluído	2025-05-19 11:27:26	Concluído	2025-05-19 11:27:24	Concluído	2025-05-20 15:50:30	Concluído	2025-05-20 15:50:31	Não concluído		Não concluído		Não concluído		Não concluído		Não concluído		Não concluído		Não concluído		Não concluído		Não concluído		Não concluído		Não concluído		Não concluído		Não concluído		Concluído	2025-05-27 13:47:25	Não concluído		Não concluído		Não concluído		Não concluído		Não concluído		Não concluído		Concluído	2025-05-27 13:47:17	Não concluído		Não concluído		Não concluído		Não concluído		Não concluído		Não concluído		Não concluído		Não concluído		Não concluído		Não concluído		Não concluído		Não concluído		Não concluído		Não concluído		Não concluído		Não concluído		Não concluído		Não concluído		Não concluído		Não concluído		Não concluído		Não concluído		Não concluído		Não concluído		Não concluído		Não concluído		Não concluído		Não concluído		Não concluído		Não concluído		Não concluído		Não concluído		Não concluído		Não concluído		Não concluído		Não concluído		Não concluído		Não concluído		Não concluído		Não concluído		Não concluído		Não concluído		Não concluído		Não concluído		Não concluído		Não concluído		Não concluído		Não concluído		Não concluído		Não concluído		Não concluído		Não concluído		Não concluído		Não concluído		Não concluído		Não concluído		Não concluído		Não concluído		Não concluído		Não concluído		Não concluído		Não concluído		Não concluído		Não concluído		Não concluído		Não concluído		Não concluído		Não concluído		Não concluído		Não concluído		Não concluído		Não concluído		Não concluído		Não concluído		Não concluído		Não concluído		Não concluído		Não concluído		Não concluído		Não concluído		Não concluído		Não concluído		Não concluído		Não concluído		Não concluído		Não concluído		Não concluído		Não concluído		Não concluído		Não concluído		Não concluído		Não concluído		Não concluído		Não concluído		Não concluído		Não concluído		Não concluído		Não concluído		Não concluído		Não concluído		Não concluído		Não concluído		Não concluído		Não concluído		Não concluído		Não concluído	
1	93fed3d209d20910cc9147c21ae04996	Não concluído		Não concluído		Não concluído		Não concluído		Não concluído		Não concluído		Não concluído		Não concluído		Não concluído		Não concluído		Não concluído		Não concluído		Não concluído		Não concluído		Não concluído		Não concluído		Não concluído		Não concluído		Não concluído		Não concluído		Não concluído		Não concluído		Não concluído		Não concluído		Não concluído		Não concluído		Não concluído		Não concluído		Não concluído		Não concluído		Não concluído		Não concluído		Não concluído		Não concluído		Não concluído		Não concluído		Não concluído		Não concluído		Não concluído		Não concluído		Não concluído		Não concluído		Não concluído		Não concluído		Não concluído		Não concluído		Não concluído		Não concluído		Não concluído		Não concluído		Não concluído		Não concluído		Não concluído		Não concluído		Não concluído		Não concluído		Não concluído		Não concluído		Não concluído		Não concluído		Não concluído		Não concluído		Não concluído		Não concluído		Não concluído		Não concluído		Não concluído		Não concluído		Não concluído		Não concluído		Não concluído		Não concluído		Não concluído		Não concluído		Não concluído		Não concluído		Não concluído		Não concluído		Não concluído		Não concluído		Não concluído		Não concluído		Não concluído		Não concluído		Não concluído		Não concluído		Não concluído		Não concluído		Não concluído		Não concluído		Não concluído		Não concluído		Não concluído		Não concluído		Não concluído		Não concluído		Não concluído		Não concluído		Não concluído		Não concluído		Não concluído		Não concluído		Não concluído		Não concluído		Não concluído		Não concluído		Não concluído		Não concluído		Não concluído		Não concluído		Não concluído		Não concluído		Não concluído		Não concluído		Não concluído		Não concluído		Não concluído		Não concluído		Não concluído		Não concluído		Não concluído		Não concluído		Não concluído		Não concluído		Não concluído		Não concluído		Não concluído		Não concluído		Não concluído		Não concluído		Não concluído		Não concluído		Não concluído		Não concluído		Não concluído		Não concluído		Não concluído		Não concluído		Não concluído		Não concluído		Não concluído		Não concluído		Concluído	2025-08-26 17:02:58
2	105b4c77da453ada2c9d0c731a11c8e5	Não concluído		Não concluído		Concluído	2025-05-29 14:11:09	Concluído	2025-05-29 14:12:19	Não concluído		Não concluído		Concluído	2025-05-29 14:12:23	Concluído	2025-05-29 14:12:24	Concluído	2025-05-29 14:12:26	Não concluído		Não concluído		Não concluído		Não concluído		Não concluído		Não concluído		Não concluído		Não concluído		Não concluído		Não concluído		Concluído	2025-06-12 10:40:10	Não concluído		Não concluído		Não concluído		Não concluído		Não concluído		Não concluído		Não concluído		Não concluído		Não concluído		Concluído	2025-06-12 10:40:08	Não concluído	2025-05-20 15:29:54	Não concluído		Não concluído		Não concluído		Não concluído		Não concluído		Concluído	2025-06-12 10:40:05	Não concluído		Não concluído		Não concluído		Não concluído		Não concluído		Não concluído		Não concluído		Não concluído		Concluído	2025-06-24 10:10:21	Não concluído		Não concluído		Concluído	2025-06-24 10:09:53	Não concluído		Não concluído		Não concluído		Não concluído		Não concluído	2025-05-29 14:10:42	Não concluído		Não concluído		Não concluído		Não concluído		Não concluído		Não concluído		Não concluído		Concluído	2025-06-24 10:10:00	Não concluído		Não concluído		Não concluído		Não concluído		Não concluído		Não concluído		Não concluído		Não concluído		Não concluído		Não concluído		Não concluído		Não concluído		Não concluído		Não concluído		Não concluído		Não concluído		Não concluído		Não concluído		Não concluído		Não concluído		Não concluído		Não concluído		Não concluído		Não concluído		Não concluído		Não concluído		Não concluído		Não concluído		Não concluído		Não concluído		Não concluído		Não concluído		Não concluído		Não concluído		Não concluído		Não concluído		Não concluído		Não concluído		Não concluído		Não concluído		Não concluído		Não concluído		Não concluído		Não concluído		Não concluído		Não concluído		Não concluído		Não concluído		Não concluído		Não concluído		Não concluído		Concluído	2025-08-07 19:48:24	Não concluído		Não concluído		Não concluído		Não concluído		Não concluído		Não concluído		Não concluído		Não concluído		Não concluído		Não concluído		Não concluído		Não concluído		Não concluído		Não concluído		Não concluído		Não concluído		Não concluído		Não concluído		Não concluído		Não concluído		Não concluído		Não concluído		Não concluído		Não concluído		Não concluído		Não concluído		Não concluído		Não concluído		Não concluído	
4	3bc9dee61e237d3feecd47e8d7c19444	Concluído	2025-05-13 21:43:24	Concluído	2025-05-13 21:43:23	Não concluído		Concluído	2025-05-13 21:37:31	Não concluído		Não concluído		Concluído	2025-05-13 21:37:33	Concluído	2025-05-13 21:37:35	Concluído	2025-05-13 21:37:25	Não concluído		Concluído	2025-05-13 21:42:42	Concluído	2025-05-13 22:20:46	Concluído	2025-05-13 22:20:47	Concluído	2025-05-13 22:32:23	Concluído	2025-05-13 22:48:14	Concluído	2025-05-13 22:55:21	Concluído	2025-05-14 13:00:20	Concluído	2025-05-14 13:00:21	Concluído	2025-05-14 15:05:42	Concluído	2025-05-14 15:08:49	Concluído	2025-05-15 14:54:24	Concluído	2025-05-15 00:01:03	Concluído	2025-05-15 09:59:51	Concluído	2025-05-15 10:09:55	Concluído	2025-05-15 10:15:13	Concluído	2025-05-15 10:32:43	Concluído	2025-05-15 12:41:00	Concluído	2025-05-15 13:07:48	Concluído	2025-05-15 13:13:05	Concluído	2025-05-15 14:54:14	Concluído	2025-05-16 13:41:37	Concluído	2025-05-16 13:41:37	Concluído	2025-05-16 14:00:23	Concluído	2025-05-16 14:04:47	Concluído	2025-05-16 14:38:40	Concluído	2025-05-16 15:20:16	Concluído	2025-05-16 16:54:17	Não concluído		Não concluído		Não concluído	2025-05-16 16:55:05	Não concluído		Concluído	2025-05-29 17:37:30	Concluído	2025-05-29 17:37:31	Concluído	2025-05-29 17:57:49	Concluído	2025-05-30 13:56:26	Não concluído		Concluído	2025-05-30 14:31:25	Concluído	2025-05-30 17:26:54	Não concluído		Não concluído		Não concluído		Não concluído		Não concluído		Não concluído		Concluído	2025-06-17 13:54:38	Concluído	2025-06-24 14:42:21	Concluído	2025-06-24 14:50:59	Concluído	2025-06-24 14:59:01	Concluído	2025-06-24 15:22:44	Concluído	2025-06-24 19:05:04	Concluído	2025-06-24 19:23:50	Concluído	2025-06-24 19:05:10	Não concluído		Não concluído		Concluído	2025-06-25 15:08:12	Concluído	2025-06-25 15:08:12	Concluído	2025-06-26 01:41:20	Concluído	2025-06-26 14:27:30	Concluído	2025-06-26 14:38:52	Não concluído		Não concluído		Não concluído		Não concluído		Não concluído		Não concluído		Concluído	2025-08-21 12:56:33	Concluído	2025-08-21 14:20:39	Concluído	2025-08-21 14:20:40	Concluído	2025-08-21 14:21:15	Não concluído		Não concluído		Não concluído		Não concluído		Não concluído		Não concluído		Não concluído		Não concluído		Concluído	2025-07-30 09:49:50	Concluído	2025-07-30 14:43:50	Concluído	2025-07-30 21:37:48	Concluído	2025-07-30 21:58:33	Concluído	2025-07-31 10:04:52	Concluído	2025-07-31 15:31:47	Concluído	2025-07-31 10:14:43	Não concluído		Não concluído		Não concluído		Não concluído		Concluído	2025-07-31 15:31:55	Concluído	2025-08-06 16:34:23	Concluído	2025-08-06 16:34:24	Concluído	2025-08-06 16:35:41	Concluído	2025-08-06 17:13:54	Concluído	2025-08-06 17:20:28	Concluído	2025-08-06 17:33:43	Concluído	2025-08-06 17:38:08	Concluído	2025-08-06 17:43:58	Concluído	2025-08-06 20:33:01	Concluído	2025-08-07 12:27:05	Concluído	2025-08-07 13:53:33	Concluído	2025-08-07 14:36:52	Concluído	2025-08-14 15:35:21	Não concluído		Não concluído		Concluído	2025-08-14 15:38:48	Concluído	2025-08-14 15:38:49	Concluído	2025-08-14 15:38:50	Concluído	2025-08-14 15:38:51	Não concluído		Concluído	2025-08-20 16:54:28	Concluído	2025-08-20 16:54:29	Concluído	2025-08-20 18:52:59	Concluído	2025-08-21 12:33:01	Não concluído		Não concluído		Não concluído		Não concluído		Não concluído		Não concluído		Não concluído		Não concluído		Não concluído		Não concluído		Não concluído		Não concluído		Não concluído		Não concluído		Não concluído		Não concluído		Não concluído		Não concluído		Não concluído		Não concluído	
5	a3b17ff48c7151e1b51e25c97eead580	Não concluído		Não concluído		Não concluído		Não concluído		Não concluído		Não concluído		Não concluído		Não concluído		Não concluído		Não concluído		Não concluído		Não concluído		Não concluído		Não concluído		Não concluído		Não concluído		Não concluído		Não concluído		Não concluído		Não concluído		Não concluído		Não concluído		Não concluído		Não concluído		Não concluído		Não concluído		Não concluído		Não concluído		Não concluído		Não concluído		Não concluído		Não concluído		Não concluído		Não concluído		Não concluído		Não concluído		Não concluído		Não concluído		Não concluído		Não concluído		Não concluído		Não concluído		Não concluído		Não concluído		Não concluído		Não concluído		Não concluído		Não concluído		Não concluído		Não concluído		Não concluído		Não concluído		Não concluído		Não concluído		Não concluído		Não concluído		Não concluído		Não concluído		Não concluído		Não concluído		Não concluído		Não concluído		Não concluído		Não concluído		Não concluído		Não concluído		Não concluído		Não concluído		Não concluído		Não concluído		Não concluído		Não concluído		Não concluído		Não concluído		Não concluído		Não concluído		Não concluído		Não concluído		Não concluído		Não concluído		Não concluído		Não concluído		Não concluído		Não concluído		Não concluído		Não concluído		Não concluído		Não concluído		Não concluído		Não concluído		Não concluído		Não concluído		Não concluído		Não concluído		Não concluído		Não concluído		Não concluído		Não concluído		Não concluído		Não concluído		Não concluído		Não concluído		Não concluído		Não concluído		Não concluído		Não concluído		Não concluído		Não concluído		Não concluído		Não concluído		Não concluído		Não concluído		Não concluído		Não concluído		Não concluído		Não concluído		Não concluído		Não concluído		Não concluído		Não concluído		Não concluído		Não concluído		Não concluído		Não concluído		Não concluído		Não concluído		Não concluído		Não concluído		Não concluído		Não concluído		Não concluído		Não concluído		Não concluído		Não concluído		Não concluído		Não concluído		Não concluído		Não concluído		Não concluído		Não concluído		Não concluído		Não concluído		Não concluído	
6	b9b7e2f68ee6eb200f03db1ba1585da3	Não concluído		Não concluído		Não concluído		Não concluído		Não concluído		Não concluído		Não concluído		Não concluído		Não concluído		Não concluído		Não concluído		Concluído	2025-05-20 06:48:43	Concluído	2025-05-14 06:58:38	Concluído	2025-05-20 06:48:44	Concluído	2025-05-20 06:48:45	Concluído	2025-05-20 06:48:45	Concluído	2025-05-15 09:44:14	Concluído	2025-05-14 07:18:31	Concluído	2025-05-15 09:24:01	Concluído	2025-05-19 20:41:59	Concluído	2025-05-20 06:48:48	Concluído	2025-05-15 09:56:34	Concluído	2025-05-15 10:00:59	Concluído	2025-05-15 10:08:04	Concluído	2025-05-15 10:10:17	Concluído	2025-05-20 06:48:49	Concluído	2025-05-20 06:48:50	Concluído	2025-05-20 06:48:51	Concluído	2025-06-20 10:08:11	Concluído	2025-05-21 09:23:32	Concluído	2025-06-20 10:08:13	Concluído	2025-05-19 07:14:54	Concluído	2025-06-20 10:08:14	Concluído	2025-05-19 07:38:30	Concluído	2025-06-20 10:08:16	Concluído	2025-06-20 10:08:17	Concluído	2025-05-21 09:23:39	Concluído	2025-05-15 09:08:59	Concluído	2025-06-20 10:08:20	Concluído	2025-06-20 10:08:21	Concluído	2025-06-20 10:08:22	Concluído	2025-06-22 10:14:37	Concluído	2025-06-22 10:14:38	Concluído	2025-06-22 10:14:42	Concluído	2025-06-22 10:14:41	Concluído	2025-06-22 10:18:41	Concluído	2025-06-22 10:18:54	Concluído	2025-06-22 10:18:55	Concluído	2025-06-27 07:43:22	Concluído	2025-06-27 07:42:24	Concluído	2025-06-27 07:43:23	Concluído	2025-06-27 07:47:18	Concluído	2025-06-27 08:08:15	Concluído	2025-06-27 08:47:23	Concluído	2025-06-27 08:47:24	Concluído	2025-06-27 08:47:25	Concluído	2025-06-27 08:47:26	Concluído	2025-06-27 08:47:26	Concluído	2025-06-27 08:47:27	Concluído	2025-06-27 08:47:28	Concluído	2025-06-27 08:47:30	Concluído	2025-06-11 20:19:56	Concluído	2025-06-27 09:44:12	Concluído	2025-06-27 09:44:12	Concluído	2025-06-27 09:51:57	Concluído	2025-06-27 09:52:02	Concluído	2025-06-27 09:52:03	Concluído	2025-06-27 09:52:04	Concluído	2025-06-27 09:52:05	Concluído	2025-06-27 09:52:07	Concluído	2025-06-27 09:52:08	Não concluído		Não concluído		Não concluído		Não concluído		Não concluído		Não concluído		Não concluído		Não concluído		Não concluído		Concluído	2025-06-27 07:34:08	Não concluído		Não concluído		Concluído	2025-07-01 13:33:26	Não concluído		Não concluído		Não concluído		Não concluído		Não concluído		Não concluído		Não concluído		Não concluído		Não concluído		Concluído	2025-07-05 14:42:14	Concluído	2025-07-05 14:42:21	Concluído	2025-07-05 14:42:22	Não concluído		Não concluído		Não concluído		Não concluído		Concluído	2025-07-15 20:24:29	Concluído	2025-07-15 20:25:59	Concluído	2025-07-15 20:31:55	Concluído	2025-07-15 20:37:24	Concluído	2025-07-15 20:40:15	Concluído	2025-07-16 13:07:35	Concluído	2025-07-16 13:15:05	Concluído	2025-07-16 21:01:34	Não concluído		Não concluído		Não concluído		Não concluído		Não concluído		Concluído	2025-07-18 17:50:04	Concluído	2025-07-18 17:50:06	Concluído	2025-07-18 17:50:07	Não concluído		Não concluído		Não concluído		Não concluído		Não concluído		Não concluído		Não concluído		Não concluído		Concluído	2025-08-14 12:56:05	Não concluído		Não concluído		Não concluído		Não concluído		Não concluído		Não concluído		Não concluído		Não concluído		Não concluído		Não concluído		Não concluído		Não concluído		Não concluído		Não concluído		Não concluído		Não concluído		Não concluído		Não concluído	
7	3a06f2b4c55ae97d567b4878c8e98275	Não concluído		Não concluído		Não concluído		Não concluído		Não concluído		Não concluído		Não concluído		Não concluído		Não concluído		Não concluído		Não concluído		Não concluído		Não concluído		Não concluído		Não concluído		Não concluído		Não concluído		Não concluído		Não concluído		Não concluído		Não concluído		Não concluído		Não concluído		Não concluído		Não concluído		Não concluído		Não concluído		Não concluído		Não concluído		Não concluído		Não concluído		Não concluído		Não concluído		Não concluído		Não concluído		Não concluído		Não concluído		Não concluído		Não concluído		Não concluído		Não concluído		Não concluído		Não concluído		Não concluído		Não concluído		Não concluído		Não concluído		Não concluído		Não concluído		Não concluído		Não concluído		Não concluído		Não concluído		Não concluído		Não concluído		Não concluído		Não concluído		Não concluído		Não concluído		Não concluído		Não concluído		Não concluído		Não concluído		Não concluído		Não concluído		Não concluído		Não concluído		Não concluído		Não concluído		Não concluído		Não concluído		Não concluído		Não concluído		Não concluído		Não concluído		Não concluído		Não concluído		Não concluído		Não concluído		Não concluído		Não concluído		Não concluído		Não concluído		Não concluído		Não concluído		Não concluído		Não concluído		Não concluído		Não concluído		Não concluído		Não concluído		Não concluído		Não concluído		Não concluído		Não concluído		Não concluído		Não concluído		Não concluído		Não concluído		Não concluído		Não concluído		Não concluído		Não concluído		Não concluído		Não concluído		Não concluído		Não concluído		Não concluído		Não concluído		Não concluído		Não concluído		Não concluído		Não concluído		Não concluído		Não concluído		Não concluído		Não concluído		Não concluído		Não concluído		Não concluído		Não concluído		Não concluído		Não concluído		Não concluído		Não concluído		Não concluído		Não concluído		Não concluído		Não concluído		Não concluído		Não concluído		Não concluído		Não concluído		Não concluído		Não concluído		Não concluído		Não concluído		Não concluído		Não concluído		Não concluído		Não concluído		Não concluído		Não concluído	
8	1ba09d5116aa5eade3902d514f14e8fe	Não concluído		Não concluído		Não concluído		Não concluído		Não concluído		Não concluído		Não concluído		Não concluído		Não concluído		Não concluído		Não concluído		Não concluído		Não concluído		Não concluído		Não concluído		Não concluído		Não concluído		Não concluído		Não concluído		Não concluído		Não concluído		Não concluído		Não concluído		Não concluído		Não concluído		Não concluído		Não concluído		Não concluído		Não concluído		Concluído	2025-05-27 09:29:36	Não concluído		Não concluído		Não concluído		Não concluído		Não concluído		Não concluído		Concluído	2025-05-27 09:29:29	Não concluído		Não concluído		Não concluído		Não concluído		Não concluído		Não concluído		Não concluído		Não concluído		Não concluído		Não concluído		Não concluído		Não concluído		Não concluído		Não concluído		Não concluído		Não concluído		Não concluído		Não concluído		Concluído	2025-07-03 15:38:32	Não concluído		Não concluído		Não concluído		Não concluído		Não concluído		Não concluído		Não concluído		Não concluído		Não concluído		Não concluído		Não concluído		Não concluído		Não concluído		Não concluído		Não concluído		Não concluído		Não concluído		Não concluído		Não concluído		Não concluído		Não concluído		Não concluído		Não concluído		Não concluído		Não concluído		Não concluído		Não concluído		Não concluído		Não concluído		Não concluído		Não concluído		Não concluído		Não concluído		Não concluído		Não concluído		Não concluído		Não concluído		Não concluído		Não concluído		Não concluído		Não concluído		Não concluído		Não concluído		Não concluído		Não concluído		Não concluído		Não concluído		Não concluído		Não concluído		Não concluído		Não concluído		Não concluído		Não concluído		Não concluído		Não concluído		Não concluído		Não concluído		Não concluído		Não concluído		Não concluído		Não concluído		Não concluído		Não concluído		Não concluído		Não concluído		Não concluído		Não concluído		Não concluído		Não concluído		Não concluído		Não concluído		Não concluído		Não concluído		Não concluído		Não concluído		Não concluído		Não concluído		Não concluído		Não concluído		Não concluído		Não concluído		Não concluído		Não concluído		Não concluído		Não concluído		Não concluído		Não concluído	
9	19973ac91e54f0b9122d28a94c7694c3	Não concluído		Concluído	2025-05-25 20:09:12	Não concluído		Não concluído		Não concluído		Não concluído		Não concluído		Não concluído		Não concluído		Não concluído		Concluído	2025-05-25 20:09:16	Concluído	2025-05-25 20:08:30	Concluído	2025-05-25 20:08:27	Concluído	2025-05-25 20:08:28	Concluído	2025-05-25 20:08:31	Concluído	2025-05-25 20:08:32	Não concluído		Não concluído		Não concluído		Não concluído		Não concluído		Não concluído		Não concluído		Não concluído		Não concluído		Não concluído		Não concluído		Não concluído		Não concluído		Concluído	2025-05-25 19:48:54	Concluído	2025-05-20 15:29:11	Não concluído		Não concluído		Não concluído		Não concluído		Não concluído		Concluído	2025-05-20 10:31:21	Não concluído		Não concluído		Não concluído		Não concluído		Concluído	2025-05-20 16:07:35	Não concluído		Não concluído		Não concluído		Concluído	2025-06-24 08:41:24	Não concluído		Não concluído		Concluído	2025-06-24 09:43:16	Não concluído		Não concluído		Não concluído		Não concluído		Não concluído		Não concluído		Não concluído		Não concluído		Não concluído		Não concluído		Não concluído		Não concluído		Concluído	2025-06-24 09:52:09	Não concluído		Não concluído		Não concluído		Não concluído		Não concluído		Não concluído		Não concluído		Não concluído		Não concluído		Não concluído		Não concluído		Não concluído		Não concluído		Não concluído		Não concluído		Não concluído		Não concluído		Não concluído		Não concluído		Não concluído		Não concluído		Não concluído		Não concluído		Não concluído		Não concluído		Não concluído		Não concluído		Não concluído		Não concluído		Não concluído		Não concluído		Não concluído		Não concluído		Não concluído		Não concluído		Não concluído		Não concluído		Concluído	2025-08-22 18:24:44	Concluído	2025-08-22 18:24:46	Concluído	2025-08-22 18:24:47	Concluído	2025-08-22 18:39:03	Concluído	2025-08-22 18:58:57	Concluído	2025-08-22 19:01:10	Concluído	2025-08-22 19:08:43	Concluído	2025-08-22 19:25:34	Concluído	2025-08-22 21:23:54	Concluído	2025-08-22 21:51:11	Não concluído		Não concluído		Não concluído		Não concluído		Não concluído		Não concluído		Não concluído		Não concluído		Não concluído		Não concluído		Não concluído		Concluído	2025-08-23 06:31:27	Concluído	2025-08-23 06:36:01	Não concluído		Não concluído		Não concluído		Não concluído		Não concluído		Não concluído		Não concluído		Não concluído		Não concluído		Não concluído		Não concluído		Não concluído		Não concluído		Não concluído		Não concluído		Não concluído		Não concluído		Não concluído		Não concluído		Não concluído		Não concluído	
10	9d491c26fd9aa86481903c0ac4ae0ad9	Não concluído		Não concluído		Concluído	2025-05-07 18:27:19	Concluído	2025-05-07 18:27:17	Não concluído		Não concluído		Concluído	2025-05-07 18:27:16	Concluído	2025-05-07 18:27:21	Não concluído		Não concluído		Não concluído		Concluído	2025-05-18 15:13:17	Não concluído		Não concluído		Não concluído		Não concluído		Não concluído		Não concluído		Não concluído		Concluído	2025-05-21 14:19:40	Não concluído		Não concluído		Não concluído		Não concluído		Não concluído		Não concluído		Não concluído		Não concluído		Não concluído		Não concluído		Não concluído		Não concluído		Não concluído		Não concluído		Não concluído		Não concluído		Concluído	2025-05-21 20:21:30	Não concluído		Não concluído		Não concluído		Não concluído		Não concluído		Não concluído		Não concluído		Não concluído		Concluído	2025-06-24 14:16:16	Não concluído		Não concluído		Concluído	2025-06-24 14:16:14	Não concluído		Não concluído		Não concluído		Não concluído		Não concluído		Não concluído		Não concluído		Não concluído		Não concluído		Não concluído		Não concluído		Não concluído		Não concluído		Não concluído		Não concluído		Não concluído		Não concluído		Não concluído		Não concluído		Não concluído		Não concluído		Não concluído		Não concluído		Não concluído		Não concluído		Não concluído		Não concluído		Não concluído		Não concluído		Não concluído		Não concluído		Não concluído		Não concluído		Não concluído		Não concluído		Não concluído		Não concluído		Não concluído		Não concluído		Não concluído		Não concluído		Não concluído		Não concluído		Não concluído		Não concluído		Não concluído		Não concluído		Não concluído		Não concluído		Não concluído		Não concluído		Não concluído		Não concluído		Não concluído		Não concluído		Não concluído		Não concluído		Não concluído		Não concluído		Não concluído		Não concluído		Não concluído		Não concluído		Não concluído		Não concluído		Não concluído		Não concluído		Não concluído		Não concluído		Não concluído		Não concluído		Não concluído		Não concluído		Não concluído		Não concluído		Não concluído		Não concluído		Não concluído		Não concluído		Não concluído		Não concluído		Não concluído		Não concluído		Não concluído		Não concluído		Não concluído		Não concluído		Não concluído		Não concluído		Não concluído		Não concluído		Não concluído		Não concluído		Não concluído	
11	a570adeb5663f4b762d88613822ecc3e	Não concluído		Não concluído		Não concluído		Não concluído		Não concluído		Não concluído		Não concluído		Não concluído		Não concluído		Não concluído		Não concluído		Não concluído		Não concluído		Não concluído		Não concluído		Não concluído		Não concluído		Não concluído		Não concluído		Não concluído		Não concluído		Não concluído		Não concluído		Não concluído		Não concluído		Não concluído		Não concluído		Não concluído		Não concluído		Não concluído		Não concluído		Não concluído		Não concluído		Não concluído		Não concluído		Não concluído		Não concluído		Não concluído		Não concluído		Não concluído		Não concluído		Não concluído		Não concluído		Não concluído		Não concluído		Não concluído		Não concluído		Não concluído		Não concluído		Não concluído		Não concluído		Não concluído		Não concluído		Não concluído		Não concluído		Não concluído		Não concluído		Não concluído		Não concluído		Não concluído		Não concluído		Não concluído		Não concluído		Não concluído		Não concluído		Não concluído		Não concluído		Não concluído		Não concluído		Não concluído		Não concluído		Não concluído		Não concluído		Não concluído		Não concluído		Não concluído		Não concluído		Não concluído		Não concluído		Não concluído		Não concluído		Não concluído		Não concluído		Não concluído		Não concluído		Não concluído		Não concluído		Não concluído		Não concluído		Não concluído		Não concluído		Não concluído		Não concluído		Não concluído		Não concluído		Não concluído		Não concluído		Não concluído		Não concluído		Não concluído		Não concluído		Não concluído		Não concluído		Não concluído		Não concluído		Não concluído		Não concluído		Não concluído		Não concluído		Não concluído		Não concluído		Não concluído		Não concluído		Não concluído		Não concluído		Não concluído		Não concluído		Não concluído		Não concluído		Não concluído		Não concluído		Não concluído		Não concluído		Não concluído		Não concluído		Não concluído		Não concluído		Não concluído		Não concluído		Não concluído		Não concluído		Não concluído		Não concluído		Não concluído		Não concluído		Não concluído		Não concluído		Não concluído		Não concluído		Não concluído		Não concluído		Não concluído		Não concluído	
12	d9ee234e2cff284c96e02780f7b3334b	Não concluído		Não concluído		Não concluído		Não concluído		Não concluído		Não concluído		Não concluído		Não concluído		Não concluído		Não concluído		Não concluído		Não concluído		Não concluído		Não concluído		Não concluído		Não concluído		Não concluído		Não concluído		Não concluído		Concluído	2025-05-21 09:47:58	Não concluído		Não concluído		Não concluído		Não concluído		Não concluído		Não concluído		Não concluído		Não concluído		Não concluído		Não concluído		Não concluído		Não concluído		Não concluído		Não concluído		Não concluído		Não concluído		Concluído	2025-05-21 09:58:01	Não concluído		Não concluído		Não concluído		Não concluído		Não concluído		Não concluído		Não concluído		Não concluído		Não concluído		Não concluído		Não concluído		Concluído	2025-06-24 14:35:10	Não concluído		Não concluído		Não concluído		Não concluído		Não concluído		Não concluído		Não concluído		Não concluído		Não concluído		Não concluído		Não concluído		Não concluído		Não concluído		Não concluído		Não concluído		Não concluído		Não concluído		Não concluído		Não concluído		Não concluído		Não concluído		Não concluído		Não concluído		Não concluído		Não concluído		Não concluído		Não concluído		Não concluído		Não concluído		Não concluído		Não concluído		Não concluído		Não concluído		Não concluído		Não concluído		Não concluído		Não concluído		Não concluído		Não concluído		Não concluído		Não concluído		Não concluído		Não concluído		Não concluído		Não concluído		Não concluído		Não concluído		Não concluído		Não concluído		Não concluído		Não concluído		Não concluído		Não concluído		Não concluído		Não concluído		Não concluído		Não concluído		Não concluído		Não concluído		Não concluído		Não concluído		Não concluído		Não concluído		Não concluído		Não concluído		Não concluído		Não concluído		Não concluído		Não concluído		Não concluído		Não concluído		Não concluído		Não concluído		Não concluído		Não concluído		Não concluído		Não concluído		Não concluído		Não concluído		Não concluído		Não concluído		Não concluído		Não concluído		Não concluído		Não concluído		Não concluído		Não concluído		Não concluído		Não concluído		Não concluído		Não concluído		Não concluído		Não concluído		Não concluído	
13	f7e2aa569074e7c62a496bf8a021406f	Não concluído		Não concluído		Não concluído		Não concluído		Não concluído		Não concluído		Não concluído		Concluído	2025-05-22 22:18:19	Concluído	2025-05-22 21:28:10	Não concluído		Concluído	2025-05-16 10:43:41	Concluído	2025-05-13 16:33:27	Concluído	2025-05-13 16:33:24	Concluído	2025-05-13 16:33:25	Concluído	2025-05-13 16:33:26	Concluído	2025-05-13 16:33:29	Concluído	2025-05-13 16:33:33	Concluído	2025-05-13 16:33:31	Concluído	2025-05-13 16:34:57	Concluído	2025-05-13 16:34:59	Concluído	2025-05-13 17:58:11	Concluído	2025-05-13 16:54:28	Concluído	2025-05-13 17:22:07	Concluído	2025-05-13 17:28:33	Concluído	2025-05-13 17:33:30	Concluído	2025-05-13 17:41:20	Concluído	2025-05-13 17:49:11	Concluído	2025-05-13 17:49:12	Concluído	2025-05-13 17:52:01	Concluído	2025-05-16 09:58:50	Concluído	2025-05-16 09:41:46	Concluído	2025-05-16 09:41:48	Concluído	2025-05-16 09:58:54	Concluído	2025-05-16 10:05:09	Não concluído	2025-05-16 10:43:52	Concluído	2025-05-16 10:43:50	Concluído	2025-05-16 10:43:53	Não concluído		Não concluído		Não concluído		Não concluído		Concluído	2025-05-23 10:54:30	Concluído	2025-05-22 20:41:06	Concluído	2025-05-22 20:58:20	Concluído	2025-05-23 10:23:37	Não concluído		Concluído	2025-05-23 10:53:32	Não concluído		Não concluído		Não concluído		Não concluído		Não concluído		Não concluído		Concluído	2025-05-30 10:01:45	Concluído	2025-05-30 10:01:47	Concluído	2025-06-01 14:47:55	Concluído	2025-06-01 14:47:55	Concluído	2025-06-01 15:43:47	Concluído	2025-06-01 15:49:33	Não concluído		Não concluído		Não concluído		Não concluído		Não concluído		Não concluído		Concluído	2025-06-11 21:58:01	Concluído	2025-06-12 10:34:24	Concluído	2025-06-11 23:14:50	Não concluído		Não concluído		Não concluído		Não concluído		Não concluído		Não concluído		Não concluído		Não concluído		Não concluído		Não concluído		Não concluído		Não concluído		Não concluído		Não concluído		Não concluído		Não concluído		Não concluído		Não concluído		Não concluído		Concluído	2025-07-06 13:28:21	Concluído	2025-07-06 12:50:32	Concluído	2025-07-06 13:05:29	Concluído	2025-07-06 13:13:35	Concluído	2025-07-06 13:28:22	Não concluído		Concluído	2025-07-14 13:28:54	Não concluído		Não concluído		Não concluído		Não concluído		Concluído	2025-08-06 13:36:33	Não concluído		Não concluído		Concluído	2025-08-05 17:39:36	Concluído	2025-08-05 17:42:57	Concluído	2025-08-05 17:50:32	Concluído	2025-08-05 18:10:45	Concluído	2025-08-05 18:13:56	Concluído	2025-08-05 18:16:40	Concluído	2025-08-07 17:50:41	Concluído	2025-08-12 14:17:35	Concluído	2025-08-12 14:26:58	Concluído	2025-08-12 14:33:52	Não concluído		Não concluído		Não concluído		Não concluído		Não concluído		Não concluído		Não concluído		Não concluído		Não concluído		Não concluído		Não concluído		Não concluído		Não concluído		Não concluído		Não concluído		Não concluído		Não concluído		Não concluído		Não concluído		Não concluído		Não concluído		Concluído	2025-08-21 13:25:20	Concluído	2025-08-21 13:25:19	Não concluído		Não concluído		Não concluído		Não concluído		Não concluído		Não concluído		Não concluído		Não concluído		Não concluído	
14	1ed3e60b1c8d2af52bbef90fc915660b	Não concluído		Não concluído		Não concluído		Não concluído		Não concluído		Não concluído		Não concluído		Não concluído		Não concluído		Não concluído		Não concluído		Não concluído		Concluído	2025-05-17 15:04:58	Não concluído		Não concluído		Concluído	2025-05-17 15:04:56	Não concluído		Concluído	2025-05-17 15:04:48	Concluído	2025-05-17 15:04:49	Concluído	2025-05-17 15:04:45	Não concluído		Concluído	2025-05-17 15:25:22	Concluído	2025-05-17 15:25:24	Concluído	2025-05-17 15:32:09	Concluído	2025-05-17 15:36:10	Concluído	2025-05-17 15:43:34	Concluído	2025-05-17 15:45:14	Concluído	2025-05-17 15:50:50	Concluído	2025-05-17 15:53:33	Concluído	2025-05-17 16:15:21	Concluído	2025-05-17 17:58:47	Concluído	2025-05-17 16:22:51	Concluído	2025-05-17 16:49:06	Concluído	2025-05-17 16:55:03	Concluído	2025-05-17 17:30:46	Concluído	2025-05-17 17:58:50	Concluído	2025-05-17 18:35:44	Não concluído		Não concluído		Não concluído		Não concluído		Concluído	2025-07-06 11:41:03	Concluído	2025-07-06 11:41:06	Concluído	2025-07-06 11:41:08	Concluído	2025-07-06 11:41:10	Concluído	2025-07-06 11:41:14	Concluído	2025-07-06 11:41:16	Concluído	2025-07-06 11:41:18	Concluído	2025-06-27 23:00:59	Concluído	2025-07-06 11:41:29	Concluído	2025-07-06 11:41:32	Concluído	2025-07-06 11:41:31	Concluído	2025-07-06 11:41:34	Concluído	2025-07-06 11:41:48	Não concluído		Não concluído		Não concluído		Não concluído		Não concluído		Não concluído		Não concluído		Concluído	2025-06-27 23:01:11	Não concluído		Não concluído		Não concluído		Não concluído		Não concluído		Não concluído		Não concluído		Não concluído		Não concluído		Não concluído		Não concluído		Não concluído		Não concluído		Não concluído		Não concluído		Não concluído		Não concluído		Não concluído		Concluído	2025-06-27 20:25:47	Não concluído		Não concluído		Concluído	2025-06-27 23:01:23	Não concluído		Não concluído		Não concluído		Não concluído		Não concluído		Não concluído		Não concluído		Não concluído		Não concluído		Não concluído		Não concluído		Não concluído		Não concluído		Não concluído		Não concluído		Não concluído		Não concluído		Não concluído		Não concluído		Não concluído		Não concluído		Não concluído		Não concluído		Não concluído		Não concluído		Não concluído		Não concluído		Não concluído		Não concluído		Não concluído		Não concluído		Não concluído		Não concluído		Não concluído		Não concluído		Não concluído		Não concluído		Não concluído		Não concluído		Não concluído		Não concluído		Não concluído		Não concluído		Não concluído		Não concluído		Não concluído		Não concluído		Não concluído		Não concluído		Não concluído		Não concluído		Não concluído		Não concluído		Não concluído		Não concluído		Não concluído		Não concluído		Não concluído		Não concluído	
15	0db85b707ecf3cd4420b52a87df84acd	Não concluído	2025-08-01 13:53:44	Concluído	2025-07-10 16:04:07	Concluído	2025-05-20 13:33:47	Concluído	2025-05-20 23:03:00	Não concluído		Não concluído		Concluído	2025-05-20 23:03:02	Concluído	2025-05-20 23:03:02	Concluído	2025-05-20 23:03:03	Não concluído		Concluído	2025-05-20 13:36:01	Concluído	2025-05-20 13:33:25	Concluído	2025-05-20 13:33:24	Concluído	2025-05-20 13:33:23	Concluído	2025-05-20 13:33:22	Concluído	2025-05-20 13:33:22	Concluído	2025-05-20 13:33:19	Concluído	2025-05-20 13:33:18	Concluído	2025-05-20 13:33:17	Concluído	2025-05-20 13:33:15	Concluído	2025-05-20 16:03:32	Concluído	2025-05-20 22:36:36	Concluído	2025-05-20 22:38:01	Concluído	2025-05-20 22:38:03	Concluído	2025-05-20 22:38:04	Concluído	2025-05-20 22:38:06	Concluído	2025-05-20 22:38:08	Concluído	2025-05-20 22:38:10	Concluído	2025-05-20 22:38:11	Concluído	2025-06-26 16:48:40	Concluído	2025-05-20 16:02:46	Concluído	2025-05-20 16:02:28	Concluído	2025-05-20 16:02:29	Concluído	2025-05-20 16:02:30	Concluído	2025-05-20 23:03:28	Concluído	2025-06-26 16:48:46	Concluído	2025-05-20 15:41:19	Concluído	2025-05-20 23:03:21	Concluído	2025-05-20 23:03:23	Concluído	2025-05-20 23:03:24	Concluído	2025-05-20 23:03:25	Concluído	2025-08-01 13:54:04	Concluído	2025-08-01 13:54:04	Concluído	2025-08-01 13:54:05	Concluído	2025-08-01 13:54:05	Concluído	2025-06-26 16:50:56	Concluído	2025-08-01 13:54:07	Concluído	2025-08-01 13:54:07	Concluído	2025-06-26 16:51:21	Concluído	2025-08-01 13:54:08	Concluído	2025-08-01 13:54:12	Concluído	2025-08-01 13:54:10	Concluído	2025-08-01 13:54:11	Concluído	2025-08-01 13:54:31	Concluído	2025-08-01 13:54:31	Concluído	2025-08-01 13:54:32	Concluído	2025-08-01 13:54:32	Concluído	2025-08-01 13:54:33	Concluído	2025-08-01 13:54:33	Concluído	2025-08-01 13:54:33	Concluído	2025-08-01 13:54:34	Concluído	2025-06-26 16:52:25	Concluído	2025-08-01 13:54:35	Concluído	2025-08-01 13:54:36	Concluído	2025-08-01 13:54:37	Concluído	2025-08-01 13:54:37	Concluído	2025-08-01 13:54:38	Concluído	2025-08-01 13:54:38	Concluído	2025-08-01 13:54:38	Concluído	2025-08-01 13:54:39	Concluído	2025-08-01 13:54:41	Não concluído		Concluído	2025-08-01 13:54:41	Concluído	2025-08-01 13:54:41	Concluído	2025-08-01 13:54:44	Concluído	2025-08-01 13:54:44	Concluído	2025-08-01 13:54:45	Concluído	2025-08-01 13:54:45	Concluído	2025-08-01 13:54:46	Concluído	2025-08-01 13:54:49	Concluído	2025-08-01 13:54:48	Concluído	2025-08-01 13:54:50	Concluído	2025-08-01 13:54:50	Concluído	2025-08-01 13:54:50	Concluído	2025-08-01 13:54:52	Concluído	2025-08-01 13:54:52	Concluído	2025-08-01 13:54:54	Concluído	2025-08-01 13:55:02	Não concluído		Não concluído		Não concluído		Não concluído		Não concluído		Concluído	2025-07-16 12:53:39	Não concluído		Não concluído		Não concluído		Não concluído		Não concluído	2025-08-01 13:53:21	Concluído	2025-08-01 13:53:18	Concluído	2025-08-01 13:53:17	Concluído	2025-08-01 13:53:17	Concluído	2025-08-01 13:53:16	Concluído	2025-08-01 13:53:15	Concluído	2025-08-01 13:53:15	Concluído	2025-08-01 13:53:15	Concluído	2025-08-01 13:53:14	Concluído	2025-08-01 13:53:14	Concluído	2025-08-01 13:53:14	Concluído	2025-08-01 13:53:13	Concluído	2025-08-01 13:53:13	Concluído	2025-08-01 13:53:12	Concluído	2025-08-01 13:53:12	Concluído	2025-08-01 13:53:11	Não concluído		Concluído	2025-08-01 13:53:27	Concluído	2025-08-01 13:53:26	Concluído	2025-08-01 13:53:25	Concluído	2025-08-01 13:53:25	Não concluído		Não concluído		Não concluído		Não concluído		Não concluído		Não concluído		Não concluído		Não concluído		Não concluído		Não concluído		Concluído	2025-08-07 21:56:49	Não concluído		Não concluído		Não concluído		Não concluído		Não concluído		Não concluído		Não concluído		Não concluído		Não concluído		Não concluído		Não concluído		Não concluído		Não concluído	
16	e8fee16745f4ffbfd12aa21a02bda75f	Não concluído		Não concluído		Não concluído		Não concluído		Não concluído		Não concluído		Não concluído		Não concluído		Não concluído		Não concluído		Não concluído		Não concluído		Não concluído		Não concluído		Não concluído		Não concluído		Não concluído		Não concluído		Não concluído		Não concluído		Não concluído		Não concluído		Não concluído		Não concluído		Não concluído		Não concluído		Não concluído		Não concluído		Não concluído		Não concluído		Não concluído		Não concluído		Não concluído		Não concluído		Não concluído		Não concluído		Não concluído		Não concluído		Não concluído		Não concluído		Não concluído		Não concluído		Não concluído		Não concluído		Não concluído		Não concluído		Não concluído		Não concluído		Não concluído		Não concluído		Não concluído		Não concluído		Não concluído		Não concluído		Não concluído		Não concluído		Não concluído		Não concluído		Não concluído		Não concluído		Não concluído		Não concluído		Não concluído		Não concluído		Não concluído		Não concluído		Não concluído		Não concluído		Não concluído		Não concluído		Não concluído		Não concluído		Não concluído		Não concluído		Não concluído		Não concluído		Não concluído		Não concluído		Não concluído		Não concluído		Não concluído		Não concluído		Não concluído		Não concluído		Não concluído		Não concluído		Não concluído		Não concluído	2025-07-29 22:26:36	Não concluído		Não concluído		Não concluído		Não concluído		Não concluído	2025-07-29 22:26:33	Não concluído	2025-07-29 22:26:34	Não concluído		Não concluído		Não concluído		Não concluído		Não concluído		Não concluído		Não concluído		Não concluído		Não concluído		Não concluído		Não concluído		Não concluído		Não concluído		Não concluído		Não concluído		Não concluído		Não concluído		Não concluído		Não concluído		Não concluído		Não concluído		Não concluído		Não concluído		Não concluído		Não concluído		Não concluído		Não concluído		Não concluído		Não concluído		Não concluído		Não concluído		Não concluído		Não concluído		Não concluído		Não concluído		Não concluído		Não concluído		Não concluído		Não concluído		Não concluído		Não concluído		Não concluído		Não concluído		Não concluído		Não concluído		Não concluído		Não concluído		Não concluído		Não concluído	
17	3530f6b179df0fb4ef526e6012833378	Não concluído		Não concluído		Não concluído		Não concluído		Não concluído		Não concluído		Não concluído		Não concluído		Não concluído		Não concluído		Não concluído		Não concluído		Não concluído		Não concluído		Não concluído		Não concluído		Não concluído		Não concluído		Não concluído		Não concluído		Não concluído		Não concluído		Não concluído		Não concluído		Não concluído		Não concluído		Não concluído		Não concluído		Não concluído		Não concluído		Não concluído		Não concluído		Não concluído		Não concluído		Não concluído		Não concluído		Não concluído		Não concluído		Não concluído		Não concluído		Não concluído		Não concluído		Não concluído		Não concluído		Não concluído		Não concluído		Não concluído		Não concluído		Não concluído		Não concluído		Não concluído		Não concluído		Não concluído		Não concluído		Não concluído		Não concluído		Não concluído		Não concluído		Não concluído		Não concluído		Não concluído		Não concluído		Não concluído		Não concluído		Não concluído		Não concluído		Não concluído		Não concluído		Não concluído		Não concluído		Não concluído		Não concluído		Não concluído		Não concluído		Não concluído		Não concluído		Não concluído		Não concluído		Não concluído		Não concluído		Não concluído		Não concluído		Não concluído		Não concluído		Não concluído		Não concluído		Não concluído		Não concluído		Não concluído		Não concluído		Não concluído		Não concluído		Não concluído		Não concluído		Não concluído		Não concluído		Não concluído		Não concluído		Não concluído		Não concluído		Não concluído		Não concluído		Não concluído		Não concluído		Não concluído		Não concluído		Não concluído		Não concluído		Não concluído		Não concluído		Não concluído		Não concluído		Não concluído		Não concluído		Não concluído		Não concluído		Não concluído		Não concluído		Não concluído		Não concluído		Não concluído		Não concluído		Não concluído		Não concluído		Não concluído		Não concluído		Não concluído		Não concluído		Não concluído		Não concluído		Não concluído		Não concluído		Não concluído		Não concluído		Não concluído		Não concluído		Não concluído		Não concluído		Não concluído		Não concluído		Não concluído		Não concluído		Não concluído	2025-08-27 20:00:10
18	eb18edffef2323b4123e036eee2ec45d	Não concluído		Não concluído		Não concluído		Não concluído		Não concluído		Não concluído		Não concluído		Não concluído		Não concluído		Não concluído		Não concluído		Não concluído		Não concluído		Não concluído		Não concluído		Não concluído		Não concluído		Não concluído		Não concluído		Não concluído		Não concluído		Não concluído		Não concluído		Não concluído		Não concluído		Não concluído		Não concluído		Não concluído		Não concluído		Não concluído		Não concluído		Não concluído		Não concluído		Não concluído		Não concluído		Não concluído		Não concluído		Não concluído		Não concluído		Não concluído		Não concluído		Não concluído		Não concluído		Não concluído		Não concluído		Não concluído		Não concluído		Não concluído		Não concluído		Não concluído		Não concluído		Não concluído		Não concluído		Não concluído		Não concluído		Não concluído		Não concluído		Não concluído		Não concluído		Não concluído		Não concluído		Não concluído		Não concluído		Não concluído		Não concluído		Não concluído		Não concluído		Não concluído		Não concluído		Não concluído		Não concluído		Não concluído		Não concluído		Não concluído		Não concluído		Não concluído		Não concluído		Não concluído		Não concluído		Não concluído		Não concluído		Não concluído		Não concluído		Não concluído		Não concluído		Não concluído		Não concluído		Não concluído		Não concluído		Não concluído		Não concluído		Não concluído		Não concluído		Não concluído		Não concluído		Não concluído		Não concluído		Não concluído		Não concluído		Não concluído		Não concluído		Não concluído		Não concluído		Não concluído		Não concluído		Não concluído		Não concluído		Não concluído		Não concluído		Não concluído		Não concluído		Não concluído		Não concluído		Não concluído		Não concluído		Não concluído		Não concluído		Não concluído		Não concluído		Não concluído		Não concluído		Não concluído		Não concluído		Não concluído		Não concluído		Não concluído		Não concluído		Não concluído		Não concluído		Não concluído		Não concluído		Não concluído		Não concluído		Não concluído		Não concluído		Não concluído		Não concluído		Não concluído		Não concluído		Não concluído		Não concluído		Não concluído		Não concluído	
19	997d843ce119ef6b1c7489069b6f2dcd	Não concluído		Não concluído		Não concluído		Não concluído		Não concluído		Não concluído		Não concluído		Não concluído		Não concluído		Não concluído		Não concluído		Não concluído		Não concluído		Não concluído		Não concluído		Não concluído		Não concluído		Não concluído		Não concluído		Não concluído		Não concluído		Não concluído		Não concluído		Não concluído		Não concluído		Não concluído		Não concluído		Não concluído		Não concluído		Não concluído		Não concluído		Não concluído		Não concluído		Não concluído		Não concluído		Não concluído		Não concluído		Não concluído		Não concluído		Não concluído		Não concluído		Não concluído		Não concluído		Não concluído		Não concluído		Não concluído		Não concluído		Não concluído		Não concluído		Não concluído		Não concluído		Não concluído		Não concluído		Não concluído		Não concluído		Não concluído		Não concluído		Não concluído		Não concluído		Não concluído		Não concluído		Não concluído		Não concluído		Não concluído		Não concluído		Não concluído		Não concluído		Não concluído		Não concluído		Não concluído		Não concluído		Não concluído		Não concluído		Não concluído		Não concluído		Não concluído		Não concluído		Não concluído		Não concluído		Não concluído		Não concluído		Não concluído		Não concluído		Não concluído		Não concluído		Não concluído		Não concluído		Não concluído		Não concluído		Não concluído		Não concluído		Não concluído		Não concluído		Não concluído		Não concluído		Não concluído		Não concluído		Não concluído		Não concluído		Não concluído		Não concluído		Não concluído		Não concluído		Não concluído		Não concluído		Não concluído		Não concluído		Não concluído		Não concluído		Não concluído		Não concluído		Não concluído		Não concluído		Não concluído		Não concluído		Não concluído		Não concluído		Não concluído		Não concluído		Não concluído		Não concluído		Não concluído		Não concluído		Não concluído		Não concluído		Não concluído		Não concluído		Não concluído		Não concluído		Não concluído		Não concluído		Não concluído		Não concluído		Não concluído		Não concluído		Não concluído		Não concluído		Não concluído		Não concluído		Não concluído		Não concluído		Não concluído		Não concluído	
20	4f7a544e43d7e05ccafdc7e570d5e6cd	Concluído	2025-06-21 15:54:14	Concluído	2025-06-21 15:54:14	Concluído	2025-05-08 13:48:57	Concluído	2025-06-21 15:54:06	Concluído	2025-07-26 22:22:32	Concluído	2025-07-26 22:22:31	Concluído	2025-06-21 15:54:07	Concluído	2025-06-21 15:54:07	Concluído	2025-06-21 15:54:09	Não concluído		Concluído	2025-06-21 15:54:12	Concluído	2025-05-17 13:15:30	Concluído	2025-05-17 13:20:18	Concluído	2025-05-17 13:20:28	Concluído	2025-05-17 13:21:00	Concluído	2025-05-17 13:21:08	Concluído	2025-05-17 13:23:44	Concluído	2025-05-17 15:01:08	Concluído	2025-05-17 15:01:10	Concluído	2025-05-17 15:01:11	Concluído	2025-05-17 15:03:04	Concluído	2025-05-17 15:16:46	Concluído	2025-05-17 15:27:43	Concluído	2025-05-17 15:26:12	Concluído	2025-05-17 15:27:46	Concluído	2025-05-17 15:48:28	Concluído	2025-05-17 15:52:55	Concluído	2025-05-17 16:16:02	Concluído	2025-05-17 16:16:03	Concluído	2025-05-17 16:16:03	Concluído	2025-05-17 16:16:33	Concluído	2025-05-17 16:19:50	Concluído	2025-05-17 16:40:42	Concluído	2025-05-17 16:46:59	Concluído	2025-05-17 17:58:04	Concluído	2025-05-17 18:59:29	Concluído	2025-05-17 18:31:03	Concluído	2025-05-17 13:22:44	Concluído	2025-05-17 13:22:32	Concluído	2025-05-17 15:01:32	Concluído	2025-05-17 15:02:06	Concluído	2025-06-21 16:07:57	Concluído	2025-06-21 16:07:58	Concluído	2025-06-21 16:07:59	Concluído	2025-06-21 16:08:00	Concluído	2025-06-21 16:08:01	Concluído	2025-06-21 16:08:02	Concluído	2025-06-21 16:08:03	Concluído	2025-06-21 16:08:12	Concluído	2025-06-21 16:08:06	Concluído	2025-06-21 16:08:08	Concluído	2025-06-21 16:08:09	Concluído	2025-06-21 16:08:09	Concluído	2025-06-21 16:18:00	Concluído	2025-06-21 16:18:02	Concluído	2025-06-21 16:18:03	Concluído	2025-06-21 16:18:24	Concluído	2025-06-21 16:18:25	Concluído	2025-06-21 16:18:25	Concluído	2025-06-21 16:18:26	Concluído	2025-06-21 16:18:27	Concluído	2025-06-21 16:37:02	Concluído	2025-06-21 16:18:34	Concluído	2025-06-21 16:18:35	Concluído	2025-06-27 21:15:18	Concluído	2025-06-27 21:15:19	Concluído	2025-06-27 21:15:19	Concluído	2025-06-27 21:15:20	Concluído	2025-06-27 21:15:22	Concluído	2025-06-27 21:15:24	Concluído	2025-06-27 21:15:23	Não concluído		Concluído	2025-07-26 22:23:40	Concluído	2025-07-26 22:23:40	Concluído	2025-06-27 21:15:35	Concluído	2025-06-27 21:15:36	Concluído	2025-06-27 21:15:37	Concluído	2025-06-27 21:15:38	Concluído	2025-06-27 21:15:38	Concluído	2025-06-27 21:15:39	Concluído	2025-06-29 18:48:42	Concluído	2025-06-29 18:49:21	Concluído	2025-06-29 18:49:20	Concluído	2025-06-29 18:49:18	Concluído	2025-07-26 22:23:46	Concluído	2025-07-26 22:23:47	Concluído	2025-07-26 22:23:48	Concluído	2025-08-19 15:35:05	Concluído	2025-08-19 15:35:07	Concluído	2025-08-19 15:35:09	Concluído	2025-08-19 15:35:09	Concluído	2025-08-19 15:35:12	Concluído	2025-08-19 15:35:13	Concluído	2025-07-26 22:32:21	Concluído	2025-08-19 15:35:17	Concluído	2025-08-19 15:35:18	Concluído	2025-08-19 15:35:19	Concluído	2025-08-19 15:35:20	Concluído	2025-08-19 15:35:23	Concluído	2025-08-19 15:35:24	Concluído	2025-08-19 15:35:26	Concluído	2025-08-19 15:35:27	Concluído	2025-08-19 15:35:28	Concluído	2025-08-19 15:35:29	Concluído	2025-08-19 15:35:31	Concluído	2025-08-19 15:35:32	Concluído	2025-08-19 15:35:33	Concluído	2025-08-19 15:35:35	Concluído	2025-08-19 15:35:37	Concluído	2025-08-19 15:35:38	Concluído	2025-08-19 15:35:39	Concluído	2025-08-19 15:35:40	Concluído	2025-08-19 15:35:41	Concluído	2025-08-10 19:06:04	Concluído	2025-08-19 15:35:43	Concluído	2025-08-19 15:35:44	Concluído	2025-08-19 15:35:46	Concluído	2025-08-19 15:35:46	Concluído	2025-08-19 15:35:48	Concluído	2025-08-19 15:35:50	Concluído	2025-08-19 15:35:51	Concluído	2025-08-19 15:36:13	Concluído	2025-08-19 15:36:14	Concluído	2025-08-19 15:36:15	Concluído	2025-08-19 15:36:23	Concluído	2025-08-19 15:36:25	Concluído	2025-08-19 15:36:26	Concluído	2025-08-19 15:36:27	Concluído	2025-08-19 15:36:35	Concluído	2025-08-19 15:36:38	Concluído	2025-08-19 15:36:40	Não concluído		Não concluído		Não concluído		Não concluído		Concluído	2025-08-28 17:58:20	Não concluído		Não concluído		Não concluído		Não concluído		Concluído	2025-08-28 17:58:17	Não concluído		Não concluído	
21	2f18a1060b6829f453d3e702ac738f56	Não concluído		Não concluído		Não concluído		Não concluído		Não concluído		Não concluído		Não concluído		Não concluído		Não concluído		Não concluído		Não concluído		Não concluído		Não concluído		Não concluído		Não concluído		Não concluído		Concluído	2025-05-18 10:01:36	Concluído	2025-05-18 10:01:31	Concluído	2025-05-18 10:01:34	Concluído	2025-05-18 10:01:33	Não concluído	2025-05-18 10:01:41	Concluído	2025-05-18 10:05:38	Concluído	2025-05-18 10:05:41	Concluído	2025-05-18 10:15:36	Concluído	2025-05-18 10:18:18	Não concluído		Não concluído		Não concluído		Não concluído		Concluído	2025-05-18 10:31:35	Não concluído		Concluído	2025-05-19 09:34:06	Concluído	2025-05-19 09:44:46	Concluído	2025-05-19 09:48:30	Concluído	2025-05-19 10:23:13	Não concluído		Concluído	2025-05-19 20:07:13	Não concluído		Não concluído		Não concluído		Não concluído		Não concluído		Não concluído		Não concluído		Não concluído		Concluído	2025-06-23 09:14:03	Não concluído		Não concluído		Concluído	2025-06-23 09:25:40	Não concluído		Não concluído		Não concluído		Não concluído		Não concluído		Não concluído		Não concluído		Não concluído		Não concluído		Não concluído		Não concluído		Não concluído		Concluído	2025-06-23 09:42:17	Não concluído		Não concluído		Não concluído		Não concluído		Não concluído		Não concluído		Não concluído		Não concluído		Não concluído		Não concluído		Não concluído		Não concluído		Não concluído		Não concluído		Não concluído		Não concluído		Não concluído		Não concluído		Concluído	2025-06-23 10:07:14	Não concluído		Não concluído		Não concluído		Não concluído		Não concluído		Não concluído		Não concluído		Não concluído		Não concluído		Não concluído		Não concluído		Não concluído		Concluído	2025-07-08 17:18:36	Não concluído		Não concluído		Não concluído		Não concluído		Não concluído		Não concluído		Concluído	2025-07-26 21:35:16	Concluído	2025-07-26 21:36:36	Concluído	2025-07-26 22:47:55	Concluído	2025-07-26 22:59:34	Concluído	2025-07-26 23:04:55	Concluído	2025-07-26 23:07:55	Concluído	2025-07-26 23:12:48	Concluído	2025-07-26 23:24:48	Concluído	2025-07-26 23:32:22	Concluído	2025-07-26 23:46:23	Não concluído		Não concluído		Não concluído		Concluído	2025-07-26 23:53:42	Não concluído		Não concluído		Não concluído		Não concluído		Não concluído		Não concluído		Não concluído		Não concluído		Não concluído		Não concluído		Não concluído		Não concluído		Não concluído		Não concluído		Não concluído		Não concluído		Não concluído		Não concluído		Não concluído		Não concluído		Não concluído		Não concluído		Não concluído		Não concluído		Não concluído		Não concluído		Não concluído		Não concluído		Não concluído	
22	5bd9156e90c005388817f6d6d4618800	Não concluído		Não concluído		Não concluído		Não concluído		Não concluído		Não concluído		Não concluído		Não concluído		Não concluído		Não concluído		Não concluído		Não concluído		Não concluído		Não concluído		Não concluído		Não concluído		Não concluído		Não concluído		Não concluído		Não concluído		Não concluído		Não concluído		Não concluído		Não concluído		Não concluído		Não concluído		Não concluído		Não concluído		Não concluído		Não concluído		Não concluído		Não concluído		Não concluído		Não concluído		Não concluído		Não concluído		Não concluído		Não concluído		Não concluído		Não concluído		Não concluído		Não concluído		Não concluído		Não concluído		Não concluído		Não concluído		Não concluído		Não concluído		Não concluído		Não concluído		Não concluído		Não concluído		Não concluído		Não concluído		Não concluído		Não concluído		Não concluído		Não concluído		Não concluído		Não concluído		Não concluído		Não concluído		Não concluído		Não concluído		Não concluído		Não concluído		Não concluído		Não concluído		Não concluído		Não concluído		Não concluído		Não concluído		Não concluído		Não concluído		Não concluído		Não concluído		Não concluído		Não concluído		Não concluído		Não concluído		Não concluído		Não concluído		Não concluído		Não concluído		Não concluído		Não concluído		Não concluído		Não concluído		Não concluído		Não concluído		Não concluído		Não concluído		Não concluído		Não concluído		Não concluído		Não concluído		Não concluído		Não concluído		Não concluído		Não concluído		Não concluído		Não concluído		Não concluído		Não concluído		Não concluído		Não concluído		Não concluído		Não concluído		Não concluído		Não concluído		Não concluído		Não concluído		Não concluído		Não concluído		Não concluído		Não concluído		Não concluído		Não concluído		Não concluído		Não concluído		Não concluído		Não concluído		Não concluído		Não concluído		Não concluído		Não concluído		Não concluído		Não concluído		Não concluído		Não concluído		Não concluído		Não concluído		Não concluído		Não concluído		Não concluído		Não concluído		Não concluído		Não concluído		Não concluído		Não concluído		Não concluído		Não concluído		Não concluído	
23	3ac46891a32783c6fe1cda250f8d91b9	Não concluído		Não concluído		Não concluído		Não concluído		Não concluído		Não concluído		Não concluído		Não concluído		Não concluído		Não concluído		Não concluído		Não concluído		Não concluído		Não concluído		Não concluído		Não concluído		Não concluído		Não concluído		Não concluído		Não concluído		Não concluído		Não concluído		Não concluído		Não concluído		Não concluído		Não concluído		Não concluído		Não concluído		Não concluído		Não concluído		Não concluído		Não concluído		Não concluído		Não concluído		Não concluído		Não concluído		Não concluído		Não concluído		Não concluído		Não concluído		Não concluído		Não concluído		Não concluído		Não concluído		Não concluído		Não concluído		Não concluído		Não concluído		Não concluído		Não concluído		Não concluído		Não concluído		Não concluído		Não concluído		Não concluído		Não concluído		Não concluído		Não concluído		Não concluído		Não concluído		Não concluído		Não concluído		Não concluído		Não concluído		Não concluído		Não concluído		Não concluído		Não concluído		Não concluído		Não concluído		Não concluído		Não concluído		Não concluído		Não concluído		Não concluído		Não concluído		Não concluído		Não concluído		Não concluído		Não concluído		Não concluído		Não concluído		Não concluído		Não concluído		Não concluído		Não concluído		Não concluído		Não concluído		Não concluído		Não concluído		Não concluído		Não concluído		Não concluído		Não concluído		Não concluído		Não concluído		Não concluído		Não concluído		Não concluído		Não concluído		Não concluído		Não concluído		Não concluído		Não concluído		Não concluído		Não concluído		Não concluído		Não concluído		Não concluído		Não concluído		Não concluído		Não concluído		Não concluído		Não concluído		Não concluído		Não concluído		Não concluído		Não concluído		Não concluído		Não concluído		Não concluído		Não concluído		Não concluído		Não concluído		Não concluído		Não concluído		Não concluído		Não concluído		Não concluído		Não concluído		Não concluído		Não concluído		Não concluído		Não concluído		Não concluído		Não concluído		Não concluído		Não concluído		Não concluído		Não concluído		Não concluído		Não concluído		Não concluído	
24	091164f11779c4010737922e445bc473	Não concluído		Não concluído		Não concluído		Não concluído		Não concluído		Não concluído		Não concluído		Não concluído		Não concluído		Não concluído		Não concluído		Não concluído		Não concluído		Não concluído		Não concluído		Não concluído		Não concluído		Não concluído		Não concluído		Não concluído		Não concluído		Não concluído		Não concluído		Não concluído		Não concluído		Não concluído		Não concluído		Não concluído		Não concluído		Não concluído		Não concluído		Não concluído		Não concluído		Não concluído		Não concluído		Não concluído		Não concluído		Não concluído		Não concluído		Não concluído		Não concluído		Não concluído		Não concluído		Não concluído		Não concluído		Não concluído		Não concluído		Não concluído		Não concluído		Não concluído		Não concluído		Não concluído		Não concluído		Não concluído		Não concluído		Não concluído		Não concluído		Não concluído		Não concluído		Não concluído		Não concluído		Não concluído		Não concluído		Não concluído		Não concluído		Não concluído		Não concluído		Não concluído		Não concluído		Não concluído		Não concluído		Não concluído		Não concluído		Não concluído		Não concluído		Não concluído		Não concluído		Não concluído		Não concluído		Não concluído		Não concluído		Não concluído		Não concluído		Não concluído		Não concluído		Não concluído		Não concluído		Não concluído		Não concluído		Não concluído		Não concluído		Não concluído		Não concluído		Não concluído		Não concluído		Não concluído		Não concluído		Não concluído		Não concluído		Não concluído		Não concluído		Não concluído		Não concluído		Não concluído		Não concluído		Não concluído		Não concluído		Não concluído		Não concluído		Não concluído		Não concluído		Não concluído		Não concluído		Não concluído		Não concluído		Não concluído		Não concluído		Não concluído		Não concluído		Não concluído		Não concluído		Não concluído		Não concluído		Não concluído		Não concluído		Não concluído		Não concluído		Não concluído		Não concluído		Não concluído		Não concluído		Não concluído		Não concluído		Não concluído		Não concluído		Não concluído		Não concluído		Não concluído		Não concluído		Não concluído		Não concluído		Não concluído		Não concluído	
25	334f351ad3fc7e54f870cd2692dea75e	Não concluído		Não concluído		Não concluído		Não concluído		Não concluído		Não concluído		Não concluído		Não concluído		Não concluído		Não concluído		Não concluído		Não concluído		Não concluído		Não concluído		Não concluído		Não concluído		Não concluído		Não concluído		Não concluído		Não concluído		Não concluído		Não concluído		Não concluído		Não concluído		Não concluído		Não concluído		Não concluído		Não concluído		Não concluído		Não concluído		Não concluído		Não concluído		Não concluído		Não concluído		Não concluído		Não concluído		Não concluído		Não concluído		Não concluído		Não concluído		Não concluído		Não concluído		Não concluído		Não concluído		Não concluído		Não concluído		Não concluído		Não concluído		Não concluído		Não concluído		Não concluído		Não concluído		Não concluído		Não concluído		Não concluído		Não concluído		Não concluído		Não concluído		Não concluído		Não concluído		Não concluído		Não concluído		Não concluído		Não concluído		Não concluído		Não concluído		Não concluído		Não concluído		Não concluído		Não concluído		Não concluído		Não concluído		Não concluído		Não concluído		Não concluído		Não concluído		Não concluído		Não concluído		Não concluído		Não concluído		Não concluído		Não concluído		Não concluído		Não concluído		Não concluído		Não concluído		Não concluído		Não concluído		Não concluído		Não concluído		Não concluído		Não concluído		Não concluído		Não concluído		Não concluído		Não concluído		Não concluído		Não concluído		Não concluído		Não concluído		Não concluído		Não concluído		Não concluído		Não concluído		Não concluído		Não concluído		Não concluído		Não concluído		Não concluído		Não concluído		Não concluído		Não concluído		Não concluído		Não concluído		Não concluído		Não concluído		Não concluído		Não concluído		Não concluído		Não concluído		Não concluído		Não concluído		Não concluído		Não concluído		Não concluído		Não concluído		Não concluído		Não concluído		Não concluído		Não concluído		Não concluído		Não concluído		Não concluído		Não concluído		Não concluído		Não concluído		Não concluído		Não concluído		Não concluído		Não concluído		Não concluído		Não concluído		Não concluído	
26	9c173ec05838c6f7e8fab20683277d43	Não concluído		Não concluído		Concluído	2025-05-19 09:01:10	Não concluído		Não concluído		Não concluído		Não concluído		Não concluído		Não concluído		Não concluído		Não concluído		Concluído	2025-05-19 09:19:00	Concluído	2025-05-19 09:27:04	Concluído	2025-05-19 09:27:06	Concluído	2025-05-19 10:28:28	Concluído	2025-05-19 10:37:56	Concluído	2025-05-19 11:06:07	Concluído	2025-05-19 11:06:07	Concluído	2025-05-19 11:25:52	Concluído	2025-05-19 22:20:27	Concluído	2025-05-19 22:46:56	Concluído	2025-05-19 22:46:57	Concluído	2025-05-19 22:56:08	Concluído	2025-05-20 09:08:37	Concluído	2025-05-20 09:12:42	Concluído	2025-05-20 09:21:53	Concluído	2025-05-20 09:42:15	Concluído	2025-05-20 09:52:50	Concluído	2025-05-20 09:58:23	Concluído	2025-05-20 10:10:44	Concluído	2025-05-20 11:36:26	Concluído	2025-05-20 11:49:58	Não concluído		Não concluído		Não concluído		Não concluído		Concluído	2025-05-20 09:08:44	Não concluído		Não concluído		Não concluído		Não concluído		Não concluído		Não concluído		Não concluído		Não concluído		Não concluído		Não concluído		Não concluído		Não concluído		Não concluído		Não concluído		Não concluído		Não concluído		Não concluído		Não concluído		Não concluído		Não concluído		Não concluído		Não concluído		Não concluído		Não concluído		Não concluído		Não concluído		Não concluído		Não concluído		Não concluído		Não concluído		Não concluído		Não concluído		Não concluído		Não concluído		Não concluído		Não concluído		Não concluído		Não concluído		Não concluído		Não concluído		Não concluído		Não concluído		Não concluído		Não concluído		Não concluído		Não concluído		Não concluído		Não concluído		Não concluído		Não concluído		Não concluído		Não concluído		Não concluído		Não concluído		Não concluído		Não concluído		Não concluído		Não concluído		Não concluído		Não concluído		Não concluído		Não concluído		Não concluído		Não concluído		Não concluído		Não concluído		Não concluído		Não concluído		Não concluído		Não concluído		Não concluído		Não concluído		Não concluído		Não concluído		Não concluído		Não concluído		Não concluído		Não concluído		Não concluído		Não concluído		Não concluído		Não concluído		Não concluído		Não concluído		Não concluído		Não concluído		Não concluído		Não concluído		Não concluído		Não concluído		Não concluído		Não concluído		Não concluído		Não concluído		Não concluído		Não concluído		Não concluído		Não concluído		Não concluído		Não concluído		Não concluído		Não concluído		Não concluído		Não concluído		Não concluído		Não concluído	
27	485d700bda502af93ab0ce957b876ccf	Não concluído		Não concluído		Não concluído		Não concluído		Não concluído		Não concluído		Não concluído		Não concluído		Não concluído		Não concluído		Não concluído		Não concluído		Não concluído		Não concluído		Não concluído		Não concluído		Não concluído		Não concluído		Não concluído		Não concluído		Não concluído		Não concluído		Não concluído		Não concluído		Não concluído		Não concluído		Não concluído		Não concluído		Não concluído		Não concluído		Não concluído		Não concluído		Não concluído		Não concluído		Não concluído		Não concluído		Não concluído		Não concluído		Não concluído		Não concluído		Não concluído		Não concluído		Não concluído		Não concluído		Não concluído		Não concluído		Não concluído		Não concluído		Não concluído		Não concluído		Não concluído		Não concluído		Não concluído		Não concluído		Não concluído		Não concluído		Não concluído		Não concluído		Não concluído		Não concluído		Não concluído		Não concluído		Não concluído		Não concluído		Não concluído		Não concluído		Não concluído		Não concluído		Não concluído		Não concluído		Não concluído		Não concluído		Não concluído		Não concluído		Não concluído		Não concluído		Não concluído		Não concluído		Não concluído		Não concluído		Não concluído		Não concluído		Não concluído		Não concluído		Não concluído		Não concluído		Não concluído		Não concluído		Não concluído		Não concluído		Não concluído		Não concluído		Não concluído		Não concluído		Não concluído		Não concluído		Não concluído		Não concluído		Não concluído		Não concluído		Não concluído		Não concluído		Não concluído		Não concluído		Não concluído		Não concluído		Não concluído		Não concluído		Não concluído		Não concluído		Não concluído		Não concluído		Não concluído		Não concluído		Não concluído		Não concluído		Não concluído		Não concluído		Não concluído		Não concluído		Não concluído		Não concluído		Não concluído		Não concluído		Não concluído		Não concluído		Não concluído		Não concluído		Não concluído		Não concluído		Não concluído		Não concluído		Não concluído		Não concluído		Não concluído		Não concluído		Não concluído		Não concluído		Não concluído		Não concluído		Não concluído		Não concluído		Não concluído	
28	7b4269c952d910b7f2a353422e608476	Não concluído		Concluído	2025-07-07 17:00:24	Não concluído		Concluído	2025-07-07 17:00:35	Não concluído		Não concluído		Concluído	2025-07-07 17:00:36	Concluído	2025-07-07 17:00:36	Concluído	2025-07-07 17:00:37	Não concluído		Concluído	2025-07-07 17:00:23	Concluído	2025-05-14 08:52:27	Concluído	2025-05-14 08:52:28	Concluído	2025-05-14 08:52:29	Concluído	2025-05-14 08:52:29	Concluído	2025-05-14 08:52:30	Concluído	2025-05-14 08:52:48	Concluído	2025-05-14 08:52:33	Concluído	2025-05-15 09:56:37	Concluído	2025-05-15 09:56:38	Concluído	2025-05-16 09:17:00	Concluído	2025-05-16 09:17:02	Concluído	2025-05-16 09:28:22	Concluído	2025-05-16 09:33:23	Concluído	2025-05-16 10:00:18	Concluído	2025-05-16 18:48:08	Concluído	2025-05-16 19:04:26	Concluído	2025-05-16 19:16:13	Concluído	2025-05-17 15:06:22	Concluído	2025-05-18 10:47:54	Concluído	2025-05-18 10:48:46	Concluído	2025-05-18 10:57:30	Concluído	2025-05-18 11:24:03	Concluído	2025-05-18 11:30:45	Concluído	2025-05-18 14:10:19	Concluído	2025-05-18 14:53:14	Concluído	2025-05-18 15:28:43	Concluído	2025-05-20 10:11:25	Concluído	2025-05-20 10:11:25	Concluído	2025-05-20 10:11:26	Concluído	2025-05-20 10:11:26	Concluído	2025-05-22 10:30:50	Concluído	2025-05-22 10:39:55	Concluído	2025-05-23 09:11:40	Concluído	2025-05-23 09:27:49	Concluído	2025-06-19 15:06:48	Concluído	2025-05-23 09:59:20	Concluído	2025-05-23 10:24:06	Concluído	2025-06-19 15:12:39	Concluído	2025-05-23 09:30:36	Concluído	2025-05-23 09:30:38	Concluído	2025-06-19 15:12:43	Concluído	2025-06-19 15:12:44	Concluído	2025-05-31 13:39:29	Concluído	2025-05-31 13:39:28	Concluído	2025-06-01 18:20:43	Concluído	2025-06-01 19:13:42	Concluído	2025-06-19 21:51:44	Concluído	2025-06-20 13:41:34	Concluído	2025-06-20 14:11:55	Concluído	2025-06-20 15:15:16	Concluído	2025-06-20 15:46:24	Concluído	2025-07-06 15:06:01	Concluído	2025-07-06 15:06:01	Concluído	2025-06-24 11:03:48	Concluído	2025-06-24 11:03:48	Concluído	2025-06-24 11:42:49	Concluído	2025-06-24 19:45:59	Concluído	2025-06-24 19:50:03	Concluído	2025-06-24 20:19:18	Concluído	2025-06-27 21:29:09	Não concluído		Não concluído		Não concluído		Concluído	2025-07-02 08:00:16	Concluído	2025-07-02 08:00:17	Concluído	2025-07-02 08:00:18	Concluído	2025-07-02 08:29:49	Concluído	2025-07-06 14:37:50	Concluído	2025-07-06 14:49:05	Concluído	2025-06-27 19:29:24	Concluído	2025-07-06 15:06:10	Concluído	2025-07-06 15:06:11	Concluído	2025-07-06 15:06:12	Não concluído		Não concluído		Não concluído		Concluído	2025-07-07 10:08:25	Concluído	2025-07-07 12:02:31	Concluído	2025-07-07 13:53:53	Concluído	2025-07-07 14:01:12	Concluído	2025-07-07 14:44:23	Concluído	2025-07-07 15:10:31	Concluído	2025-07-07 15:10:21	Concluído	2025-07-07 17:00:03	Concluído	2025-07-07 17:00:03	Concluído	2025-07-07 17:00:04	Concluído	2025-07-07 17:00:05	Concluído	2025-08-04 10:57:38	Concluído	2025-08-04 10:57:39	Concluído	2025-08-04 10:57:41	Concluído	2025-08-04 11:04:55	Concluído	2025-08-04 11:05:13	Concluído	2025-08-04 11:21:44	Concluído	2025-08-05 09:06:33	Concluído	2025-08-05 09:16:12	Concluído	2025-08-05 09:22:02	Concluído	2025-08-05 09:29:39	Concluído	2025-08-05 21:01:40	Concluído	2025-08-06 07:44:47	Concluído	2025-08-06 10:53:00	Concluído	2025-08-06 19:08:20	Concluído	2025-08-17 15:44:07	Concluído	2025-08-04 11:05:04	Concluído	2025-08-13 11:23:45	Concluído	2025-08-13 11:23:46	Concluído	2025-08-13 11:23:47	Concluído	2025-08-13 11:23:50	Concluído	2025-08-13 11:23:50	Concluído	2025-08-13 11:23:39	Concluído	2025-08-13 10:29:48	Concluído	2025-08-13 11:23:07	Não concluído		Não concluído		Concluído	2025-08-17 09:39:03	Não concluído		Não concluído		Não concluído		Não concluído		Não concluído		Não concluído		Não concluído		Não concluído		Não concluído		Não concluído		Não concluído		Não concluído		Não concluído		Não concluído		Não concluído		Não concluído		Não concluído		Não concluído	
29	0a342fb12c6008447a82f626427f074e	Não concluído		Não concluído		Concluído	2025-05-08 20:04:33	Não concluído		Não concluído		Não concluído		Não concluído		Não concluído		Não concluído		Não concluído		Não concluído		Não concluído		Não concluído		Não concluído		Não concluído		Não concluído		Não concluído		Não concluído		Não concluído		Não concluído		Não concluído		Não concluído		Não concluído		Não concluído		Não concluído		Não concluído		Não concluído		Não concluído		Não concluído		Não concluído		Não concluído		Não concluído		Não concluído		Não concluído		Não concluído		Não concluído		Não concluído		Não concluído		Não concluído		Não concluído		Não concluído		Não concluído		Não concluído		Não concluído		Não concluído		Não concluído		Não concluído		Não concluído		Não concluído		Não concluído		Não concluído		Não concluído		Não concluído		Não concluído		Não concluído		Não concluído		Não concluído		Não concluído		Não concluído		Não concluído		Não concluído		Não concluído		Não concluído		Não concluído		Não concluído		Não concluído		Não concluído		Não concluído		Não concluído		Não concluído		Não concluído		Não concluído		Não concluído		Não concluído		Não concluído		Não concluído		Não concluído		Não concluído		Não concluído		Não concluído		Não concluído		Não concluído		Não concluído		Não concluído		Não concluído		Não concluído		Não concluído		Não concluído		Não concluído		Não concluído		Não concluído		Não concluído		Não concluído		Não concluído		Não concluído		Não concluído		Não concluído		Não concluído		Não concluído		Não concluído		Não concluído		Não concluído		Não concluído		Não concluído		Não concluído		Não concluído		Não concluído		Não concluído		Não concluído		Não concluído		Não concluído		Não concluído		Não concluído		Não concluído		Não concluído		Não concluído		Não concluído		Não concluído		Não concluído		Não concluído		Não concluído		Não concluído		Não concluído		Não concluído		Não concluído		Não concluído		Não concluído		Não concluído		Não concluído		Não concluído		Não concluído		Não concluído		Não concluído		Não concluído		Não concluído		Não concluído		Não concluído		Não concluído		Não concluído		Não concluído		Não concluído		Não concluído		Não concluído	
30	c0db920fb3d7c5f4f8942b8bc8bf50c9	Não concluído		Não concluído		Não concluído		Não concluído		Não concluído		Não concluído		Não concluído		Não concluído		Não concluído		Não concluído		Não concluído		Não concluído		Não concluído		Não concluído		Não concluído		Não concluído		Não concluído		Não concluído		Não concluído		Não concluído		Não concluído		Não concluído		Não concluído		Não concluído		Não concluído		Não concluído		Não concluído		Não concluído		Não concluído		Não concluído		Não concluído		Não concluído		Não concluído		Não concluído		Não concluído		Não concluído		Não concluído		Não concluído		Não concluído		Não concluído		Não concluído		Não concluído		Não concluído		Não concluído		Não concluído		Não concluído		Não concluído		Não concluído		Não concluído		Não concluído		Não concluído		Não concluído		Não concluído		Não concluído		Não concluído		Não concluído		Não concluído		Não concluído		Não concluído		Não concluído		Não concluído		Não concluído		Não concluído		Não concluído		Não concluído		Não concluído		Não concluído		Não concluído		Não concluído		Não concluído		Não concluído		Não concluído		Não concluído		Não concluído		Não concluído		Não concluído		Não concluído		Não concluído		Não concluído		Não concluído		Não concluído		Não concluído		Não concluído		Não concluído		Não concluído		Não concluído		Não concluído		Não concluído		Não concluído		Não concluído		Não concluído		Não concluído		Não concluído		Não concluído		Não concluído		Não concluído		Não concluído		Não concluído		Não concluído		Não concluído		Não concluído		Não concluído		Não concluído		Não concluído		Não concluído		Não concluído		Não concluído		Não concluído		Não concluído		Não concluído		Não concluído		Não concluído		Não concluído		Não concluído		Não concluído		Não concluído		Não concluído		Não concluído		Não concluído		Não concluído		Não concluído		Não concluído		Não concluído		Não concluído		Não concluído		Não concluído		Não concluído		Não concluído		Não concluído		Não concluído		Não concluído		Não concluído		Não concluído		Não concluído		Não concluído		Não concluído		Não concluído		Não concluído		Não concluído		Não concluído		Não concluído		Não concluído		Não concluído	
31	59c5d0b23d221befef101f0cfe794f9e	Não concluído		Não concluído		Não concluído		Não concluído		Não concluído		Não concluído		Não concluído		Não concluído		Não concluído		Não concluído		Não concluído		Não concluído		Não concluído		Não concluído		Não concluído		Não concluído		Não concluído		Não concluído		Não concluído		Não concluído		Não concluído		Não concluído		Não concluído		Não concluído		Não concluído		Não concluído		Não concluído		Não concluído		Não concluído		Não concluído		Não concluído		Não concluído		Não concluído		Não concluído		Não concluído		Não concluído		Não concluído		Não concluído		Não concluído		Não concluído		Não concluído		Não concluído		Não concluído		Não concluído		Não concluído		Não concluído		Não concluído		Não concluído		Não concluído		Não concluído		Não concluído		Não concluído		Não concluído		Não concluído		Não concluído		Não concluído		Não concluído		Não concluído		Não concluído		Não concluído		Não concluído		Não concluído		Não concluído		Não concluído		Não concluído		Não concluído		Não concluído		Não concluído		Não concluído		Não concluído		Não concluído		Não concluído		Não concluído		Não concluído		Não concluído		Não concluído		Não concluído		Não concluído		Não concluído		Não concluído		Não concluído		Não concluído		Não concluído		Não concluído		Não concluído		Não concluído		Não concluído		Não concluído		Não concluído		Não concluído		Não concluído		Não concluído		Não concluído		Não concluído		Não concluído		Não concluído		Não concluído		Não concluído		Não concluído		Não concluído		Não concluído		Não concluído		Não concluído		Não concluído		Não concluído		Não concluído		Não concluído		Não concluído		Não concluído		Não concluído		Não concluído		Não concluído		Não concluído		Não concluído		Não concluído		Não concluído		Não concluído		Não concluído		Não concluído		Não concluído		Não concluído		Não concluído		Não concluído		Não concluído		Não concluído		Não concluído		Não concluído		Não concluído		Não concluído		Não concluído		Não concluído		Não concluído		Não concluído		Não concluído		Não concluído		Não concluído		Não concluído		Não concluído		Não concluído		Não concluído		Não concluído		Não concluído		Não concluído	
32	84ab5eb20c20d3e00756c63dcece73e6	Não concluído		Não concluído		Não concluído		Não concluído		Não concluído		Não concluído		Não concluído		Não concluído		Não concluído		Não concluído		Não concluído		Concluído	2025-05-20 01:29:13	Concluído	2025-05-20 01:29:14	Concluído	2025-05-20 01:29:15	Concluído	2025-05-20 01:29:15	Concluído	2025-05-20 01:29:16	Concluído	2025-05-20 01:29:18	Concluído	2025-05-20 01:29:18	Concluído	2025-05-20 01:29:19	Concluído	2025-05-20 01:29:20	Concluído	2025-05-20 01:29:22	Concluído	2025-05-20 01:29:23	Concluído	2025-05-20 01:29:28	Concluído	2025-05-20 10:17:40	Concluído	2025-05-20 10:17:41	Concluído	2025-05-20 10:17:47	Concluído	2025-05-20 10:20:42	Concluído	2025-05-20 10:25:49	Concluído	2025-05-20 10:32:23	Concluído	2025-05-20 10:53:44	Não concluído		Concluído	2025-05-20 10:59:58	Concluído	2025-05-20 11:30:09	Concluído	2025-05-20 11:34:05	Não concluído		Não concluído		Não concluído		Não concluído		Não concluído		Não concluído		Não concluído		Não concluído		Não concluído		Não concluído		Não concluído		Concluído	2025-06-24 09:10:10	Não concluído		Não concluído		Concluído	2025-06-24 09:36:38	Não concluído		Não concluído		Não concluído		Não concluído		Concluído	2025-06-26 18:25:39	Concluído	2025-06-26 18:25:40	Concluído	2025-06-26 18:25:41	Concluído	2025-06-26 18:25:41	Concluído	2025-06-26 18:25:42	Concluído	2025-06-26 18:25:42	Concluído	2025-06-26 18:25:43	Concluído	2025-06-26 18:25:44	Concluído	2025-06-24 10:12:37	Não concluído		Não concluído		Não concluído		Concluído	2025-06-27 09:43:55	Concluído	2025-06-27 09:43:56	Concluído	2025-06-27 11:36:03	Concluído	2025-06-27 11:36:04	Concluído	2025-06-27 11:36:05	Não concluído		Não concluído		Não concluído		Não concluído		Não concluído		Não concluído		Não concluído		Não concluído		Não concluído		Não concluído		Não concluído		Não concluído		Não concluído		Não concluído		Não concluído		Não concluído		Não concluído		Não concluído		Concluído	2025-07-08 16:28:03	Concluído	2025-07-08 16:28:03	Concluído	2025-07-08 16:28:04	Concluído	2025-07-08 16:28:06	Concluído	2025-07-08 16:28:06	Concluído	2025-07-08 16:28:05	Não concluído		Não concluído		Não concluído		Não concluído		Não concluído		Concluído	2025-08-19 12:11:07	Concluído	2025-08-19 12:10:58	Concluído	2025-08-19 12:10:58	Concluído	2025-08-19 12:10:59	Concluído	2025-08-19 12:10:59	Concluído	2025-08-19 12:11:00	Concluído	2025-08-19 12:11:01	Concluído	2025-08-19 12:11:01	Concluído	2025-08-18 09:13:03	Concluído	2025-08-18 09:28:28	Concluído	2025-08-18 09:58:16	Concluído	2025-08-19 09:22:42	Concluído	2025-08-19 09:22:42	Concluído	2025-08-19 09:22:43	Concluído	2025-08-10 21:59:55	Não concluído		Não concluído		Não concluído		Não concluído		Não concluído		Concluído	2025-08-19 12:11:11	Concluído	2025-08-19 12:11:12	Concluído	2025-08-19 12:11:12	Concluído	2025-08-19 12:11:13	Concluído	2025-08-19 12:11:13	Concluído	2025-08-10 22:11:37	Não concluído		Não concluído		Não concluído		Não concluído		Não concluído		Não concluído		Não concluído		Não concluído		Não concluído		Não concluído		Não concluído		Não concluído		Não concluído		Não concluído		Não concluído		Não concluído		Não concluído		Não concluído	
33	5b946594208119aa0ffa124f75a150c3	Não concluído		Não concluído		Não concluído		Não concluído		Não concluído		Não concluído		Não concluído		Não concluído		Não concluído		Não concluído		Não concluído		Não concluído		Não concluído		Não concluído		Não concluído		Não concluído		Não concluído		Não concluído		Não concluído		Não concluído		Não concluído		Não concluído		Não concluído		Não concluído		Não concluído		Não concluído		Não concluído		Não concluído		Não concluído		Não concluído		Não concluído		Não concluído		Não concluído		Não concluído		Não concluído		Não concluído		Não concluído		Não concluído		Não concluído		Não concluído		Não concluído		Não concluído		Não concluído		Não concluído		Não concluído		Não concluído		Não concluído		Não concluído		Não concluído		Não concluído		Não concluído		Não concluído		Não concluído		Não concluído		Não concluído		Não concluído		Não concluído		Não concluído		Não concluído		Não concluído		Não concluído		Não concluído		Não concluído		Não concluído		Não concluído		Não concluído		Não concluído		Não concluído		Não concluído		Não concluído		Não concluído		Não concluído		Não concluído		Não concluído		Não concluído		Não concluído		Não concluído		Não concluído		Não concluído		Não concluído		Não concluído		Não concluído		Não concluído		Não concluído		Não concluído		Não concluído		Não concluído		Não concluído		Não concluído		Não concluído		Não concluído		Não concluído		Não concluído		Não concluído		Não concluído		Não concluído		Não concluído		Não concluído		Não concluído		Não concluído		Não concluído		Não concluído		Não concluído		Não concluído		Não concluído		Não concluído		Não concluído		Não concluído		Não concluído		Não concluído		Não concluído		Não concluído		Não concluído		Não concluído		Não concluído		Não concluído		Não concluído		Não concluído		Não concluído		Não concluído		Não concluído		Não concluído		Não concluído		Não concluído		Não concluído		Não concluído		Não concluído		Não concluído		Não concluído		Não concluído		Não concluído		Não concluído		Não concluído		Não concluído		Não concluído		Não concluído		Não concluído		Não concluído		Não concluído		Não concluído		Não concluído		Não concluído		Não concluído	
34	807f23eada655f8a3cea35e7a7aaa40b	Não concluído		Concluído	2025-07-01 09:59:25	Concluído	2025-05-13 11:50:51	Concluído	2025-05-13 11:52:54	Não concluído		Não concluído		Concluído	2025-05-13 11:53:07	Concluído	2025-05-13 11:53:22	Concluído	2025-05-20 16:03:36	Não concluído		Concluído	2025-06-01 20:27:54	Concluído	2025-05-13 11:54:54	Concluído	2025-05-19 09:36:03	Concluído	2025-05-19 09:36:03	Concluído	2025-05-19 09:36:55	Concluído	2025-05-19 09:36:56	Concluído	2025-05-19 09:35:58	Concluído	2025-05-19 09:35:59	Concluído	2025-05-19 09:37:09	Concluído	2025-05-20 08:36:43	Concluído	2025-06-01 20:28:03	Não concluído		Não concluído		Não concluído		Não concluído		Não concluído		Não concluído		Não concluído		Não concluído		Concluído	2025-05-20 09:00:33	Concluído	2025-05-20 16:02:32	Não concluído		Não concluído		Não concluído		Não concluído		Não concluído		Concluído	2025-05-20 08:36:49	Não concluído		Não concluído		Não concluído		Não concluído		Não concluído	2025-05-20 16:07:17	Não concluído		Não concluído		Não concluído		Concluído	2025-07-11 08:13:54	Não concluído		Não concluído		Concluído	2025-07-11 08:13:57	Não concluído		Não concluído		Não concluído		Não concluído		Não concluído		Não concluído		Não concluído		Não concluído		Não concluído		Não concluído		Não concluído		Não concluído		Concluído	2025-06-23 09:22:10	Não concluído		Concluído	2025-06-05 15:34:41	Não concluído		Não concluído		Não concluído		Não concluído		Não concluído		Não concluído		Não concluído		Não concluído		Não concluído		Não concluído		Não concluído		Não concluído		Não concluído		Não concluído		Não concluído		Não concluído		Concluído	2025-06-27 20:33:27	Não concluído		Não concluído		Não concluído		Não concluído		Não concluído		Não concluído		Não concluído		Não concluído		Não concluído		Não concluído		Não concluído		Não concluído		Concluído	2025-07-11 08:14:07	Não concluído		Não concluído		Não concluído		Não concluído		Não concluído		Não concluído		Não concluído		Não concluído		Não concluído		Não concluído		Não concluído		Não concluído		Não concluído		Não concluído		Não concluído		Não concluído		Não concluído		Não concluído		Não concluído		Concluído	2025-08-05 21:50:36	Não concluído		Não concluído		Não concluído		Não concluído		Não concluído		Não concluído		Não concluído		Não concluído		Não concluído		Não concluído		Concluído	2025-08-05 22:13:43	Não concluído		Não concluído		Não concluído		Não concluído		Não concluído		Não concluído		Não concluído		Não concluído		Não concluído		Não concluído		Não concluído		Não concluído		Não concluído		Não concluído		Não concluído		Não concluído		Não concluído		Não concluído	
35	e3cccd215666bc3c6432920efd824c48	Não concluído		Não concluído		Não concluído		Não concluído		Não concluído		Não concluído		Não concluído		Não concluído		Não concluído		Não concluído		Não concluído		Não concluído		Não concluído		Não concluído		Não concluído		Não concluído		Não concluído		Não concluído		Não concluído		Não concluído		Não concluído		Não concluído		Não concluído		Não concluído		Não concluído		Não concluído		Não concluído		Não concluído		Não concluído		Não concluído		Não concluído		Não concluído		Não concluído		Não concluído		Não concluído		Não concluído		Não concluído		Não concluído		Não concluído		Não concluído		Não concluído		Não concluído		Não concluído		Não concluído		Não concluído		Não concluído		Não concluído		Não concluído		Não concluído		Não concluído		Não concluído		Não concluído		Não concluído		Não concluído		Não concluído		Não concluído		Não concluído		Não concluído		Não concluído		Não concluído		Não concluído		Não concluído		Não concluído		Não concluído		Não concluído		Não concluído		Não concluído		Não concluído		Não concluído		Não concluído		Não concluído		Não concluído		Não concluído		Não concluído		Não concluído		Não concluído		Não concluído		Não concluído		Não concluído		Não concluído		Não concluído		Não concluído		Não concluído		Não concluído		Não concluído		Não concluído		Não concluído		Não concluído		Não concluído		Não concluído		Não concluído		Não concluído		Não concluído		Não concluído		Não concluído		Não concluído		Não concluído		Não concluído		Não concluído		Não concluído		Não concluído		Não concluído		Não concluído		Não concluído		Não concluído		Não concluído		Não concluído		Não concluído		Não concluído		Não concluído		Não concluído		Não concluído		Não concluído		Não concluído		Não concluído		Não concluído		Não concluído		Não concluído		Não concluído		Não concluído		Não concluído		Não concluído		Não concluído		Não concluído		Não concluído		Não concluído		Não concluído		Não concluído		Não concluído		Não concluído		Não concluído		Não concluído		Não concluído		Não concluído		Não concluído		Não concluído		Não concluído		Não concluído		Não concluído		Não concluído		Não concluído		Não concluído		Não concluído	
36	c79a80939697e6dd6f350c7825da5591	Concluído	2025-08-04 10:32:44	Concluído	2025-08-04 10:32:44	Concluído	2025-05-20 15:16:10	Concluído	2025-08-04 10:31:07	Concluído	2025-08-04 10:31:14	Concluído	2025-08-04 10:31:09	Concluído	2025-08-04 10:31:10	Concluído	2025-08-04 10:31:11	Concluído	2025-08-04 10:31:13	Não concluído		Concluído	2025-08-04 10:32:43	Concluído	2025-05-25 18:02:59	Concluído	2025-05-25 18:03:01	Concluído	2025-05-25 18:03:01	Concluído	2025-05-25 18:03:02	Concluído	2025-05-25 18:03:03	Concluído	2025-05-25 18:03:08	Concluído	2025-05-25 18:03:07	Concluído	2025-05-25 18:03:08	Concluído	2025-05-20 15:25:50	Concluído	2025-05-25 18:03:11	Concluído	2025-05-25 18:03:12	Concluído	2025-05-25 18:03:14	Concluído	2025-05-25 18:03:13	Concluído	2025-05-25 18:03:13	Concluído	2025-05-25 18:03:14	Concluído	2025-05-25 18:03:16	Concluído	2025-05-25 18:03:18	Concluído	2025-05-25 18:03:23	Concluído	2025-05-25 18:21:49	Concluído	2025-05-20 16:01:02	Concluído	2025-05-25 18:21:50	Concluído	2025-05-25 18:21:51	Concluído	2025-05-25 18:21:51	Concluído	2025-05-25 18:21:52	Concluído	2025-05-25 18:21:52	Concluído	2025-05-25 18:35:01	Concluído	2025-05-25 19:17:13	Concluído	2025-05-25 19:17:13	Concluído	2025-05-25 19:17:12	Concluído	2025-05-25 19:17:12	Concluído	2025-05-25 19:12:28	Concluído	2025-05-25 19:12:29	Concluído	2025-05-25 19:12:29	Concluído	2025-05-25 19:12:30	Concluído	2025-08-04 10:32:29	Concluído	2025-05-25 19:12:30	Concluído	2025-05-25 19:12:31	Concluído	2025-08-04 10:32:30	Concluído	2025-05-25 19:12:38	Concluído	2025-05-25 19:12:35	Concluído	2025-08-04 10:32:36	Concluído	2025-08-04 10:32:37	Concluído	2025-06-01 20:34:05	Concluído	2025-05-27 21:20:43	Concluído	2025-05-27 21:33:14	Concluído	2025-06-10 21:17:04	Concluído	2025-06-10 21:17:05	Concluído	2025-06-10 21:17:05	Concluído	2025-06-10 21:17:06	Concluído	2025-06-10 21:17:06	Concluído	2025-06-10 21:17:07	Concluído	2025-05-27 22:14:38	Concluído	2025-05-27 22:14:39	Concluído	2025-06-27 18:43:34	Concluído	2025-06-27 14:14:15	Concluído	2025-06-27 14:31:33	Concluído	2025-06-27 14:45:37	Concluído	2025-06-27 14:58:58	Concluído	2025-06-27 15:01:01	Concluído	2025-06-27 18:43:35	Não concluído		Concluído	2025-07-29 15:50:41	Concluído	2025-07-29 15:50:41	Concluído	2025-06-27 22:34:47	Concluído	2025-06-27 22:34:47	Concluído	2025-06-27 22:34:48	Concluído	2025-06-27 22:34:48	Concluído	2025-06-27 22:34:49	Concluído	2025-06-27 22:34:49	Concluído	2025-06-27 22:34:50	Concluído	2025-06-27 22:34:53	Concluído	2025-06-27 22:34:54	Concluído	2025-06-27 18:44:19	Concluído	2025-07-29 15:50:44	Concluído	2025-07-29 15:50:46	Concluído	2025-07-29 15:50:45	Concluído	2025-07-29 15:42:03	Concluído	2025-07-29 15:42:06	Concluído	2025-07-29 15:42:07	Concluído	2025-07-29 15:42:08	Concluído	2025-07-29 15:42:11	Concluído	2025-07-29 15:42:12	Concluído	2025-07-29 15:42:23	Concluído	2025-07-29 15:42:16	Concluído	2025-07-29 15:42:18	Concluído	2025-07-29 15:42:19	Concluído	2025-07-29 15:42:20	Concluído	2025-08-04 08:31:50	Concluído	2025-08-04 08:31:48	Concluído	2025-08-04 08:31:51	Concluído	2025-08-04 08:31:53	Concluído	2025-08-04 08:31:54	Concluído	2025-08-04 08:31:55	Concluído	2025-08-04 08:31:58	Concluído	2025-08-04 08:32:02	Concluído	2025-08-04 08:32:04	Concluído	2025-08-04 08:32:06	Concluído	2025-08-04 08:32:07	Concluído	2025-08-04 10:30:46	Concluído	2025-08-04 10:30:46	Concluído	2025-08-04 10:30:47	Concluído	2025-08-04 10:30:47	Concluído	2025-08-13 15:46:14	Concluído	2025-08-04 10:30:48	Concluído	2025-08-04 10:30:49	Concluído	2025-08-04 10:30:50	Concluído	2025-08-04 10:30:51	Concluído	2025-08-04 10:30:51	Concluído	2025-08-13 15:46:17	Concluído	2025-08-13 15:46:18	Concluído	2025-08-13 15:46:20	Concluído	2025-08-13 15:46:23	Concluído	2025-08-13 15:46:22	Concluído	2025-08-17 21:47:21	Concluído	2025-08-13 15:46:29	Concluído	2025-08-13 15:46:33	Concluído	2025-08-13 15:46:32	Concluído	2025-08-13 15:46:35	Concluído	2025-08-13 15:46:39	Concluído	2025-08-17 21:47:20	Concluído	2025-08-23 08:56:12	Concluído	2025-08-23 08:56:14	Concluído	2025-08-23 08:56:17	Não concluído		Não concluído		Não concluído		Não concluído		Não concluído		Não concluído		Não concluído		Não concluído		Não concluído	
38	8923ca5511a65755c044b52cc3b16244	Não concluído		Não concluído		Não concluído		Não concluído		Não concluído		Concluído	2025-08-26 15:55:51	Não concluído		Não concluído		Não concluído		Não concluído		Concluído	2025-05-08 06:37:57	Não concluído		Não concluído		Não concluído		Não concluído		Não concluído		Não concluído		Não concluído		Não concluído		Não concluído		Não concluído		Não concluído		Não concluído		Não concluído		Não concluído		Não concluído		Não concluído		Não concluído		Não concluído		Não concluído		Não concluído		Não concluído		Não concluído		Não concluído		Não concluído		Não concluído		Concluído	2025-06-22 20:40:32	Não concluído		Não concluído		Não concluído		Concluído	2025-05-20 15:28:52	Não concluído		Não concluído		Não concluído		Não concluído		Não concluído		Não concluído		Não concluído		Não concluído		Não concluído		Não concluído		Não concluído		Não concluído		Não concluído		Não concluído		Não concluído		Não concluído		Não concluído		Não concluído		Não concluído		Não concluído		Não concluído		Não concluído		Não concluído		Não concluído		Não concluído		Não concluído		Não concluído		Não concluído		Não concluído		Não concluído		Não concluído		Não concluído		Não concluído		Não concluído		Não concluído		Não concluído		Não concluído		Não concluído		Não concluído		Não concluído		Não concluído		Não concluído		Não concluído		Não concluído		Não concluído		Não concluído		Não concluído		Não concluído		Não concluído		Não concluído		Não concluído		Não concluído		Não concluído		Não concluído		Não concluído		Não concluído		Não concluído		Não concluído		Não concluído	2025-07-26 19:09:29	Concluído	2025-07-26 19:09:31	Não concluído		Não concluído		Não concluído		Não concluído		Não concluído		Não concluído		Não concluído		Não concluído		Não concluído		Não concluído		Não concluído		Não concluído		Não concluído		Não concluído		Não concluído		Não concluído		Não concluído		Não concluído		Não concluído		Não concluído		Não concluído		Não concluído		Não concluído		Não concluído		Não concluído		Não concluído		Não concluído		Não concluído		Não concluído		Não concluído		Concluído	2025-08-22 22:14:31	Não concluído		Não concluído		Não concluído		Não concluído		Não concluído		Não concluído		Não concluído		Não concluído		Não concluído		Não concluído		Não concluído	
39	ec794a66edd32ad609b9476c84c57a54	Não concluído		Não concluído		Não concluído		Não concluído		Não concluído		Não concluído		Não concluído		Não concluído		Não concluído		Não concluído		Não concluído		Não concluído		Não concluído		Não concluído		Não concluído		Não concluído		Não concluído		Não concluído		Não concluído		Não concluído		Não concluído		Não concluído		Não concluído		Não concluído		Não concluído		Não concluído		Não concluído		Não concluído		Não concluído		Não concluído		Não concluído		Não concluído		Não concluído		Não concluído		Não concluído		Não concluído		Não concluído		Não concluído		Não concluído		Não concluído		Não concluído		Não concluído		Não concluído		Não concluído		Não concluído		Não concluído		Não concluído		Não concluído		Não concluído		Não concluído		Não concluído		Não concluído		Não concluído		Não concluído		Não concluído		Não concluído		Não concluído		Não concluído		Não concluído		Não concluído		Não concluído		Não concluído		Não concluído		Não concluído		Não concluído		Não concluído		Não concluído		Não concluído		Não concluído		Não concluído		Não concluído		Não concluído		Não concluído		Não concluído		Não concluído		Não concluído		Não concluído		Não concluído		Não concluído		Não concluído		Não concluído		Não concluído		Não concluído		Não concluído		Não concluído		Não concluído		Não concluído		Não concluído		Não concluído		Não concluído		Não concluído		Não concluído		Não concluído		Não concluído		Não concluído		Não concluído		Não concluído		Não concluído		Não concluído		Não concluído		Não concluído		Não concluído		Não concluído		Não concluído		Não concluído		Não concluído		Não concluído		Não concluído		Não concluído		Não concluído		Não concluído		Não concluído		Não concluído		Não concluído		Não concluído		Não concluído		Não concluído		Não concluído		Não concluído		Não concluído		Não concluído		Não concluído		Não concluído		Não concluído		Não concluído		Não concluído		Não concluído		Não concluído		Não concluído		Não concluído		Não concluído		Não concluído		Não concluído		Não concluído		Não concluído		Não concluído		Não concluído		Não concluído		Não concluído		Não concluído		Não concluído		Não concluído		Não concluído	
40	4e2295a4d5ac297f776c7ebd69f5d6c6	Não concluído		Não concluído		Não concluído		Não concluído		Não concluído		Não concluído		Não concluído		Não concluído		Não concluído		Não concluído		Não concluído		Não concluído		Não concluído		Não concluído		Não concluído		Não concluído		Não concluído		Não concluído		Não concluído		Não concluído		Não concluído		Não concluído		Não concluído		Não concluído		Não concluído		Não concluído		Não concluído		Não concluído		Não concluído		Não concluído		Não concluído		Não concluído		Não concluído		Não concluído		Não concluído		Não concluído		Não concluído		Não concluído		Não concluído		Não concluído		Não concluído		Não concluído		Não concluído		Não concluído		Não concluído		Não concluído		Não concluído		Não concluído		Não concluído		Não concluído		Não concluído		Não concluído		Não concluído		Não concluído		Não concluído		Não concluído		Não concluído		Não concluído		Não concluído		Não concluído		Não concluído		Não concluído		Não concluído		Não concluído		Não concluído		Não concluído		Não concluído		Não concluído		Não concluído		Não concluído		Não concluído		Não concluído		Não concluído		Não concluído		Não concluído		Não concluído		Não concluído		Não concluído		Não concluído		Não concluído		Não concluído		Não concluído		Não concluído		Não concluído		Não concluído		Não concluído		Não concluído		Não concluído		Não concluído		Não concluído		Não concluído		Não concluído		Não concluído		Não concluído		Não concluído		Não concluído		Não concluído		Não concluído		Não concluído		Não concluído		Não concluído		Não concluído		Não concluído		Não concluído		Não concluído		Não concluído		Não concluído		Não concluído		Não concluído		Não concluído		Não concluído		Não concluído		Não concluído		Não concluído		Não concluído		Não concluído		Não concluído		Não concluído		Não concluído		Não concluído		Não concluído		Não concluído		Não concluído		Não concluído		Não concluído		Não concluído		Não concluído		Não concluído		Não concluído		Não concluído		Não concluído		Não concluído		Não concluído		Não concluído		Não concluído		Não concluído		Não concluído		Não concluído		Não concluído		Não concluído		Não concluído		Não concluído		Não concluído	
41	a366f0126dbe4e69a0d9f8de33f5f2bb	Não concluído		Não concluído		Não concluído		Não concluído		Não concluído		Não concluído		Não concluído		Não concluído		Não concluído		Não concluído		Não concluído		Não concluído		Não concluído		Não concluído		Não concluído		Não concluído		Não concluído		Não concluído		Não concluído		Concluído	2025-07-03 15:37:42	Não concluído		Não concluído		Não concluído		Não concluído		Não concluído		Não concluído		Não concluído		Não concluído		Não concluído		Concluído	2025-07-03 15:38:26	Não concluído		Não concluído		Não concluído		Não concluído		Não concluído		Não concluído		Concluído	2025-07-03 15:38:44	Não concluído		Não concluído		Não concluído		Não concluído		Não concluído		Não concluído		Não concluído		Não concluído		Concluído	2025-06-24 14:00:05	Não concluído		Não concluído		Concluído	2025-06-24 14:09:11	Não concluído		Não concluído		Não concluído		Não concluído		Não concluído		Não concluído		Não concluído		Não concluído		Não concluído		Não concluído		Não concluído		Não concluído		Concluído	2025-06-24 13:59:17	Não concluído		Não concluído		Não concluído		Não concluído		Não concluído		Não concluído		Não concluído		Não concluído		Não concluído		Não concluído		Não concluído		Não concluído		Não concluído		Não concluído		Não concluído		Não concluído		Não concluído		Não concluído		Não concluído		Não concluído		Não concluído		Não concluído		Não concluído		Não concluído		Não concluído		Não concluído		Não concluído		Não concluído		Não concluído		Não concluído		Não concluído		Concluído	2025-08-26 19:54:57	Não concluído		Não concluído		Não concluído		Não concluído		Não concluído		Não concluído		Não concluído		Não concluído		Não concluído		Não concluído		Não concluído		Não concluído		Não concluído		Não concluído		Não concluído		Não concluído		Não concluído		Não concluído		Não concluído		Não concluído		Não concluído		Não concluído		Não concluído		Não concluído		Não concluído		Não concluído		Não concluído		Não concluído		Não concluído		Não concluído		Não concluído		Não concluído		Não concluído		Não concluído		Não concluído		Não concluído		Não concluído		Não concluído		Não concluído		Não concluído		Não concluído		Não concluído		Não concluído		Não concluído		Não concluído		Não concluído		Concluído	2025-08-26 19:57:03	Não concluído		Não concluído	
42	f78d8da3c24de47dfa059bb30033aacd	Não concluído		Não concluído		Não concluído		Não concluído		Não concluído		Não concluído		Não concluído		Não concluído		Não concluído		Não concluído		Não concluído		Concluído	2025-05-20 15:32:12	Concluído	2025-05-20 15:32:13	Concluído	2025-05-20 15:32:13	Concluído	2025-05-20 15:32:15	Concluído	2025-05-20 15:32:15	Concluído	2025-05-20 15:32:17	Concluído	2025-05-20 15:32:18	Concluído	2025-05-20 15:32:58	Concluído	2025-05-21 22:18:19	Concluído	2025-05-21 22:18:20	Concluído	2025-05-21 22:18:20	Concluído	2025-05-21 22:18:21	Concluído	2025-05-21 22:18:21	Concluído	2025-05-21 22:18:22	Concluído	2025-05-21 22:18:22	Concluído	2025-05-21 22:18:23	Concluído	2025-05-21 22:18:24	Concluído	2025-05-21 22:22:34	Concluído	2025-05-21 22:22:34	Concluído	2025-05-21 22:22:51	Concluído	2025-05-21 22:22:51	Concluído	2025-05-21 22:22:52	Concluído	2025-05-21 22:22:53	Concluído	2025-05-21 22:22:53	Concluído	2025-05-21 22:22:54	Concluído	2025-05-21 22:26:31	Concluído	2025-05-21 22:26:33	Concluído	2025-05-21 22:26:33	Concluído	2025-05-21 22:26:34	Concluído	2025-05-21 22:26:35	Não concluído		Não concluído		Não concluído		Não concluído		Não concluído		Não concluído		Não concluído		Não concluído		Não concluído		Não concluído		Não concluído		Não concluído		Não concluído		Não concluído		Não concluído		Não concluído		Não concluído		Não concluído		Não concluído		Não concluído		Não concluído		Não concluído		Não concluído		Não concluído		Não concluído		Não concluído		Não concluído		Não concluído		Não concluído		Não concluído		Não concluído		Não concluído		Não concluído		Não concluído		Não concluído		Não concluído		Não concluído		Não concluído		Não concluído		Não concluído		Não concluído		Não concluído		Não concluído		Não concluído		Não concluído		Não concluído		Não concluído		Não concluído		Não concluído		Não concluído		Não concluído		Não concluído		Não concluído		Não concluído		Não concluído		Não concluído		Não concluído		Não concluído		Não concluído		Não concluído		Não concluído		Não concluído		Não concluído		Não concluído		Não concluído		Não concluído		Não concluído		Não concluído		Não concluído		Não concluído		Não concluído		Não concluído		Não concluído		Não concluído		Não concluído		Não concluído		Não concluído		Não concluído		Não concluído		Não concluído		Não concluído		Não concluído		Não concluído		Não concluído		Não concluído		Não concluído		Não concluído		Não concluído		Não concluído		Não concluído		Não concluído		Não concluído		Não concluído		Não concluído		Não concluído		Não concluído		Não concluído		Não concluído		Não concluído		Não concluído		Não concluído		Não concluído	
43	38ce6ea8d8929357507d7192bc533b74	Não concluído		Não concluído		Não concluído		Não concluído		Não concluído		Não concluído		Não concluído		Não concluído		Não concluído		Não concluído		Não concluído		Não concluído		Não concluído		Não concluído		Não concluído		Não concluído		Não concluído		Não concluído		Não concluído		Não concluído		Não concluído		Não concluído		Não concluído		Não concluído		Não concluído		Não concluído		Não concluído		Não concluído		Não concluído		Não concluído		Não concluído		Não concluído		Não concluído		Não concluído		Não concluído		Não concluído		Não concluído		Não concluído		Não concluído		Não concluído		Não concluído		Concluído	2025-06-24 15:50:50	Não concluído		Não concluído		Não concluído		Não concluído		Não concluído		Não concluído		Não concluído		Não concluído		Não concluído		Não concluído		Não concluído		Não concluído		Não concluído		Não concluído		Não concluído		Não concluído		Não concluído		Não concluído		Não concluído		Não concluído		Não concluído		Não concluído		Não concluído		Não concluído		Não concluído		Não concluído		Não concluído		Não concluído		Não concluído		Não concluído		Não concluído		Não concluído		Não concluído		Não concluído		Não concluído		Não concluído		Não concluído		Não concluído		Não concluído		Não concluído		Não concluído		Não concluído		Não concluído		Não concluído		Não concluído		Não concluído		Não concluído		Não concluído		Não concluído		Não concluído		Não concluído		Não concluído		Não concluído		Não concluído		Não concluído		Não concluído		Não concluído		Não concluído		Não concluído		Não concluído		Não concluído		Não concluído		Não concluído		Não concluído		Não concluído		Não concluído		Não concluído		Não concluído		Não concluído		Não concluído		Não concluído		Não concluído		Não concluído		Não concluído		Não concluído		Não concluído		Não concluído		Não concluído		Não concluído		Não concluído		Não concluído		Não concluído		Não concluído		Não concluído		Não concluído		Não concluído		Não concluído		Não concluído		Não concluído		Não concluído		Não concluído		Não concluído		Não concluído		Não concluído		Não concluído		Não concluído		Não concluído		Não concluído		Não concluído		Não concluído		Não concluído	
44	1e513a697b7c315685463c9543f92f2d	Concluído	2025-05-27 15:19:26	Concluído	2025-05-27 15:19:20	Concluído	2025-05-27 15:19:09	Concluído	2025-05-27 15:19:11	Concluído	2025-08-05 14:52:15	Concluído	2025-08-05 14:52:16	Concluído	2025-05-27 15:19:13	Concluído	2025-05-12 10:36:28	Concluído	2025-05-12 10:36:15	Não concluído		Concluído	2025-05-27 15:19:19	Concluído	2025-06-27 20:21:22	Concluído	2025-06-27 20:47:12	Concluído	2025-06-27 20:47:13	Concluído	2025-06-27 20:47:13	Concluído	2025-06-27 20:47:14	Concluído	2025-05-27 15:20:09	Concluído	2025-08-05 14:52:27	Concluído	2025-08-05 14:52:29	Concluído	2025-08-05 14:52:31	Concluído	2025-08-05 14:52:35	Concluído	2025-08-05 14:52:36	Concluído	2025-08-05 14:52:37	Concluído	2025-08-05 14:52:38	Concluído	2025-08-05 14:52:39	Concluído	2025-08-05 14:52:41	Concluído	2025-08-05 14:52:42	Concluído	2025-08-05 14:52:44	Concluído	2025-08-05 14:52:45	Concluído	2025-08-05 14:52:47	Concluído	2025-08-05 14:52:48	Concluído	2025-08-05 14:52:50	Concluído	2025-08-05 14:52:50	Concluído	2025-08-05 14:52:51	Concluído	2025-08-05 14:52:52	Concluído	2025-08-05 14:52:56	Concluído	2025-08-05 14:52:57	Concluído	2025-08-05 14:53:02	Concluído	2025-08-05 14:53:01	Concluído	2025-08-05 14:53:02	Concluído	2025-08-05 14:53:04	Concluído	2025-08-05 14:53:06	Concluído	2025-08-05 14:53:07	Concluído	2025-08-05 14:53:08	Concluído	2025-08-05 14:53:12	Concluído	2025-08-05 14:53:14	Concluído	2025-08-05 14:53:15	Concluído	2025-08-05 14:53:16	Concluído	2025-08-05 14:53:18	Concluído	2025-08-05 14:53:29	Concluído	2025-08-05 14:53:30	Concluído	2025-08-05 14:53:32	Concluído	2025-08-05 14:53:33	Concluído	2025-08-05 14:53:35	Concluído	2025-08-05 14:53:37	Concluído	2025-08-05 14:53:38	Concluído	2025-08-05 14:53:39	Concluído	2025-08-05 14:53:40	Concluído	2025-08-05 14:53:41	Concluído	2025-08-05 14:53:43	Concluído	2025-08-05 14:53:45	Concluído	2025-08-05 14:53:46	Concluído	2025-08-05 14:53:49	Concluído	2025-08-05 14:53:50	Concluído	2025-08-05 14:53:53	Concluído	2025-08-05 14:53:54	Concluído	2025-08-05 14:53:55	Concluído	2025-08-05 14:53:56	Concluído	2025-08-05 14:53:58	Concluído	2025-08-05 14:54:01	Concluído	2025-08-05 14:54:03	Não concluído		Concluído	2025-08-05 14:54:05	Concluído	2025-08-05 14:54:06	Concluído	2025-08-05 14:54:10	Concluído	2025-08-05 14:54:11	Concluído	2025-08-05 14:54:13	Concluído	2025-08-05 14:54:14	Concluído	2025-08-05 14:54:15	Concluído	2025-08-05 14:54:16	Concluído	2025-08-05 14:54:18	Concluído	2025-08-05 14:54:31	Concluído	2025-08-05 14:54:32	Concluído	2025-08-05 14:54:36	Concluído	2025-08-05 14:54:40	Concluído	2025-08-05 14:54:41	Concluído	2025-08-05 14:54:42	Concluído	2025-08-07 15:59:04	Concluído	2025-08-07 15:59:06	Concluído	2025-08-07 15:59:07	Concluído	2025-08-07 15:59:08	Concluído	2025-08-07 15:59:10	Concluído	2025-08-07 15:59:11	Concluído	2025-08-07 15:59:12	Concluído	2025-08-19 15:39:06	Concluído	2025-08-19 15:39:08	Concluído	2025-08-19 15:39:10	Concluído	2025-08-19 15:39:12	Concluído	2025-08-25 18:47:48	Concluído	2025-08-19 15:41:21	Concluído	2025-08-19 15:41:23	Concluído	2025-08-19 15:41:24	Concluído	2025-08-19 15:41:25	Concluído	2025-08-19 15:41:26	Concluído	2025-08-19 15:41:33	Concluído	2025-08-19 15:41:34	Concluído	2025-08-19 15:41:36	Concluído	2025-08-19 15:41:37	Concluído	2025-08-19 15:41:38	Concluído	2025-08-19 15:41:40	Concluído	2025-08-19 15:41:58	Concluído	2025-08-19 15:42:02	Concluído	2025-08-19 15:42:04	Concluído	2025-08-19 15:42:05	Concluído	2025-08-19 15:42:10	Concluído	2025-08-19 15:42:12	Concluído	2025-08-19 15:42:13	Concluído	2025-08-19 15:42:15	Concluído	2025-08-19 15:42:16	Concluído	2025-08-19 15:42:18	Concluído	2025-08-19 15:42:19	Concluído	2025-08-19 15:42:20	Concluído	2025-08-19 15:42:22	Concluído	2025-08-19 15:42:24	Concluído	2025-08-19 15:42:26	Concluído	2025-08-19 15:42:29	Concluído	2025-08-19 15:45:25	Concluído	2025-08-19 15:45:26	Concluído	2025-08-19 15:45:27	Concluído	2025-08-19 15:45:29	Concluído	2025-08-19 15:45:31	Não concluído		Não concluído		Não concluído		Não concluído		Não concluído		Não concluído		Não concluído		Não concluído		Não concluído		Não concluído		Não concluído		Não concluído	
45	ed2e3d8d4c56eab5fda471388a7a68ce	Não concluído		Não concluído		Não concluído		Não concluído		Não concluído		Não concluído		Não concluído		Não concluído		Não concluído		Não concluído		Não concluído		Não concluído		Não concluído		Não concluído		Não concluído		Não concluído		Não concluído		Não concluído		Não concluído		Não concluído		Não concluído		Não concluído		Não concluído		Não concluído		Não concluído		Não concluído		Não concluído		Não concluído		Não concluído		Não concluído		Não concluído		Não concluído		Não concluído		Não concluído		Não concluído		Não concluído		Não concluído		Não concluído		Não concluído		Não concluído		Não concluído		Não concluído		Não concluído		Não concluído		Não concluído		Não concluído		Não concluído		Não concluído		Não concluído		Não concluído		Não concluído		Não concluído		Não concluído		Não concluído		Não concluído		Não concluído		Não concluído		Não concluído		Não concluído		Não concluído		Não concluído		Não concluído		Não concluído		Não concluído		Não concluído		Não concluído		Não concluído		Não concluído		Não concluído		Não concluído		Não concluído		Não concluído		Não concluído		Não concluído		Não concluído		Não concluído		Não concluído		Não concluído		Não concluído		Não concluído		Não concluído		Não concluído		Não concluído		Não concluído		Não concluído		Não concluído		Não concluído		Não concluído		Não concluído		Não concluído		Não concluído		Não concluído		Não concluído		Não concluído		Não concluído		Não concluído		Não concluído		Não concluído		Não concluído		Concluído	2025-08-12 16:13:13	Não concluído		Não concluído		Não concluído		Não concluído		Não concluído		Não concluído		Não concluído		Não concluído		Não concluído		Não concluído		Não concluído		Não concluído		Não concluído		Não concluído		Não concluído		Não concluído		Não concluído		Não concluído		Não concluído		Não concluído		Não concluído		Não concluído		Não concluído		Não concluído		Não concluído		Não concluído		Não concluído		Não concluído		Não concluído		Não concluído		Não concluído		Não concluído		Não concluído		Não concluído		Não concluído		Não concluído		Não concluído		Não concluído		Não concluído		Não concluído		Não concluído		Não concluído		Não concluído	
46	16e11cfffc0cddb9a07dc582c8e062dc	Não concluído		Não concluído		Não concluído		Não concluído		Não concluído		Não concluído		Não concluído		Não concluído		Não concluído		Não concluído		Não concluído		Não concluído		Não concluído		Não concluído		Não concluído		Não concluído		Não concluído		Não concluído		Não concluído		Não concluído		Não concluído		Não concluído		Não concluído		Não concluído		Não concluído		Não concluído		Não concluído		Não concluído		Não concluído		Não concluído		Concluído	2025-05-20 15:27:54	Não concluído		Não concluído		Não concluído		Não concluído		Não concluído		Não concluído		Não concluído		Não concluído		Não concluído		Não concluído		Não concluído		Não concluído		Não concluído		Não concluído		Não concluído		Não concluído		Não concluído		Não concluído		Não concluído		Não concluído		Não concluído		Não concluído		Não concluído		Não concluído		Não concluído		Não concluído		Não concluído		Não concluído		Não concluído		Não concluído		Não concluído		Não concluído		Não concluído		Concluído	2025-06-17 15:49:15	Não concluído		Não concluído		Não concluído		Não concluído		Não concluído		Não concluído		Não concluído		Não concluído		Não concluído		Não concluído		Não concluído		Não concluído		Não concluído		Não concluído		Não concluído		Não concluído		Não concluído		Não concluído		Não concluído		Não concluído		Não concluído		Não concluído		Não concluído		Não concluído		Não concluído		Não concluído		Não concluído		Não concluído		Não concluído		Não concluído		Não concluído		Não concluído		Não concluído		Não concluído		Não concluído		Não concluído		Não concluído		Não concluído		Não concluído		Não concluído		Não concluído		Não concluído		Não concluído		Não concluído		Não concluído		Não concluído		Não concluído		Não concluído		Não concluído		Não concluído		Não concluído		Não concluído		Não concluído		Não concluído		Não concluído		Não concluído		Não concluído		Não concluído		Não concluído		Não concluído		Não concluído		Não concluído		Não concluído		Não concluído		Não concluído		Não concluído		Não concluído		Não concluído		Não concluído		Não concluído		Não concluído		Não concluído		Não concluído		Não concluído		Não concluído		Não concluído		Não concluído		Não concluído	
47	fb2f61ea3361a7201ff2afc62985461a	Não concluído		Não concluído		Não concluído		Não concluído		Não concluído		Não concluído		Não concluído		Não concluído		Não concluído		Não concluído		Não concluído		Concluído	2025-05-17 19:31:27	Concluído	2025-05-17 19:35:35	Concluído	2025-05-17 19:41:59	Concluído	2025-05-17 19:46:35	Concluído	2025-05-17 19:49:13	Concluído	2025-05-17 19:51:25	Concluído	2025-05-17 20:05:25	Concluído	2025-05-17 20:18:10	Concluído	2025-05-17 20:42:04	Concluído	2025-05-17 20:47:19	Concluído	2025-05-17 21:19:38	Concluído	2025-05-17 21:26:46	Concluído	2025-05-17 21:37:10	Concluído	2025-05-17 21:42:24	Concluído	2025-05-19 09:31:13	Concluído	2025-05-19 09:36:36	Concluído	2025-05-19 09:50:04	Concluído	2025-05-19 10:01:58	Concluído	2025-05-19 23:46:52	Concluído	2025-05-19 23:46:53	Concluído	2025-05-19 10:28:19	Concluído	2025-05-19 10:48:27	Concluído	2025-05-19 10:54:19	Concluído	2025-05-19 23:39:20	Concluído	2025-05-19 23:39:20	Concluído	2025-05-19 23:39:21	Não concluído		Não concluído		Não concluído		Não concluído		Concluído	2025-06-24 16:39:17	Concluído	2025-06-24 16:11:12	Concluído	2025-06-24 16:39:15	Concluído	2025-06-24 16:39:16	Concluído	2025-06-23 20:45:42	Concluído	2025-06-24 16:39:19	Concluído	2025-06-24 16:39:19	Concluído	2025-06-23 20:52:26	Não concluído		Não concluído		Não concluído		Não concluído		Concluído	2025-06-24 17:09:56	Concluído	2025-06-24 17:09:45	Concluído	2025-06-24 17:09:46	Concluído	2025-06-24 17:09:53	Concluído	2025-06-24 17:09:52	Concluído	2025-06-24 17:09:54	Concluído	2025-06-24 17:09:51	Concluído	2025-06-24 17:09:50	Concluído	2025-06-23 20:52:44	Não concluído		Não concluído		Não concluído		Não concluído		Não concluído		Não concluído		Não concluído		Não concluído		Não concluído		Não concluído		Não concluído		Não concluído		Não concluído		Não concluído		Não concluído		Não concluído		Não concluído		Não concluído		Concluído	2025-06-27 22:31:57	Não concluído		Não concluído		Não concluído		Não concluído		Não concluído		Não concluído		Não concluído		Não concluído		Não concluído		Não concluído		Não concluído		Não concluído		Concluído	2025-07-08 14:56:05	Não concluído		Não concluído		Não concluído		Não concluído		Não concluído		Não concluído		Não concluído		Não concluído		Não concluído		Não concluído		Não concluído		Não concluído		Não concluído		Não concluído		Não concluído		Não concluído		Não concluído		Não concluído		Não concluído		Concluído	2025-08-02 14:51:22	Não concluído		Não concluído		Não concluído		Não concluído		Não concluído		Não concluído		Não concluído		Não concluído		Não concluído		Não concluído		Concluído	2025-08-16 15:10:13	Não concluído		Não concluído		Não concluído		Não concluído		Não concluído		Não concluído		Não concluído		Não concluído		Não concluído		Não concluído		Não concluído		Não concluído		Não concluído		Não concluído		Não concluído		Não concluído		Não concluído		Não concluído	
49	ac5dcf53f3ce6daf47589a2f73f00c00	Não concluído		Não concluído		Não concluído		Não concluído		Não concluído		Não concluído		Não concluído		Não concluído		Não concluído		Não concluído		Não concluído		Não concluído		Não concluído		Não concluído		Não concluído		Não concluído		Não concluído		Não concluído		Não concluído		Não concluído		Não concluído		Não concluído		Não concluído		Não concluído		Não concluído		Não concluído		Não concluído		Não concluído		Não concluído		Não concluído		Não concluído		Não concluído		Não concluído		Não concluído		Não concluído		Não concluído		Não concluído		Não concluído		Não concluído		Não concluído		Não concluído		Não concluído		Não concluído		Não concluído		Não concluído		Não concluído		Não concluído		Não concluído		Não concluído		Não concluído		Não concluído		Não concluído		Não concluído		Não concluído		Não concluído		Não concluído		Não concluído		Não concluído		Não concluído		Não concluído		Não concluído		Não concluído		Não concluído		Não concluído		Não concluído		Não concluído		Não concluído		Não concluído		Não concluído		Não concluído		Não concluído		Não concluído		Não concluído		Não concluído		Não concluído		Não concluído		Não concluído		Não concluído		Não concluído		Não concluído		Não concluído		Não concluído		Não concluído		Não concluído		Não concluído		Não concluído		Não concluído		Concluído	2025-08-14 09:39:21	Não concluído		Não concluído		Não concluído		Não concluído		Não concluído		Não concluído	2025-08-02 17:39:39	Não concluído		Não concluído		Não concluído		Não concluído		Concluído	2025-08-17 19:36:44	Concluído	2025-08-17 19:39:54	Não concluído		Não concluído		Não concluído		Não concluído		Não concluído		Não concluído		Não concluído		Não concluído		Não concluído		Não concluído		Não concluído		Não concluído		Não concluído		Não concluído		Não concluído		Não concluído		Não concluído		Não concluído		Não concluído		Não concluído		Não concluído		Não concluído		Não concluído		Não concluído		Não concluído		Não concluído		Não concluído		Não concluído		Não concluído		Não concluído		Não concluído		Não concluído		Não concluído		Não concluído		Não concluído		Não concluído		Não concluído		Não concluído		Não concluído		Não concluído		Não concluído		Não concluído		Não concluído	
50	c84426778d83da8184b66899d5056414	Não concluído		Não concluído		Não concluído		Não concluído		Não concluído		Não concluído		Não concluído		Não concluído		Não concluído		Não concluído		Não concluído		Não concluído		Não concluído		Não concluído		Não concluído		Não concluído		Não concluído		Não concluído		Não concluído		Não concluído		Não concluído		Não concluído		Não concluído		Não concluído		Não concluído		Não concluído		Não concluído		Não concluído		Não concluído		Não concluído		Não concluído		Não concluído		Não concluído		Não concluído		Não concluído		Não concluído		Não concluído		Não concluído		Não concluído		Não concluído		Não concluído		Não concluído		Não concluído		Não concluído		Não concluído		Não concluído		Não concluído		Não concluído		Não concluído		Não concluído		Não concluído		Não concluído		Não concluído		Não concluído		Não concluído		Não concluído		Não concluído		Não concluído		Não concluído		Não concluído		Não concluído		Não concluído		Não concluído		Não concluído		Não concluído		Não concluído		Não concluído		Não concluído		Não concluído		Não concluído		Não concluído		Não concluído		Não concluído		Não concluído		Não concluído		Não concluído		Não concluído		Não concluído		Não concluído		Não concluído		Não concluído		Não concluído		Não concluído		Não concluído		Não concluído		Não concluído		Não concluído		Não concluído		Não concluído		Não concluído		Não concluído		Não concluído		Não concluído		Não concluído		Não concluído		Não concluído		Não concluído		Não concluído		Não concluído		Não concluído		Não concluído		Não concluído		Não concluído		Não concluído		Não concluído		Não concluído		Não concluído		Não concluído		Não concluído		Não concluído		Não concluído		Não concluído		Não concluído		Não concluído		Não concluído		Não concluído		Não concluído		Não concluído		Não concluído		Não concluído		Não concluído		Não concluído		Não concluído		Não concluído		Não concluído		Não concluído		Não concluído		Não concluído		Não concluído		Não concluído		Não concluído		Não concluído		Não concluído		Não concluído		Não concluído		Não concluído		Não concluído		Não concluído		Não concluído		Não concluído		Não concluído		Não concluído		Não concluído	
51	3d1ac83e7833cff28d41165180f79c0a	Não concluído		Não concluído		Concluído	2025-05-20 15:33:55	Não concluído		Não concluído		Não concluído		Não concluído		Não concluído		Não concluído		Não concluído		Não concluído		Não concluído		Não concluído		Não concluído		Não concluído		Não concluído		Não concluído		Não concluído		Não concluído		Não concluído		Não concluído		Não concluído		Não concluído		Não concluído		Não concluído		Não concluído		Não concluído		Não concluído		Não concluído		Não concluído		Não concluído		Não concluído		Não concluído		Não concluído		Não concluído		Não concluído		Não concluído		Não concluído		Não concluído		Não concluído		Não concluído		Não concluído		Não concluído		Não concluído		Não concluído		Não concluído		Não concluído		Não concluído		Não concluído		Não concluído		Não concluído		Não concluído		Não concluído		Não concluído		Não concluído		Não concluído		Não concluído		Não concluído		Não concluído		Não concluído		Não concluído		Não concluído		Não concluído		Não concluído		Não concluído		Não concluído		Não concluído		Não concluído		Não concluído		Não concluído		Não concluído		Não concluído		Não concluído		Não concluído		Não concluído		Não concluído		Não concluído		Não concluído		Não concluído		Não concluído		Não concluído		Não concluído		Não concluído		Não concluído		Não concluído		Não concluído		Não concluído		Não concluído		Não concluído		Não concluído		Não concluído		Não concluído		Não concluído		Não concluído		Não concluído		Não concluído		Não concluído		Não concluído		Não concluído		Não concluído		Não concluído		Não concluído		Não concluído		Não concluído		Não concluído		Não concluído		Não concluído		Não concluído		Não concluído		Não concluído		Não concluído		Não concluído		Não concluído		Não concluído		Não concluído		Não concluído		Não concluído		Não concluído		Não concluído		Não concluído		Não concluído		Não concluído		Não concluído		Não concluído		Não concluído		Não concluído		Não concluído		Não concluído		Não concluído		Não concluído		Não concluído		Não concluído		Não concluído		Não concluído		Não concluído		Não concluído		Não concluído		Não concluído		Não concluído		Não concluído		Não concluído		Não concluído		Não concluído	
52	e2eaec63d128bac85dbf285b4c81f42f	Não concluído		Não concluído		Não concluído		Não concluído		Não concluído		Não concluído		Não concluído		Não concluído		Não concluído		Não concluído		Não concluído		Não concluído		Não concluído		Não concluído		Não concluído		Não concluído		Não concluído		Não concluído		Não concluído		Não concluído		Não concluído		Não concluído		Não concluído		Não concluído		Não concluído		Não concluído		Não concluído		Não concluído		Não concluído		Não concluído		Não concluído		Não concluído		Não concluído		Não concluído		Não concluído		Não concluído		Não concluído		Não concluído		Não concluído		Não concluído		Não concluído		Não concluído		Não concluído		Não concluído		Não concluído		Não concluído		Não concluído		Não concluído		Não concluído		Não concluído		Não concluído		Não concluído		Não concluído		Não concluído		Não concluído		Não concluído		Não concluído		Não concluído		Não concluído		Não concluído		Não concluído		Não concluído		Não concluído		Não concluído		Não concluído		Não concluído		Não concluído		Não concluído		Não concluído		Não concluído		Não concluído		Não concluído		Não concluído		Não concluído		Não concluído		Não concluído		Não concluído		Não concluído		Não concluído		Não concluído		Não concluído		Não concluído		Não concluído		Não concluído		Não concluído		Não concluído		Não concluído		Não concluído		Não concluído		Não concluído		Não concluído		Não concluído		Não concluído		Não concluído		Não concluído		Não concluído		Não concluído		Não concluído		Não concluído		Não concluído		Não concluído		Não concluído		Não concluído		Não concluído		Não concluído		Não concluído		Não concluído		Não concluído		Não concluído		Não concluído		Não concluído		Não concluído		Não concluído		Não concluído		Não concluído		Não concluído		Não concluído		Não concluído		Não concluído		Não concluído		Não concluído		Não concluído		Não concluído		Não concluído		Não concluído		Não concluído		Não concluído		Não concluído		Não concluído		Não concluído		Não concluído		Não concluído		Não concluído		Não concluído		Não concluído		Não concluído		Não concluído		Não concluído		Não concluído		Não concluído		Não concluído		Não concluído		Não concluído	
53	63b7e7c4405090ffdf69db561dd35b78	Não concluído		Não concluído		Não concluído		Não concluído		Não concluído		Não concluído		Não concluído		Não concluído		Não concluído		Não concluído		Não concluído		Não concluído		Não concluído		Não concluído		Não concluído		Não concluído		Não concluído		Não concluído		Não concluído		Não concluído		Não concluído		Não concluído		Não concluído		Não concluído		Não concluído		Não concluído		Não concluído		Não concluído		Não concluído		Não concluído		Não concluído		Não concluído		Não concluído		Não concluído		Não concluído		Não concluído		Não concluído		Não concluído		Não concluído		Não concluído		Não concluído		Não concluído		Não concluído		Não concluído		Não concluído		Não concluído		Não concluído		Não concluído		Não concluído		Não concluído		Não concluído		Não concluído		Não concluído		Não concluído		Não concluído		Não concluído		Não concluído		Não concluído		Não concluído		Não concluído		Não concluído		Não concluído		Não concluído		Não concluído		Não concluído		Não concluído		Não concluído		Não concluído		Não concluído		Não concluído		Não concluído		Não concluído		Não concluído		Não concluído		Não concluído		Não concluído		Não concluído		Não concluído		Não concluído		Não concluído		Não concluído		Não concluído		Não concluído		Não concluído		Não concluído		Não concluído		Não concluído		Não concluído		Não concluído		Não concluído		Não concluído		Não concluído		Não concluído		Não concluído		Não concluído		Não concluído		Não concluído		Não concluído		Não concluído		Não concluído		Não concluído		Não concluído		Não concluído		Não concluído		Não concluído		Não concluído		Não concluído		Não concluído		Não concluído		Não concluído		Não concluído		Não concluído		Não concluído		Não concluído		Não concluído		Não concluído		Não concluído		Não concluído		Não concluído		Não concluído		Não concluído		Não concluído		Não concluído		Não concluído		Não concluído		Não concluído		Não concluído		Não concluído		Não concluído		Não concluído		Não concluído		Não concluído		Não concluído		Não concluído		Não concluído		Não concluído		Não concluído		Não concluído		Não concluído		Não concluído		Não concluído		Não concluído		Não concluído	
